text,label,cleaned_text
"hari ini untuk pertama kali yang dalam hidupku, aku nyobain warout sebelum saur dan aku mau share ke kalian kelebihan, kekurangan, dan kira-kira ini cocoknya buat siapa oke, pertama kelebihan yang aku rasain adalah aku bisa minum pas lagi jeda saat warout jadi hidrasinya tetap terjaga selain itu juga setelah selesai warout, aku bisa langsung isi energi dengan makan saur kelebihan yang aku rasain adalah pas pagi-pagi kayak jam 7 jam 8 jam 9 gitu bodoh aku soger banget ya gak lemes ataupun capek kekurangannya adalah so wajar kali yang antuk siang-siang tuh nah kekurang lainnya adalah waktu waroutnya mepet tadi pagi aku cuma dapet sekitar 40-45 menit buat waroutnya karena abis warout, aku harus masak buat saur oke itu plus dan minus yang aku rasain ya kalau kalian pernah warout sebelum saur, coba komen di bawah kalian sama gak? kelebihan yang kekurangannya nah lanjut, cocoknya buat siapa ini? nah menurutku ini cocoknya buat orang yang waktu sore sampai malamnya itu padet misalkan sore-sore cari takjil atau buka puasa di mesjid abis itu mageri pan di mesjid, terus malamnya abis sola terawet pada rusan sampai malam makanya gak ada waktu buat warout nah kalau misalkan kalian mau nyoba warout ini, aku saranin cobanya pas hari Libur ya ini aku nyobanya di hari minggu BTV tujuannya adalah biar kalian tuh bisa evaluasi badan kalian dulu lah dari pagi sampai sorenya tuh gimana kira-kira cocok atau gak? kalau misalkan respon badan kalian cocok, bagus, landutin tapi kalau misalkan gak cocok, ganti waktu lain aja dah gitu itu si videonya, share kalau bernama faat, stay hard",6,"kali hidupku, nyobain warout saur share kelebihan, kekurangan, kirakira cocoknya oke, kelebihan rasain minum pas jeda warout hidrasinya terjaga selesai warout, langsung isi energi makan saur kelebihan rasain pas pagipagi kayak jam jam jam gitu bodoh soger banget lemes capek kekurangannya wajar kali antuk siangsiang tuh kekurang waroutnya mepet pagi dapet menit waroutnya habis warout, masak saur oke plus minus rasain warout saur, coba komen tidak? kelebihan kekurangannya lanjut, cocoknya ini? menurutku cocoknya orang sore malamnya padet soresore cari takjil buka puasa mesjid habis mageri pan mesjid, malamnya habis sola terawet rusan malam warout nyoba warout ini, saranin cobanya pas libur nyobanya minggu btv tujuannya tuh evaluasi badan pagi sorenya tuh gimana kirakira cocok tidak? respon badan cocok, bagus, landutin cocok, ganti aja dah gitu videonya, share bernama faat, stay hard"
lakuin pemanasan ini biar kaki kalian gak cedera pertama kalian bisa loncat-loncat kecil lalu teku kaki ke depan dan uruskan ke belakang kedua kalian bisa lari-lari kecil dan lari menyamping seperti ini ya lalu putar-putar kaki seperti ini kemudian kalian juga bisa lakukan gerakan sehadaw raket seperti ini gimana? udah siap cobain dilapangan? jangan perfollow ya,4,lakuin pemanasan kaki cedera loncatloncat teku kaki uruskan larilari lari menyamping putarputar kaki lakukan gerakan sehadaw raket gimana? cobain dilapangan? perfollow
apa ini John? Start dari UGM Malioboro Gori Gori Masuk ke Banting Fredeburg depan istana 4 kilo losespeachenee saya Gothic,4,john? start ugm malioboro gori gori masuk banting fredeburg istana kilo losespeachenee gothic
"Let me tell you. I'm a fan of this girl and you know I'm a fan of this girl. If you look at her, you'll find me. I'm a fan of this girl. What's good, good job. You put tonight's guest fiction on my side. No good job. You and I may go good job. I tell you that. Tell you that. You tell me girl. I tell you that. Tell you that. You tell me girl. I'm the one. You know that good thing. So I'll give her what you do. So girl, you look good. I'm a shaman. You go girl. I love you.",4,"let tell you. fan girl know fan girl. look her, youll find me. fan girl. whats good, good job. put tonights guest fiction side. good job. may good job. tell that. tell that. tell girl. tell that. tell that. tell girl. one. know good thing. ill give do. girl, look good. shaman. girl. love you."
"bisa nembak ini, panel saka remotor apa? kayak punya motor kecil ya tapi bukan ini, panel saka remotor yang R25 R25, generasi ketiga jadi sederhana apa? yang kecil banget dimensinya dan tombol domainya juga sedikit ya ini buat PSB, melampu jauh dekat sen dan klakson dan klaksonnya ini agak unik ya karena di posisinya bagian dalamnya jadi kalau belum biasa, klakson itu kayak nyari-nyari gitu mana sih? terus yang di sisi kanan ini juga sederhana aja hanya ada button jingkatok, restartar jadi 1 dan hasil di bagian bawah sederhana badan, gasnya masih mekanis ya jadi masih pakai kabel gas jadi belum terlalu banyak ini benerannya kecil, makanya motornya itu banyak ya belum yang kayak pakai model gas spontan yang bisa gede gitu ya, jadi menter-besar jadi motornya sedikit karena ini jadi banyak banget jadi ya, untuk R1250C punya R25 ini mengtergolong sederhana apa? yang saya pernah saka lalu malah kayak miliknya MT15 terima kasih sudah menonton",6,"nembak ini, panel saka remotor apa? kayak motor ini, panel saka remotor generasi ketiga sederhana apa? banget dimensinya tombol domainya psb, melampu sen klakson klaksonnya unik posisinya dalamnya biasa, klakson kayak nyarinyari gitu sih? sisi kanan sederhana aja button jingkatok, restartar hasil sederhana badan, gasnya mekanis pakai kabel gas benerannya kecil, motornya kayak pakai model gas spontan gede gitu ya, menterbesar motornya banget ya, mengtergolong sederhana apa? saka kayak miliknya terima kasih menonton"
"Hai, gue mau bertanya sesuatu yang sangat penting buat gue Tolong, tolong dengarkan bagian-bagian Gue suka banget baju ini, ya kan Kalau kamu tau, gue suka banget velvet sama satunya Gak tau kenapa, pokoknya baju gue gitu-gitu mu lu biasanya Jangan tanya linknya, kaga ada linknya gue gak beli disini Dan gue udah beli bertonton-tonton yang lalu Jadi gue sangat berharap masih punya ini Dia kayak dres panjang oversize gitu, pokoknya gue suka ini Dan ada hoodie-nya juga, ya sering banget gue pakai Tapi ini kayak makin lama makin mengganggu karena Gue beli ini pas covid, dan gue ga tahu kamu tau Tapi baju gue tuh kayak kebanyakan pas covid kan, kayak Baju yang lo beli tuh datang dengan bahan-tambahan Ya kan, seperti berikutnya nih gitu Kayak beginian ada maskernya, babe Susah juga makanya ya Gitu, begitu kira-kira ya Gue bilang dia baju ninja, ya tau Karena untuk lmasker tambahan aja, ya kan Untuk tidak, kalau kayak begini kayak baik, ya kan Tolong, jemakannya jangan berantakan, ya mama, gitu Repot Ini benar-benar memakai gue Pen gue gunting Tapi apa yang maksud gue, gue benar-benar maksud gue gunting Gue ga akan bawa dia ke Tukang Jaitan, gue mau sebat Pasti gue gunting sendiri, dan gue ga tahu kalau itu akan buat lebih teruk Atau akan seperti... Ah, ga tau gue sebulan pasti, soalnya gue tolong kasih tau nih gue di Umin aja Kayak ya udah pasra aja, selama tidak ada yang tau ya Atau kayak gunting aja, dan aja berguna Itu saja, ga penting gue gue gunting-gunting, karena gue pikir tentang ini selama 3 hari Terima kasih, bye",7,"hai, tolong, tolong dengarkan bagianbagian suka banget baju ini, tahu, suka banget velvet satunya kenapa, pokoknya baju gitugitu linknya, kaga linknya beli beli bertontontonton berharap kayak dres oversize gitu, pokoknya suka hoodienya juga, banget pakai kayak mengganggu beli pas covid, baju tuh kayak kebanyakan pas covid kan, kayak baju beli tuh bahantambahan kan, nih gitu kayak maskernya, babe susah gitu, kirakira bilang baju ninja, lmasker tambahan aja, tidak, kayak kayak baik, tolong, jemakannya berantakan, mama, gitu repot benarbenar memakai pen gunting maksud saya, benarbenar maksud gunting bawa tukang jaitan, sebat gunting sendiri, teruk seperti.. ah, sebulan pasti, tolong kasih nih umin aja kayak pasra aja, kayak gunting aja, aja berguna saja, guntinggunting, pikir terima kasih, bye"
"Pemukaan Pekan Olaraga Provinsi DKI Jakarta dan sekaligus Pekan Olaraga Pelajar DKI Jakarta untuk persiapan Pekan Olaraga Nasional Atlet yang mengikuti 1504 dari 6 Milayah, 5 Kota dan 1 Kabupaten dan saya menaruh harapan yang cukup tinggi agar Pekan Olaraga Pelajar ini berhasil berlangsung secara baik dan menghasilkan atlet-atlet agar siap untuk bertanding di Pekan Olaraga Pelajar Nasional karena bagaimanapun DKI Jakarta selalu menjadi barometer dari persiwa Olaraga dan berbagai persiwa yang lainnya kami mengharapkan agar dinas Olaraga dan juga Kondi Jakarta mempersiapkan betul untuk Pekan Olaraga Pelajar Nasional yang akan diadakan pada bulan November maka dengan memikian hari ini saya sengaja hadir untuk memberikan semangat mudah-mudahan 10 cabang yang dipertandingkan berlangsung dengan baik saya melihat Kondi Jakarta dan juga dinas Olaraga Jakarta sudah berlangsung sangat baik dan yang surpres buat saya pribadi adalah hadir juga ketua umum Kondi Pusat ini menandakan bahwa Jakarta dalam persiapan Olaraga di berbagai event kita akan menyelenggarakan dengan baik dan mudah-mudahan sekali lagi akan menghasilkan atlet-atlet pelajar nasional yang berasa dari Jakarta jadi Bob Nas awalnya akan diadakan di Aceh dan Medan tetapi karena sesuatu dan lain hal akhirnya dibidahkan di Jakarta dan Jakarta siap sanggup untuk melaksanakan itu dan surat keputusan dari Kementerian Olaraga sudah keluar maka nanti pada bulan November kami sudah siap untuk menyelenggarakan",2,"pemukaan pekan olaraga provinsi dki jakarta pekan olaraga pelajar dki jakarta persiapan pekan olaraga nasional atlet mengikuti milayah, kota kabupaten menaruh harapan pekan olaraga pelajar berhasil menghasilkan atletatlet bertanding pekan olaraga pelajar nasional dki jakarta barometer persiwa olaraga persiwa mengharapkan dinas olaraga kondi jakarta pekan olaraga pelajar nasional diadakan november memikian sengaja hadir semangat mudahmudahan cabang dipertandingkan kondi jakarta dinas olaraga jakarta surpres pribadi hadir ketua kondi pusat menandakan jakarta persiapan olaraga event menyelenggarakan mudahmudahan menghasilkan atletatlet pelajar nasional berasa jakarta bob nas diadakan aceh medan dibidahkan jakarta jakarta sanggup melaksanakan surat keputusan kementerian olaraga november menyelenggarakan"
"Did Indonesians just turn the One Piece flag into a symbol of protest against their government? Well, it's August, meaning that it's Independence Month in Indonesia. And as per tradition, usually people would put up the Indonesian flag everywhere. But this year, apparently, some people are not in the mood to raise the Indonesian flag out of disappointment for their government. Instead, they're raising the One Piece Jolly Roger flag, inspired by the trend that's apparently been happening in Indonesian social media. To this, the Coordinating Minister for Political and Security Affairs says that it's provocative and undermines the dignity of the Indonesian flag, and even hinted at possible criminal charges. Other GOLTAR members even said that this can be considered as treason. Funnily, according to several media analysis, this One Piece flag-raising trend started at the end of July as a form of funsies. So there's no political undertone, it's just people like One Piece fans wanting to rep their favorite anime. So what probably happened is that the trend got big. One or two people joined in as a form of political expression. They got interviewed by the media. The story blew up and the government took it seriously, now it blew out of proportion, and the joke is writing itself. But then again, One Piece has always been political, let's be real. It talks a lot about justice and freedom, and the flag actually symbolizes a form of freedom that question the state definition of good and evil. The one piece that One Piece himself frees a lot of islands from Tyrant and can be seen as a symbol of liberation. One Piece does deal with a lot of political subjects such as racism, nationalism, corrupt government, erasers of history, persecution of intellectualism, and I mean, if the shoes fit, let's be real. Fiction has always been used as a form of medium to communicate resistance and protest all around the world. One Piece has been famous as a song to Fee for Fandetta, to the symbol from Hunger Game, and apparently now the One Piece flag. Not only that, fandom has also been playing an active role in movement all around the world, including Indonesia. Indonesia itself is home to a large anime community and fandom, including One Piece obviously, and has already been using anime talk to communicate their frustration towards the government, to talk politics, and basically engage in politics. Some people are communicating and engaging in their country very differently, as culture and communication mesh more and more with pop culture, meme culture, the internet, social media, and fandom world. It's memeable, it's accessible, and it's basically political literacy, just not the type that the older generation is familiar with. Maybe the revolution won't be televised, but it will be tweeted, clipped, streamed, and stitched. The government should understand that demonizing this form of expression will not do anything but amplify it, because you cannot stop culture. Instead of playing defensive, maybe the government should take a long hard look in the mirror on why some people refuse to raise the Indonesian flag during the Independence Day. Because when even the people who produce this I Love Indonesia meme are disillusioned, maybe something is definitely wrong. But honestly, maybe they're just mad because the flag is scary, you know, it's black, it has a skull, so may I suggest a more palatable flag instead?",0,"indonesians turn one piece flag symbol protest government? well, august, meaning independence month indonesia. tradition, usually people would put indonesian flag everywhere. year, apparently, people mood raise indonesian flag disappointment government. instead, theyre raising one piece jolly roger flag, inspired trend thats apparently happening indonesian social media. this, coordinating minister political security affairs says provocative undermines dignity indonesian flag, even hinted possible criminal charges. goltar members even said considered treason. funnily, according several media analysis, one piece flagraising trend started end july form funsies. theres political undertone, people like one piece fans wanting rep favorite anime. probably happened trend got big. one two people joined form political expression. got interviewed media. story blew government took seriously, blew proportion, joke writing itself. again, one piece always political, lets real. talks lot justice freedom, flag actually symbolizes form freedom question state definition good evil. one piece one piece frees lot islands tyrant seen symbol liberation. one piece deal lot political subjects racism, nationalism, corrupt government, erasers history, persecution intellectualism, mean, shoes fit, lets real. fiction always used form medium communicate resistance protest around world. one piece famous song fee fandetta, symbol hunger permainan, apparently one piece flag. that, fandom also playing active role movement around world, including indonesia. indonesia home large anime community fandom, including one piece obviously, already using anime talk communicate frustration towards government, talk politics, basically engage politics. people communicating engaging country differently, culture communication mesh pop culture, meme culture, internet, social media, fandom world. memeable, accessible, basically political literacy, type older generation familiar with. maybe revolution wont televised, tweeted, clipped, streamed, stitched. government understand demonizing form expression anything amplify it, cannot stop culture. instead playing defensive, maybe government take long hard look mirror people refuse raise indonesian flag independence day. even people produce love indonesia meme disillusioned, maybe something definitely wrong. honestly, maybe theyre mad flag scary, know, black, skull, may suggest palatable flag instead?"
"menjemur bayi yang kaya dulu, yang tanpa baju, telanjang gula dan lain-lain itu meningkatkan risiko kanker kulit. Oke. Betul sekali, menjemur bayi tanpa pakaian. Memang bisa meningkatkan risiko. Penyakit seperti pilih hinggakan kanker kulit. Akibat banyaknya mitos. Yang beredar, ikatan dokter Indonesia membagikan cara menjemur bayi yang tepat seperti berikut. Satu, menjemur dalam waktu yang singkat. PDA menyerangkan untuk menjemur. Bayi dibawa sinar matahari selama 10 hingga 15 menit aja waktu menjemur yang terbaik. Dibawah jam 10 pagi dan diatas. Jam 4 sore, karena radiasi sinar yuf, tenderung rendah. Dua, tidak perlu lepas pakaian. Menurut anjuran IDEI, saat dijemur. Bayi boleh pakai baju dan tobia, walaupun menggunakan pakaian. Sinar matahari tetap masuk dan mendapat vitamin D. Tiga, gunakan kaca mata. Sebaik hindari menjemur bayi, langsung dibawah sinar matahari, karena bisa mempengaruhi retina. Matasi kecil loh. Gimana? Sekarang Mums Jati. Tau kan caranya yang benar?",6,"menjemur bayi kaya dulu, baju, telanjang gula lainlain meningkatkan risiko kanker kulit. oke. sekali, menjemur bayi pakaian. meningkatkan risiko. penyakit pilih hinggakan kanker kulit. akibat banyaknya mitos. beredar, ikatan dokter indonesia membagikan menjemur bayi berikut. satu, menjemur singkat. pda menyerangkan menjemur. bayi dibawa sinar matahari menit aja menjemur terbaik. dibawah jam pagi diatas. jam sore, radiasi sinar yuf, tenderung rendah. dua, lepas pakaian. anjuran idei, dijemur. bayi pakai baju tobia, pakaian. sinar matahari masuk vitamin tiga, kaca mata. hindari menjemur bayi, langsung dibawah sinar matahari, mempengaruhi retina. matasi loh. gimana? mums jati. benar?"
"Hai, apakah kalian inget kemarin, gue sempet nanya kalau lo tau produk yang semacam lipgloss atau lipglase yang benar-benar tebel sampai nutup bibir lo yang kayak benar-benar juicy, gloss, basah sampai kayak mirror effect gitu lho tau kan ya kan nah, sepertinya gue menemukan kesukaan gue dan ini produk lokal, parah banget ini dari From This Island, kayanya produk barunya ya ini adalah Plumping Lip Butter kita akan pakai yang Classic Nude tentunya tapi ada 4 warna, jangan khawatir semoga kamu beneran bagus banget, jadi gue udah enggak... oh my god jadi gue udah enggak perlu nyari produk lagi, astaga wanginya enak banget hmm, do you see that? oh my god lah yaudah inilah, inilah yang gue cari produk lokal, bagaimana sih astaga? dia bilang plumping ya, tapi di gue sih tidak ada berasa kayak cekit-cekit atau effect plumping biasanya kan I'm not a big fan of plumping lip gloss or lip product apalagi kayak ginian kan you have to like put tons of layers on them biasanya bukan yang cuma sekali swipe gitu lho jadi kalau plumping tuh biasanya akan sangat makin berasa and I don't like that tapi ini enggak berasa cekit-cekit sama sekali, it's super comfortable kalau memang ada effect plumpingnya juga ya, alhamdulillah, but it's super comfortable and as you can see, I think it covers my lips pretty well gue seneng banget nih parah, apakah kita perlu coba semua warnanya? yaudah deh gue seneng banget, kacau yang ini namanya Sweet Peach udah gitu packagingnya juga kayak gampang banget dipakainya ya kan kalau Aaron tuh gue beli, gue udah bikin videonya kan yang kayak super murah gue beli online macam-macam gitu karena kemarin gue susah banget, lama banget ya kan ngeluarin produknya, drives me crazy tapi ini, hahah, tidak ada masalah alhamdulillah back lah, it's not my favorite color but it's still comfortable dan tidak seorang gonjreng itu gitu masih sangat manusiawi ya kan terus yang ini adalah pink sugar ini kan apa gue jadi bikin swatches ya, padahal tadi gue cuma mau pamer dong karena bagus jadi saya kayak, yaudah gue coba ini semuanya wow, ini juga bukan biasanya color favorit saya tapi masih cakep dipakainya, yang gak sih? dan ini memang gue pakai agak tebel ya, karena gue coba lihat coverage tapi kalau lo pakai agak tipis ya lebih natural lagi keliatannya ini sangat bagus dan yang terakhir adalah cold brew nah, nah, dia wangi nya enak banget, btw, kaya wangi kue gitu nggak ada rasanya ya, seperti biasa apa-apa tuh harus dicoba ya kan tuh, yang ini juga bagus, yang gasing ya jadi begitu lah dari 4 warna ini tentunya ya sudah barang tentu yang paling gue suka adalah, yang nude pokoknya gue suka banget sama dia, ini adalah produk yang udah gue cari bare bulan-bulan par banget tau-tau produk lokal kacau banget ya sih, harganya jauh lebih murah dari yang gue incar ya kan dan karena dia lokal tentunya availability-nya sangat tinggi ada dimana-mana, it's just perfect, you know, I love this",4,"hai, inget kemarin, sempet nanya produk lipgloss lipglase benarbenar tebel nutup bibir kayak benarbenar juicy, gloss, basah kayak mirror effect gitu lho nah, menemukan kesukaan produk lokal, parah banget island, kayanya produk barunya plumping lip butter pakai classic nude warna, khawatir semoga beneran bagus banget, enggak.. god nyari produk lagi, astaga wanginya enak banget hmm, see that? god yaudah inilah, cari produk lokal, sih astaga? bilang plumping ya, sih berasa kayak cekitcekit effect plumping big fan plumping lip gloss lip product kayak ginian like put tons layers swipe gitu lho plumping tuh berasa dont like berasa cekitcekit sekali, super comfortable effect plumpingnya ya, alhamdulillah, super comfortable see, think covers lips pretty well seneng banget nih parah, coba warnanya? yaudah deh seneng banget, kacau namanya sweet peach gitu packagingnya kayak gampang banget dipakainya aaron tuh beli, videonya kayak super murah beli online macammacam gitu kemarin susah banget, banget ngeluarin produknya, drives crazy ini, hahah, alhamdulillah back lah, favorite color still comfortable gonjreng gitu manusiawi pink sugar swatches ya, pamer bagus kayak, yaudah coba wow, color favorit cakep dipakainya, sih? pakai tebel ya, coba lihat coverage pakai tipis natural keliatannya bagus cold brew nah, nah, wangi nya enak banget, btw, kaya wangi kue gitu ya, apaapa tuh dicoba tuh, bagus, gasing warna barang suka adalah, nude pokoknya suka banget dia, produk cari bare bulanbulan par banget tahutahu produk lokal kacau banget sih, harganya murah incar lokal availabilitynya dimanamana, perfect, know, love"
"ini kokir banget temen-temen ada motor itu sih, kudang-angkut ya bentuknya unik banget, kan di bawah ini bateranya kudang-angkut gitu yang belakang ini adalah soret kuat di bagnya ya buat naro barang cuma yang keren adalah, lihat nih, sobeker belakangnya ada emang guys tia-tia sih 3, 23, kok kill ga? berdoa-berhafi duty ini mau bawa barang saya berat apa? kuat ya wah kok kill, kok kill, kok kill terus unik juga nih, sampai ke depannya pakai motor spot ya panjang gitu, depan deklanjangnya, ini bener-bener motor untuk angkut ya keren sih, konsepnya ya kayak gila, dipikirin itu kan buat bawa-bawa barang kalau Indonesia mau udah udah refo, udah kasih kerantang di belakang, kelar kan tapi kalau di China sana, ternyata dipikirin sampai sedetar ini",6,"kokir banget temanteman motor sih, kudangangkut bentuknya unik banget, bateranya kudangangkut gitu soret kuat bagnya naro barang keren adalah, lihat nih, sobeker belakangnya emang guys tiatia sih kill tidak? berdoaberhafi duty bawa barang berat apa? kuat kill, kill, kill unik nih, depannya pakai motor spot gitu, deklanjangnya, benerbener motor angkut keren sih, konsepnya kayak sangat, dipikirin bawabawa barang indonesia refo, kasih kerantang belakang, kelar china sana, dipikirin sedetar"
"Hai, hari ini gue mau memberi kabar super gembira banget Apakah kalian tahu bahwa lipstik kecintaan sejuta umat ini Si Maybelline Superstay Vinyl Ink Dia tadinya udah punya 18 warna ya kan Itu aja gue udah siwur banget udah bingung banget Banyak banget yang gue suka Dan sekarang dia nambahin 2 warna terbaru Jadi sekarang totalnya ada 20 warna, luar biasa Dari dulu yang paling gue suka banget ada 3 Yang pertama adalah peachy, dia kayak nude pink gitu cakab banget Dan gue juga suka cheeky Ini menurut gue paling mirip sama warna bibir asli gue Dan yang paling gue suka dari semuanya My all time favorite adalah intriguing Ini cakab banget, ini yang gue pakai sekarang Dan ini adalah 2 warna terbarunya Ini golden dan ini austra Warna super nutup dan ketahanannya udah gak usah dibahas lagi ya Kayaknya semua orang udah tau nih tahan super lama I'm just gonna like coba tes di tisu Kaga ada bekasnya sama sekali Dan dia nyaman banget dipakainya super duper, ga beras apa-apa, parbat Jadi begitu lah banyak banget pilihannya Dan sekarang semakin banyak lagi dengan 2 warna terbarunya Jadi ada banyak pilihan yang bisa luas dengan mereka, itu bagus",2,"hai, kabar super gembira banget lipstik kecintaan sejuta umat maybelline superstay vinyl ink warna aja siwur banget bingung banget banget suka nambahin warna terbaru totalnya warna, suka banget peachy, kayak nude pink gitu cakab banget suka cheeky warna bibir asli suka time favorite intriguing cakab banget, pakai warna terbarunya golden austra warna super nutup ketahanannya dibahas kayaknya orang nih tahan super gonna like coba tes tisu kaga bekasnya nyaman banget dipakainya super duper, beras apaapa, parbat banget pilihannya warna terbarunya pilihan luas mereka, bagus"
"Alhamdulillah ya Allah, agak poin hari ini kita melakukan kedepan seperti yang saya katakan, kami melakukan semua kembalian segalanya untuk Indonesia Terima kasih, ayo",7,"alhamdulillah allah, poin kedepan katakan, kembalian indonesia terima kasih, ayo"
"jadi saya di challenge melawan Varel, anak saya yang berusia 14 tahun challenge saya, challenge drifting menggunakan mobil ini siapa yang lebih jago drifting saya atau dia? dan videonya sudah tayang di channel YouTube Fitraeri serta ada yang spesial di video tersebut karena ada giveaway VELK HSR F-A04 yang kami pakai ini yang ini adalah VELK special order yang pertama dibuat untuk Civic Type R saya sekarang sudah ada versi produksi masalahnya ada 3 set HSR F-A04 yang akan di giveaway ke anda caranya bagaimana ada di video tersebut jadi silakan tonton videonya, lihat siapa yang menangan tersebut dan Varel dan semoga anda yang mendapatkan HSR F-A04 ini",4,"challenge melawan varel, anak berusia challenge saya, challenge drifting mobil jago drifting dia? videonya tayang channel youtube fitraeri spesial video giveaway velk hsr pakai velk special order civic type versi produksi set hsr giveaway video silakan tonton videonya, lihat menangan varel semoga hsr"
sedikit tips buat kalian yang suka jalan kaki-paki atau jogging di jalan pendisahannya gak terlalu lebar kayak gini nih usahain kalian jalannya tuh di sebelah kanan ya atau berlawanan dari kendaraan bermotor jadi kalian bisa lihat tuh di depan kalian ada mobil atau motor atau apa yang lewat jadi kalian tinggal minggir ke sebelah sini nih ini contohnya nih aku minggir nih set nahh itu maksudnya tapi kalo misalnya kan di sebelah kiri kalian gak tau di belakang kalian ada apa dan kalian harus nengok-nengok terus ke belakang itu gak enak tapi tetap sebetulnya tips terbaik itu adalah kalian cari lapangan atau jogging trek yang lebih proper buat jalan kaki atau jogging tapi kalo gak bisa hangat gak ada dan bisa di jalan pendisahannya kayak gini yaudah jalan di kanan ya semoga beram fat woohoo,4,tips suka jalan kakipaki jogging jalan pendisahannya lebar kayak gini nih usahain jalannya tuh sebelah kanan berlawanan kendaraan bermotor lihat tuh mobil motor tinggal minggir sebelah nih contohnya nih minggir nih set nahh maksudnya sebelah kiri nengoknengok enak tips terbaik cari lapangan jogging trek proper jalan kaki jogging hangat jalan pendisahannya kayak gini yaudah jalan kanan semoga beram fat woohoo
"Hai kalian mau lihat ikan gajah? sini, sini aku tunjukin nah ini dia ikan gajah karena dia punya belakang yang makanya disebut dengan ikan gajah atau elephant nose fish ikan ini asli dari afrika dan dapat mengeluarkan aliran listrik tapi aliran listriknya gak dipake untuk membunuh mangsa seperti electric eel ya karena aliran listriknya dikeluarkan sangat lemah sehingga hanya digunakan untuk bernafidasi, komunikasi, dan mencari mangsa. Nah, balalahnya ini sebenarnya punya nama loh, ada yang tahu gak nama nyapa",5,"hai lihat ikan gajah? sini, tunjukin ikan gajah ikan gajah elephant nose fish ikan asli afrika mengeluarkan aliran listrik aliran listriknya dipake membunuh mangsa electric eel aliran listriknya dikeluarkan lemah bernafidasi, komunikasi, mencari mangsa. nah, balalahnya nama loh, nama nyapa"
"Good day tennis entusias! Kembali lagi di sama gue, Kuo Kocen, Daner Terwandang. Dan kali ini gue akan mau share tips. Simple surf untuk newbie beginner atau intermediate juga bisa. Mosa ribu ribu, let's go! Biasanya kalau service, itu pegangannya kontinental. Tapi untuk info kebanyakan kalau newbie ya, itu biasanya using the forehand grip. Tapi itu gak masalah. Bagaimana servicesnya? Lajar dulu tos ya, itu lempar, tangkap. Lemparnya itu adalah di antara 12 dan 1. Pertama yang harus dilakukan adalah, kalau memang susah, yaitu pake ritm dulu. Jadi 1, 2, 3. Jadi rangket di sini 1, lempar, kukul. Oke, service adalah down together, up together. Yaitu down, up. Oke, bisa juga seperti ini. Kalau memang dia belum ada dari sini, dia bisa mulai started dari sini dulu. Dia lempar, terus kukul. Oke, gitu aja kira-kira tips gue kali ini tentang service. Yaitu simple aja service-nya. I'll see you guys later, sampai ketemu di video gue yang lain. Oke, bye, see you.",7,"good day tennis entusias! saya, kuo kocen, daner terwandang. kali share tips. simple surf newbie beginner intermediate bisa. mosa ribu ribu, lets go! service, pegangannya kontinental. info kebanyakan newbie ya, using forehand grip. masalah. servicesnya? lajar tos ya, lempar, tangkap. lemparnya adalah, susah, pake ritm dulu. rangket lempar, kukul. oke, service together, together. down, up. oke, ini. sini, started dulu. lempar, kukul. oke, gitu aja kirakira tips kali service. simple aja servicenya. ill see guys later, ketemu video lain. oke, bye, see you."
"Ini dia gaya renang yang bisa kita gunakan untuk survive di kolam renang jika tidak sengaja terjatuh. Yang pertama ada entry turn. Gerakan ini memikinkan kita untuk berputar ke arah dek atau pinggir kolam dan kemudian naik. Untuk stepnya, biasa kami menggunakan entry turn kemudian grab the wall. Ketika naik, caranya melakun elbow, elbow tamini. Yang kedua yang bisa kita lakukan adalah fall and float. Dimana ketika terjatuh, tubuh bisa berputar balik dan mengambang melihat katas untuk bernafas.",7,"gaya renang survive kolam renang sengaja terjatuh. entry turn. gerakan memikinkan berputar arah dek pinggir kolam naik. stepnya, entry turn grab wall. naik, melakun elbow, elbow tamini. lakukan fall float. dimana terjatuh, tubuh berputar mengambang katas bernafas."
"Power of Derma Express Deh, maasya Allah, Tabarak Allah Kalian mau tau saya treatment apa tiap bulan? Check it out! Reglo Facial untuk menghilangkan selkuit mati Radiant Speedy mencerahkan dan mengurangi flek hitam Diamkan sejenak untuk lanjut ke treatment selanjutnya Anastasi dulu biar nggak keras apa-apa Saya merasakan kembas di seluruh muka Nah Nah lanjut, Denagloh untuk memudarkan bekas dirawat Dan terakhir Mesolipo untuk menghilangkan lemak Ini Before Dan Ini After",6,"power derma express deh, maasya allah, tabarak allah treatment bulan? check out! reglo facial menghilangkan selkuit mati radiant speedy mencerahkan mengurangi flek hitam diamkan treatment anastasi keras apaapa merasakan kembas muka lanjut, denagloh memudarkan bekas dirawat mesolipo menghilangkan lemak"
"Tasiha belum beli, beli Belum banget, juga main tennis Hari ini kalian teman dan aku main tennis Semoga hari ini mainnya lancar Karena cuaca cukup panas Jadi aku takut banget ada yang basah Tasiha belum beli, beli Laksan Laksan Laksan Laksan Laksan Laksan Laksanравakna Laksan K PTSD Sil tolerance Kalian lihat Kedak Ke tempat biasa Slow Laksan Laksan Terself Laksan Laksan Laksan Laksan Laksan Laksan itu ada kandungan Bu Tation dan Nia Sinema dan dia itu ada active burst fragrance jadi bisa mengorani keringan berlebih dan bau badan hingga 48 jam jadi udah nggak ada lagi cerita, nggak? adee",6,"tasiha beli, beli banget, main tennis teman main tennis semoga mainnya lancar cuaca panas takut banget basah tasiha beli, beli laksan laksan laksan laksan laksan laksan laksan akna laksan ptsd sil tolerance lihat kedak slow laksan laksan terself laksan laksan laksan laksan laksan laksan kandungan tation nia sinema active burst fragrance mengorani keringan berlebih bau badan jam cerita, tidak? adee"
"Jangan salah kapra, ini adalah Time Foria Nebula Levalfat Dan aku tidak ada yang mengklikkan produk ini Highly pigmented, super lembut di bibir, aku juga udah nge-review semua warna-warna favorit aku Tapi banyak banget juga yang minta aku nge-review Lipteennya Lipteennya Time Foria ini masih ada plus minusnya gitu ya Plusnya adalah dia super highly pigmented Tapi minusnya itu kalau di bibir yang kering, dia tuh suka ngegaris di dalam Terus plusnya lagi, stainnya, dia itu awet banget Dan banyak warna-warna nut Aku akan kasih tahu ke kalian warna-warna nut yang menurut aku cakep banget untuk diombre sama warna-warna gelapnya Tapi dengan syarat, kalau di bibir kalian kering, kalian coba usahakan untuk scrubbing dulu dan kelibang dulu Karena biasanya memang Lipteen yang highly pigmented itu cenderung, keliatan agak lebih dry di bibir aku Aku nggak tau yang udah banyak yang bahasa atau belum, tapi kalau itu ada pribadi di aku Mari langsung aja kita coba pertama, ini ada lipteen yang warnanya cantik banget Namanya adalah Solaris 02, lihat ini lipteen warnanya kayak gini Aku akan pakai di bibir aku yang udah aku, rep dengan lip balm dan scrubbing Si Solaris itu warnanya kayak gini Kalau untuk yang warna nutnya itu memang dia tidak sehighly pigmented yang warna gelapnya Dan aku akan ombre sama salah satu warna gelap favorit aku, yaitu yang Cherry-On Karena warna unik banget, jadi dia tuh kayak Reddish Purple Gila, pigmentasinya memang serius di lakukan lagi Dan aku udah coba, lipteen ini aku pakai seharian, aku pakai makar Pokoknya wear testnya tuh beribu-ribu kali Kalau di saat bibir kita kering, dia itu kayak ngegaris di bibir Tapi kalau dalam kondisi bibir kita sehat, keliatannya akan seindah ini Sini sebentar, dan kan harus lihat kalau dia sangat minim transfer itu juga salah satu point plusnya Dari lipteennya, Saim Poria yang warnah hitam, transfernya langsung minim banget Setelah di atas 2 menit, hampir nggak ada lagi transfernya Aku akan coba The Darkish Shade yang ada di sini, ini tuh yang Shade Enic Muff 099 Nah seperti yang saya lihat di warna gelap, dia sedikit mau garis di dalam bibir Tapi overall, it's still a good lipteen product Dan keunggulan lainnya lagi adalah kalian bisa lakukan ini, doang Dan bisa dijadiin lipte blush Jadi kalau lagi mau gerum make up tuh, langsung pakai ini aja gitu Nah semua lipteen bisa dijadiin kayak lipte blush kayak gini Nah kalau ditanya jadinya aku lebih suka lip salfetnya atau lebih suka lipteennya Jawabannya aku lebih suka lip salfetnya Kalau kalian penasaran, sekarang kita akan coba umdre lip salfetnya dengan lipteennya Kita bisa pakai lip salfetnya Shade Cordelia yang nut Kan bisa lihat ya kalau lip salfetnya berdua langsung smooth semua teks kervibir tercover Ngeaman banget dipakainya juga, pilihan warnanya cantik-cantik Ya aku berdua nggak ada peluhan sama sekali sama lip salfetnya Oke sekarang kita umre lagi dengan Shade Enic Muff Dan jadinya nggak mau garis di dalam bibir karena udah ada lip salfetnya Jadi saran aku kalau yang bibirnya kering, kalian bisa coba combine lip salfetnya Time for ya, di combine dengan lipteennya Biar hasilnya bisa secantik ini, temen-temen Sekian review dari saya semoga membantu Kalau menurut kalian gimana, kalian lebih suka lip salfetnya atau lipteennya",4,"salah kapra, time foria nebula levalfat mengklikkan produk highly pigmented, super lembut bibir, ngereview warnawarna favorit banget ngereview lipteennya lipteennya time foria plus minusnya gitu plusnya super highly pigmented minusnya bibir kering, tuh suka ngegaris plusnya lagi, stainnya, awet banget warnawarna nut kasih warnawarna nut cakep banget diombre warnawarna gelapnya syarat, bibir kering, coba usahakan scrubbing kelibang lipteen highly pigmented cenderung, keliatan dry bibir bahasa belum, pribadi mari langsung aja coba pertama, lipteen warnanya cantik banget namanya solaris lihat lipteen warnanya kayak gini pakai bibir aku, rep lip balm scrubbing solaris warnanya kayak gini warna nutnya sehighly pigmented warna gelapnya ombre salah warna gelap favorit aku, cherryon warna unik banget, tuh kayak reddish purple sangat, pigmentasinya serius lakukan coba, lipteen pakai seharian, pakai makar pokoknya wear testnya tuh beriburibu kali bibir kering, kayak ngegaris bibir kondisi bibir sehat, keliatannya seindah sebentar, lihat minim transfer salah point plusnya lipteennya, saim poria warnah hitam, transfernya langsung minim banget menit, transfernya coba darkish shade sini, tuh shade enic muff lihat warna gelap, garis bibir overall, still good lipteen product keunggulan lakukan ini, doang dijadiin lipte blush gerum make tuh, langsung pakai aja gitu lipteen dijadiin kayak lipte blush kayak gini suka lip salfetnya suka lipteennya jawabannya suka lip salfetnya penasaran, coba umdre lip salfetnya lipteennya pakai lip salfetnya shade cordelia nut lihat lip salfetnya berdua langsung smooth teks kervibir tercover ngeaman banget dipakainya juga, pilihan warnanya cantikcantik berdua peluhan lip salfetnya oke umre shade enic muff garis bibir lip salfetnya saran bibirnya kering, coba combine lip salfetnya time ya, combine lipteennya hasilnya secantik ini, temanteman sekian review semoga membantu gimana, suka lip salfetnya lipteennya"
"Pal, gue ada 200 ribu gak? Ada lah 200 ribu mah, nih. Berlapan sih. Eh, eh, mentarik aja! Eh, mentarik aja, eh. Nih, dengan 200 ribu, gue bisa ganti Kampas Rem mobil dengan Bandics Heavy Duty. Oke. Iya. Buat senya gue nih? Buji bunyi, dinjak dalam, Astaghfirullah. Emang udah waktunya ganti Kampas Rem aja, Pak. Nih, Kampas Rem Bandics Heavy Duty, harganya lebih terjangkau. Oke. Pemakainnya bisa lebih panjang. Beli yang panjang, Pak. Nih, tadi ada ga berapa? 200 ribu? 200 ribu. Wah, takepin nih buat senya gue. Terus belinya, Pak. Gampang. Oh, gampang. Kalau misalnya kalian gak sempet pengin, kalian bisa langsung ke Official Store-nya Bandics. Dimana tuh? Yang ada di Marketplace lah. Oh, semuanya ada? Topopedia, Lazada, Zopi, ada semua. Oke, beli disitu aja. Ha, ha. Gada, sekarang buka HP. HP? Bandics. Senya. Senya. Oh, ada Pak. Keluar kan? Kencet. Ah, beli langsung, Pak. Wah, ada Official Store-nya pertama nih. Iih, lumayan. Untuk Official Store-nya pertama, yang beli Kampas Rem Bandics di event gas ini, kalian bisa dapetin voucher. vouchernya berapa? Pemasakan gratis. Oh. Di Official Store-nya Bandics, dan jumlahnya ada 100 lebih di seluruh Indonesia. Wah, lumayan tuh. Biar pemasangan jadi ke-cover tuh, Pak. Iya, jadi belinya online. Ya. Nampak ke rumah, pasannya gratis, mobil lu, oh, langsung ke rumah. Balik lagi, senya termahali dunia. Kita main game dulu. Main game? Oke, balik. Jadi, di boot-nya Bandics, kalian juga bisa lakuin aktiviti yang menarik disini. Jadi, kalau kalian ke Gias 2025, jangan lupa mampir ke boot-nya Bandics yang ada di Gias. Lokasinya di Pre-function Hall 1, dan ini cuma berlaku sampai Gias aja. Jadi jangan sampai ketiga alat. Pal, duluan ya? Oh, ya, oke. Sip, ati-ati wanne. Jangan lupa ganti Kampas Rem Bandics dengan Bandics. Rem Pesawat, hadir untuk mobil anda. Lah, 200 ribu kan dibawa lagi, mari, duan.",4,"pal, ribu tidak? ribu mah, nih. berlapan sih. eh, eh, mentarik aja! eh, mentarik aja, eh. nih, ribu, ganti kampas rem mobil rem heavy duty. oke. iya. senya nih? buji bunyi, dinjak dalam, astaghfirullah. emang ganti kampas rem aja, pak. nih, kampas rem rem heavy duty, harganya terjangkau. oke. pemakainnya panjang. beli panjang, pak. nih, berapa? ribu? ribu. wah, takepin nih senya saya. belinya, pak. gampang. oh, gampang. sempet pengin, langsung official storenya rem. dimana tuh? marketplace lah. oh, ada? topopedia, lazada, zopi, semua. oke, beli disitu aja. ha, ha. gada, buka hp. hp? rem. senya. senya. oh, pak. kan? kencet. ah, beli langsung, pak. wah, official storenya nih. iih, lumayan. official storenya pertama, beli kampas rem rem event gas ini, dapetin voucher. vouchernya berapa? pemasakan gratis. oh. official storenya rem, indonesia. wah, lumayan tuh. pemasangan kecover tuh, pak. iya, belinya online. ya. nampak rumah, pasannya gratis, mobil kamu, oh, langsung rumah. lagi, senya termahali world. main permainan dulu. main permainan? oke, balik. jadi, bootnya rem, lakuin aktiviti menarik disini. jadi, giias lupa mampir bootnya rem giias. lokasinya prefunction hall berlaku giias aja. ketiga alat. pal, duluan ya? oh, ya, oke. sip, atiati wanne. lupa ganti kampas rem rem rem. rem pesawat, hadir mobil anda. lah, ribu dibawa lagi, mari, duan."
"penting banget buat kita untuk memperkuat skin barrier kayak siapa disini yang udah harajin pake body lotion tapi masih ngerasa kulitnya tuh kering dan juga usah menurut dermatologi, sebanyak apapun produk pencer yang kita pake itu ga akan berpengaruh selama skin barrier kita tula tapi sekarang aku udah punya solusi buat nyataskin per masalahan itu ini dia UV Extra Bractoring Dairy Fasting ya udah dilengkapi dengan Procermyte untuk menjaga skin barrier dia punya tekstur yang cair kalian bisa lihat sendiri jujur aku suka banget sama tekstur yang kayak gini karena dia bisa cepet ngeresap ke kulit iya juga ga bikin lengket di kulit sama sekalig ga bikin gerah juga dan kalian harus tau kalo dia tuh wanginya enak banget wanginya tuh fresh gitu kulitku jadi lebih terhidrasi, mois, plum dan glowing dan tentunya skin barrier aku jauh lebih baik yuk perbaiki skin barrier kamu biar kulit lebih sehat dan terlindah yuk cobain sekarang",4,"banget memperkuat skin barrier kayak harajin pake body lotion ngerasa kulitnya tuh kering dermatologi, apapun produk pencer pake berpengaruh skin barrier tula solusi nyataskin masalahan extra bractoring dairy fasting dilengkapi procermyte menjaga skin barrier tekstur cair lihat jujur suka banget tekstur kayak gini cepet ngeresap kulit iya lengket kulit sekalig gerah tuh wanginya enak banget wanginya tuh fresh gitu kulitku terhidrasi, mois, plum glowing skin barrier yuk perbaiki skin barrier kulit sehat terlindah yuk cobain"
"bedah strategi main bat mintun gua, part 1 nah disini ketika gua angkat bola, gua sama partner gua langsung siap defense dengan kiri dan ketika lawan force maesnya udah keliatan berkurang, gua bisa defense dengan banting bola kerasilang jadi format si lawan sedikit berantakan tapi lawannya oke banget, masih bisa rapih lagi posisinya kita latur bola lagi, tunggu lawan bikin istilahan main sambar dulu dan ketika dapet bola tanggung, vika nah kalau ini teman tufurit gua buat balikin service lawan lumayan bikin bingung lawan siapa yang harus ambil, pemain depan atau pemain belakang lihat hasilnya, lawan harus ekstra komunikasi dan jadi hasilin celah sarang buat gua dan harus maes, gimana? langit part 2 ga nih? jangan gua follow ya",6,"bedah strategi main bat mintun saya, part angkat bola, partner langsung defense kiri lawan force maesnya keliatan berkurang, defense banting bola kerasilang format lawan berantakan lawannya oke banget, rapih posisinya latur bola lagi, tunggu lawan istilahan main sambar dapet bola tanggung, vika teman tufurit balikin service lawan lumayan bingung lawan ambil, pemain pemain lihat hasilnya, lawan ekstra komunikasi hasilin celah sarang maes, gimana? langit part nih? follow"
Terus membuat perangkatan tersebut Tram kepilih jadi presiden US akan bikin ketegangan Tuhan mencaina Tarik import produk China ke US bisa naik 60% Dan ada akturan terakhir Amerika juga surut TSMC stop dulu mengiriman chip ke China Dan kalau masalahnya terus bergulir teken China terus Menurut lu market mana yang akan dituju China buat jualan Dimana lagi yang paling subur buat jualan barang yang murah dan bagus ya Indonesia lah 27in 2k 180Hz IPS harga udah sentuh 1.4g 8tulu Lu bayangin Full HD dan QHD gaming bedanya 200-300.000 Lu kebayang gak 2025 harga monitor kayak gimana di China? Dan kalau prediksi gue bener China akan bombardir barang-barangnya ke Indonesia Harga China itu gak akan jauh dari Indonesia Bahkan Xiaomi udah nunjukin nih harga Xiaomi bisa dibawa ke Indonesia Jadi pastikan kalau lu mau beli monitor sekarang sampai akhir 2024 ini Lu mesti dapetin harga di skoln sedalam-dalamnya Supaya gak terusakit hati ngeliat harga monitor di 2025 Akan lebih yusik lagi Dan lu bisa top up game kesukaan lu di GTD Top Up,6,perangkatan tram kepilih presiden ketegangan tuhan mencaina tarik import produk china akturan amerika surut tsmc stop mengiriman chip china bergulir teken china market dituju china jualan dimana subur jualan barang murah bagus indonesia ips harga sentuh tulu bayangin full qhd gaming bedanya kebayang harga layar kayak gimana china? prediksi bener china bombardir barangbarangnya indonesia harga china indonesia xiaomi nunjukin nih harga xiaomi dibawa indonesia pastikan beli layar mesti dapetin harga skoln sedalamdalamnya terusakit hati ngeliat harga layar yusik isi ulang permainan kesukaan gtd isi ulang
5 menit ball handling drills yang bisa kamu lakuin setiap hari share video ini ke temen kalian dan komen di bawah untuk tips video basket line,6,menit ball handling drills lakuin share video teman komen tips video basket line
"apa ya ini? makasih.. dia siapa namanya? selah selah namanya siapa? Gebi makasih Gebi namanya siapa? Ajeng makasih Ajeng makin berat ya namanya siapa? Riska makasih riska namanya? Dian makasih Dian aduh berat siapa? Ayas makasih Ayas Virgi Virgi, terima kasih Virgi Disel Disel, kasih disel Terima kasih Grace Grace, makasih Grace banyak banget ya kasih ya",6,"ini? makasih.. namanya? selah selah namanya siapa? gebi makasih gebi namanya siapa? ajeng makasih ajeng berat namanya siapa? riska makasih riska namanya? dian makasih dian aduh berat siapa? ayas makasih ayas virgi virgi, terima kasih virgi disel disel, kasih disel terima kasih grace grace, makasih grace banget kasih"
"Aduh! Tabrak aku sekali lagi, aku kasih tau aku siapa. Hai, Kak! Salam kenal! Aku Yuki Kato, aku talent wardah sunscreen terbaru. Di sini aku mau kasih tau kalau warda ada jawabannya untuk setiap concern kulit wajah kamu. Ini sunscreen warda yang bright sea hydrating cocok buat kamu yang merasa kulit wajah agak kusam. Buat kalian nih yang cenderung berminyat jangan njawatir ada Aerie Smooth. Dan buat kalian yang lagi berjawa, hey jangan sedih nih ada etni calming. Silahkan dicek-cek ya, Kak!",6,"aduh! tabrak lagi, kasih siapa. hai, kak! salam kenal! yuki kato, talent wardah sunscreen terbaru. kasih warda jawabannya concern kulit wajah kamu. sunscreen warda bright sea hydrating cocok kulit wajah kusam. nih cenderung berminyat njawatir aerie smooth. berjawa, hey sedih nih etni calming. silahkan dicekcek ya, kak!"
"Hex biar ga males olahraga Ini kayak gak penting tapi works di aku Pus-pus sambil ngacah dulu biasanya dapet motivasi untuk mulai olahraga nih Sama setipis-tipis stretching biar mood night Tips ketiga, beli suplemen olahraga natural Ini herbilogy beat extract powder 100% extract buat beat Tanpa menambahan gula tanpa perasa, warna pengawet atau bahan kimia berbahaya Sebagai pre-workout drink untuk bantu meningkatkan performa workout Jadi tinggi antioksidan dan mineral yang baik untuk mengkontraksi otot Dan mempercepat masa penyembuhan Tips 4, selalu mulai dengan gerakan favorit kamu dulu Biar kamu tuh merasa gampang jadi mulainya tuh gak berat malah senang 5. Ritual pre-workout udah, sekarang herb hex selanjutnya ya itu post workout Biasanya yang bikin males olahraga tuh karena hasilnya terasa lambat sih Jadi biar olahraga gabon, Coss Langsung minum herbilogy plan pro Untuk bantu mempercepat proses recovery pas ke olahraga Bonusnya, bantu kenyang lebih lama Teksturnya lebih smooth, gak bikin bloated atau jerawatan Jadi cocok buat kalian yang lagi susu sapi Tips 6, gak kalah penting aku pake baju olahraga yang lucu-lucu Biar 5 dan mood olahraga tuh otomatis naik guys Karena kebutuhan protein terpenui, jadinya keliatan hasilnya deh olahraga Otot nambah tapi tambah langsing Tulis di komen ya, Tips anti-manggar olahraga mu biar saling motivasi Kalau mau kembaran ritual sama aku, buruan beli herbilogy pake kodecuan dibawah",7,"hex males olahraga kayak works puspus ngacah dapet motivasi olahraga nih setipistipis stretching mood night tips ketiga, beli suplemen olahraga natural herbilogy beat extract powder extract beat menambahan gula perasa, warna pengawet bahan kimia berbahaya preworkout drink bantu meningkatkan performa workout antioksidan mineral mengkontraksi otot mempercepat penyembuhan tips gerakan favorit tuh gampang mulainya tuh berat senang ritual preworkout sudah, herb hex post workout males olahraga tuh hasilnya lambat sih olahraga gabon, coss langsung minum herbilogy plan pro bantu mempercepat proses recovery pas olahraga bonusnya, bantu kenyang teksturnya smooth, bloated jerawatan cocok susu sapi tips kalah pake baju olahraga luculucu mood olahraga tuh otomatis guys kebutuhan protein terpenui, keliatan hasilnya deh olahraga otot nambah langsing tulis komen ya, tips antimanggar olahraga motivasi kembaran ritual aku, buruan beli herbilogy pake kodecuan dibawah"
"ini mobil crossover stylist harga 200 jutaan yang hadir dengan fitur yang tidak membuat senjata sampai terasa sepertinya ceri salah ngasih harga kemurahan masa dia udah bisa di remote dari jarak jauh, ini pake internet loh kita ga perlu kedekat dengan mobilnya sistem adasnya ada 15, jalan di toll, dia udah seperti nyediakan sendiri sudah pake radar untuk detensi keadaan sekitar di arpane layarnya, luas, responsif dan detailnya mantap tentunya ini udah bisa pake Android Auto dan Apple CarPlay charging bisa pake USB Type-C dan kencang mencari sudah pake kamera 360 ini, lihat kotak kamera nya, malam-malam bisa terang banget desainnya pun keren, detail exterior nya juga keren interior nya pun terasa berkelas, soundproof juga ada ini bukan yang manual ya, speaker nya sih terlalu mantap nih gua jamin super sulit nemu speaker sekeren ini di kelas harganya udah staging di depan kita nih suaranya lalu, gua suka banget di detail seperti cup, mesin hidrolik begini nih penumpang belakang juga ke bagian AC ini lampu-lampu udah LED semua, ada defogger dan wiper untuk kaca belakang kabin pun terasa lumayan kedap untuk kelasnya oh ya, ini cari T-GO Cross ya untuk varian tertinggi yang kami uji, harganya Rp 279,5 juta review lengkapnya udah ada di channel Jagat Review",6,"mobil crossover stylist harga jutaan hadir fitur senjata ceri salah ngasih harga kemurahan remote jarak jauh, pake internet loh kedekat mobilnya sistem adasnya jalan toll, nyediakan pake radar detensi arpane layarnya, luas, responsif detailnya mantap pake android auto apple carplay charging pake usb typec kencang mencari pake kamera ini, lihat kotak kamera nya, malammalam terang banget desainnya keren, detail exterior nya keren interior nya berkelas, soundproof manual ya, speaker nya sih mantap nih jamin super sulit nemu speaker sekeren kelas harganya staging nih suaranya lalu, suka banget detail cup, mesin hidrolik nih penumpang lampulampu led semua, defogger wiper kaca kabin lumayan kedap kelasnya ya, cari tgo cross varian tertinggi uji, harganya juta review lengkapnya channel jagat review"
Lagi ada apa ini? Ramai-rama berenang bila Mengarungi selat Madura bersama Wakasa Laksama nama dia T&E Win Aldi Karma Terima kasih kerana menonton!,4,ini? ramairama berenang mengarungi selat madura wakasa laksama nama win aldi karma terima kasih kerana menonton!
"Hai guys, kali ini aku meriksa ikan cornfish atau yang biasanya kita sebut dengan mimo Aslinya mereka ukurannya kecil banget, cuma sekitar 3 cm Kalian tau nggak kalau ikanimo ini transgender? Mereka semua akan terlahir sebagai jantan Apabila diperlukan salah satu di antara koloninya akan berubah menjadi betina Hal ini menguntungkan buat mereka karena mereka hidup berkoloni ditumbuk karang yang kecil Jadi mereka nggak perlu susah-susah cari jodo Setelah kita samping ikanimo ini, cacingnya banyak banget Ada om cacing, tangke cacing, adek cacing, bayi cacing Akhirnya satu akoryum, akurasi obat cacing Karena dengan jumlah cacing yang segitu banyak, sangat mengungkinkan menulalkan ikan-ikannya lain Setelah lelah menangkap mimo, muka jadi kotor banget, make up dicampur sama keringat Sebelum cuci muka, aku pakai jikuji misal warotar Karena botolnya yang pang, ngebuat produknya jadi praktis banget Asli sih, semua kotoran bener-bener keangkat Ukurannya juga gede, jadi bikin lebih hemat Nah sekarang kita jadi tau ya kenapa mimo digambarkan sebagai laki-laki Dan nggak mungkin punya saudara perempuan",6,"hai guys, kali meriksa ikan cornfish mimo aslinya ukurannya banget, ikanimo transgender? terlahir jantan salah koloninya berubah betina menguntungkan hidup berkoloni ditumbuk karang susahsusah cari jodo samping ikanimo ini, cacingnya banget cacing, tangke cacing, adek cacing, bayi cacing akoryum, akurasi obat cacing cacing segitu banyak, mengungkinkan menulalkan ikanikannya lelah menangkap mimo, muka kotor banget, make dicampur keringat cuci muka, pakai jikuji warotar botolnya pang, ngebuat produknya praktis banget asli sih, kotoran benerbener keangkat ukurannya gede, hemat mimo digambarkan lakilaki saudara perempuan"
"Selamat malam semua. Selamat datang dan terima kasih sudah meramaikan IBL musim 2025. Dan malam ini, kita bersama-sama bersyukur, berbahagia, dan bangga. IBL mempunyai juara baru. DEWA! DEWA UNITED BANGSAN! IBL CHAMPION 2025. Terima kasih.",4,"selamat malam semua. selamat terima kasih meramaikan ibl musim malam ini, bersamasama bersyukur, berbahagia, bangga. ibl juara baru. dewa! dewa united bangsan! ibl champion terima kasih."
"2x1 lagi, jadi 4x ikut event, 4x2,1 Tahun depan ada mobil baru buat kamu Uy, mobil apa? Buat ikut kelas pro 2 Mobil apa? Uy, mobil sama",6,"lagi, event, mobil uy, mobil apa? kelas pro mobil apa? uy, mobil"
"berat badannya teman-teman stuck di satu titik dan tetep itu frustasi pada saat teman-teman itu lagi mau menurunkan berat badan menjadi lebih ideal jadi kenapa berat badannya teman-teman stuck di satu titik? itu sebenernya nggak stuck, jadi tetep teman harus mengerti dulu kurva biologi ini salah satu one of the biological curve yang tetep teman-teman harus mengerti jadi ini adalah berat badannya teman-teman, ini adalah waktu pada saat teman kelebihan berat badan yang berlebih apalagi yang ekstrim ya, sampai 3dhg dan segala macem pada saat teman-teman mulai mengganti pola makan dan pola hidup itu akan turunnya cepat, oke? karena tetep teman masih jauh dari ideal jadi berat badan turun cepat dalam waktu yang lebih singkat nah, makin lama makin mendekati berat badan idealnya teman-teman itu akan terjadi perlambatan karena makin dekat dengan ideal itu nggak apa-apa, itulah biologi jadi apa yang harus tetep teman-teman lakukan? jangan frustasi gunakanlah konsistensi dan usahanya teman-teman pada saat teman di sini gunakan terus, karena hasil itu akan datang",7,"berat badannya temanteman stuck titik tetep frustasi temanteman menurunkan berat badan ideal berat badannya temanteman stuck titik? sebenernya stuck, tetep teman mengerti kurva biologi salah one biological curve tetep temanteman mengerti berat badannya temanteman, teman kelebihan berat badan berlebih ekstrim ya, dhg macem temanteman mengganti pola makan pola hidup turunnya cepat, oke? tetep teman ideal berat badan turun cepat singkat nah, mendekati berat badan idealnya temanteman perlambatan ideal apaapa, biologi tetep temanteman lakukan? frustasi gunakanlah konsistensi usahanya temanteman teman terus, hasil"
"Kalau soal Klepola Voli Lafani, saya juga berharap ini sukses dalam gelanggang proliga tahun 2021 mendatang. Ini anak-anak dari berbagai penjuru tanah air punya talenta yang tinggi untuk bermain voli, tapi satis sosialnya sebagian dari kalanan biasa, bahkan kurang mampu, maka saya berharap betul mereka sukses. Selamat tinggal.",7,"klepola voli lafani, berharap sukses gelanggang proliga mendatang. anakanak penjuru tanah air talenta bermain voli, satis sosialnya kalanan biasa, mampu, berharap sukses. selamat tinggal."
"kalau bau kalian suka sakit atau nyeri, coba satu gerakan simple ini nih jadi kalian pegang sesuatu yang bisa di hold begini nih aku pakai botol parfum bekas ya abis itu tangannya lurus gini matanya beri ke botolnya abis itu tangannya satunya gerakin begini set, set, set, set, set, set terus kayak gini nih kalau yang sakit bau gini ya dibalik aja gini besok gini nih set, set, set, set aku udah nyoba beberapa kali dan nyeri di pundak aku tuh berkurang coba kalau kalian punya nyeri pundak juga cobain gerakan ini beberapa kali atau beberapa hari ke depan dan komen di bawah kira-kira ini ngesek atau enggak di kalian",7,"bau suka sakit nyeri, coba gerakan simple nih pegang hold nih pakai botol parfum bekas habis tangannya lurus gini matanya botolnya habis tangannya satunya gerakin set, set, set, set, set, set kayak gini nih sakit bau gini dibalik aja gini besok gini nih set, set, set, set nyoba kali nyeri pundak tuh berkurang coba nyeri pundak cobain gerakan kali komen kirakira ngesek"
"Halo guys, perkenalkan nama saya Malik. Perkenalkan nama saya Pina. Saya dari Bukasi. Dari C. Anjur. Hari ini dukung Persip dong. Nonton pemain baru Persip nih, lagi banyak nih. Sadil, sadil. Tiga kosong untuk Persip. Dua kosong. Yang golin William. Saya Iwa dan Salma dari Bandung. Hari ini saya mau nonton pertandingan Persip. Secarah pertandingan kami tidak berharap Persip bentang ya. Ini baru paruh musim. Jadi kesempatan untuk Persip untuk memadukan strategi serta permainan individu menjadi permainan tim. Radiksi skor Enya dua sama deh. Halo, di Kampang, saya dan anak saya. Untuk pertandingan malam ini, optimis menang. Walaupun pas gue jangan nak, lagi coba-coba pemain. Salah tipis sih. Ula satu. Gokolin, kayanya pemain baru deh.",7,"halo guys, perkenalkan nama malik. perkenalkan nama pina. bukasi. anjur. dukung persip dong. nonton pemain persip nih, nih. sadil, sadil. kosong persip. kosong. golin william. iwa salma bandung. nonton pertandingan persip. secarah pertandingan berharap persip bentang ya. paruh musim. kesempatan persip memadukan strategi permainan individu permainan tim. radiksi skor enya deh. halo, kampang, anak saya. pertandingan malam ini, optimis menang. pas nak, cobacoba pemain. salah tipis sih. ula satu. gokolin, kayanya pemain deh."
"ke teman-teman kita disama motoristik murahnya honda namanya honda Eken i di belakang kita ini gede nya ukurannya mirip kayak honda bit tapi nggak sempurna honda bit ini dijual 28 juta dapat apa aja sama-sama ke talian motoristik nya ada di hop, di termodor belakang dan ini cuma 1,5 kW doang bitnya 1,8 kW, kecil ya speed nya kalau yang stale sudah sampai yaa, rilat sampai 59,60 km per jam lah tapi kalau pakai mode yang ekon lebih pelan lagi teman-teman cuma sampai 50 km per jam, ini adalah mode status ya dan yuk teman-teman di motoristik ini sebenernya ada cut off di ram nya ya jadi kalau kita nge-ram depan atau ram belakang maka seru otomatis, akannya akan sempurna potong cuma ini nggak bikin kagok cut off nya nggak kayak motoristik yang murah-murah gitu teman-teman baterainya ada di dek pejakan kaki kayak gini nih nah, segede gini ini lama ngecasnya 7 jam kokir lah ya, lama karena emang secara gede nggak terlalu gede teman-teman cuma 350W, atinya kali bisa ngecas di rumah mana pun lah ya tinggal coba lo, aman aja pakai baterainya udah lama-lama ngecas 7 jam jelak-tube cuma bisa 53 kW saja teman-teman gimana mau kalian? udah cukup belum buat harian lampu lampu udah full LED lampusnya juga udah LED juga teman-teman teman-teman dapet chakram pakai kalipur 1 pistol pakai teman trommel di belakang kayak gini tapi udah dual shock ya gue pakai dual shock breaker di belakang kuncinya mas payah Chris teman-teman setelah colok kayak gini dan speedometernya juga sederhana banget cuma ada 1 km ada tangan baterai, odometer dan ada 2 mode nya ya jadi motornya ada mode ekon dan mode standarnya bagasnya gede teman-teman 28 liter helm open face bisa masuk teman-teman purpas bisa masuk ini hampir segede PCH 30 liter disini 28 liter tapi yang mumsai enak dari motor ini adalah reading impression nya ya bukan throttle nya itu alus feelingnya juga mirip kayak naik motor pakaian konvensional kemudian suspensinya juga enak quickquart nya juga bagus teman-teman yang lumayan oke untuk ukuran sebuah motoristrik kecil kayak gini teman-teman gitu gimana mau kalian? terus ke komentar ya",4,"temanteman disama motoristik murahnya honda namanya honda eken gede nya ukurannya kayak honda bit sempurna honda bit dijual juta aja samasama talian motoristik nya hop, termodor doang bitnya kw, speed nya stale yaa, rilat jam pakai mode ekon pelan temanteman jam, mode status yuk temanteman motoristik sebenernya cut ram nya ngeram ram seru otomatis, akannya sempurna potong kagok cut nya kayak motoristik murahmurah gitu temanteman baterainya dek pejakan kaki kayak gini nih nah, segede gini ngecasnya jam kokir ya, emang gede gede temanteman atinya kali ngecas rumah tinggal coba kamu, aman aja pakai baterainya lamalama ngecas jam jelaktube temanteman gimana kalian? harian lampu lampu full led lampusnya led temanteman temanteman dapet chakram pakai kalipur pistol pakai teman trommel kayak gini dual shock pakai dual shock breaker kuncinya mas payah chris temanteman colok kayak gini speedometernya sederhana banget tangan baterai, odometer mode nya motornya mode ekon mode standarnya bagasnya gede temanteman liter helm open face masuk temanteman purpas masuk segede pch liter liter mumsai enak motor reading impression nya throttle nya alus feelingnya kayak motor pakaian konvensional suspensinya enak quickquart nya bagus temanteman lumayan oke ukuran motoristrik kayak gini temanteman gitu gimana kalian? komentar"
"Hai, gue lagi siap-siap, gue mau cabut, tapi gue udah telat sebenarnya Jadi kita akan harus melakukan ini dengan cepat-cepat Jadi kita pakai primer dulu Gue lagi nyobain banyak banget produknya nama Ini gue suka banget foundationnya, karena kayak tipis tapi muka lu kayak sangat-sangat presentable seketika gitu loh Kayak kulitnya, teksturnya jadi lebih bagus, warnanya lebih merata Jadi, disih! Bagus banget nggak sih? Dan produk lokal, lagi yang berat nggak sih? Kacau Apagi kalau kulit lu udah bagus, pasti lo akan semakin suka produk ini Gue sangat suka ini, ini sangat-sangat bagus Shade gue yang nomor 01, Honey Glow ya, kalau kamu minta Terus ke mata, gue cuma mau sesuatu yang berat, berat, dan sebagainya Karena aku sudah tidak punya waktu Jadi ini kita pakai, emang dia bisa dipakai buat mata dan blush on dan bibir juga Apalagi buat traveling nih enak banget, parah Kamu bisa benar-benar membangun ini, dan kamu bisa menggunakan ini di mana-mana yang kamu mau Sangat bagus, kan? Lipsticknya gue mau yang nude, jadi gue pakai ini, ini juga gue lagi suka banget Parah teksturnya enak banget Gue mau kasih concealer, dikit doang, karena gue lupa belum pakai concealer Ini sih Laura Mercier, gampang banget di blend, lihat nggak sih? Ah, kacau banget, kemarin kayaknya udah sempet gue bahas juga Dan gue memberikan reaksi yang sama, setiap kali gue gunakan ini Gue selalu terkaget-kaget lagi gitu, kayak gitu, selalu selesai, itu sangat bagus Lalu kita maskarah ingin-ingin-ingin kan? Ini juga gue suka banget karena brushnya kecil Udah gitu, yang buat bulu mata bawahnya lebih kecil lagi Jadi ini kayak satu tub, tapi ada dua wang gitu Like, diisihat? Ini buat bawah mata kan gemes banget, pintar sekali, genius Kayaknya gue mau kasih kontur dikit, karena gue merasa lebih terlalu terlalu berlalu Jadi kita tipu daya sedikit, ya Itu saja, sedikit struktur, ya tahu? Dan itu saja, gue rasa gue siap untuk pergi, sampai jumpa, bye",6,"hai, siapsiap, cabut, telat cepatcepat pakai primer nyobain banget produknya nama suka banget foundationnya, kayak tipis muka kayak sangatsangat presentable gitu loh kayak kulitnya, teksturnya bagus, warnanya merata jadi, disih! bagus banget sih? produk lokal, berat sih? kacau apagi kulit bagus, suka produk suka ini, sangatsangat bagus shade nomor honey glow ya, mata, berat, berat, pakai, emang dipakai mata blush bibir traveling nih enak banget, parah benarbenar membangun ini, manamana bagus, kan? lipsticknya nude, pakai ini, suka banget parah teksturnya enak banget kasih concealer, dikit doang, lupa pakai concealer sih laura mercier, gampang banget blend, lihat sih? ah, kacau banget, kemarin kayaknya sempet bahas reaksi sama, kali terkagetkaget gitu, kayak gitu, selesai, bagus maskarah ingininginingin kan? suka banget brushnya gitu, bulu mata bawahnya kayak tub, wang gitu like, diisihat? mata gemes banget, pintar sekali, genius kayaknya kasih kontur dikit, tipu daya sedikit, saja, struktur, tahu? saja, pergi, jumpa, bye"
"siapa disini yang suka kesel kalo bulu matanya jadi blebeer? pas kena air apalagi buat muslim kayak aku harus sambil hudu asil harus bolak balik ke depan maskara biar bulu mata tetep npoin tapi disini aku udah gak pusing lagi soalnya aku pake waterproof volume maskara dari essence yang aku suka juga disini maskara ini tuh gak bikin ngegumpul sama sekali sambah ini mengandung vitamin E jadi sekaligus bisa ngasih hasil bulu mata lebih lentik, tebel, dan tetep ringan pas waktu dipakainya sesuai namanya maskara ini udah smart proof jadi mau kena air sekalipun, dia gak akan runtur ataupun blebeer dan pastinya long lasting ini hasil dari pemakaian aku kurang lebih 8 jam setelah berkejatan di luar ruangan bener-bener masih on point banget meskipun aku udah pake buat air hudu, kena air dia masih tetep stay buat kalian apalagi yang masih sekolah, ini worth it banget dengan harga segini jadi tunggu apalagi, cek out sekarang!",4,"suka kesel bulu matanya blebeer? pas kena air muslim kayak hudu asil bolak maskara bulu mata tetep npoin pusing pake waterproof volume maskara essence suka maskara tuh ngegumpul sambah mengandung vitamin ngasih hasil bulu mata lentik, tebel, tetep ringan pas dipakainya sesuai namanya maskara smart proof kena air sekalipun, runtur blebeer pastinya long lasting hasil pemakaian jam berkejatan ruangan benerbener point banget pake air hudu, kena air tetep stay sekolah, worth banget harga segini tunggu apalagi, cek sekarang!"
"Mereka bilang saya masih terlalu mudah, belum waktunya main di lagapasar. Di bilang masih anak jagung, di bilang badannya kecil, namun mungkin main di Ero. Saya mempunyai mental yang kuat, tapi saya gak nyaran. Terus berproses sampai akhirnya dua bulan kegaung Arab menjadi pembuatan. Kunci supaya ansek kebal harus jaga semuanya dari gala. Kayak clear punya 10 kali Naya Cinemaite yang kuatin barrier kulit kembali. Karena kalau barrier saya kuat, fokus saya jadi gak ada yang bisa garding. Jadi gak cuma kulit kembali aja yang tan bantu, tapi saya juga. Karena saya clearly tan bantu.",6,"bilang mudah, main lagapasar. bilang anak jagung, bilang badannya kecil, main ero. mental kuat, nyaran. berproses kegaung arab pembuatan. kunci ansek kebal jaga gala. kayak clear kali naya cinemaite kuatin barrier kulit kembali. barrier kuat, fokus garding. kulit aja tan bantu, juga. clearly tan bantu."
"Dengan ini, kita akan secara resmi membuka penyelenggaraan Warda's Kidverse Clinic 2025 Discover the Non-Invasive Skin-type Clinic Experience Dengan harga Rp 300.000 aja, kalian bisa mengalami experience yang belum ada sebelumnya ini Inovasi terbaru dari Warda yang pastinya selalu 10 step ahead Kami menghadirkan inovasi yang tidak hanya berfokus kepada produk yang halal Kami juga dohalls kinyurmi experience Kami menyambut baik langkah Warda yang tidak hanya berinovasi dari sisi teknologi Namun juga melibatkan tenaga ahli dan menjunjung tinggi Prinsip Personalized Skincare berbasis science dan teknologi Jadi di Skinverse Clinic 2020 ini adalah bentuk nyata dari misi Warda Dalam memimpin transformasi industri halal beauty Aku lebih obses sama serun dan motionless dari ini Lebih obses dari padel, semua treatment yang dipakai di Skinverse ini tuh Sudah melewati seleksi medis yang sangat ketat Jadi udah pasti aman dan tentu udah dipastikan efektifnya gimana Tujuhannya nanti di masa depan ini akan menjadi standar Standar dari dunia dermatologi yang akan berkolaborasi dengan beauty industry",7,"ini, resmi membuka penyelenggaraan wardas kidverse clinic discover noninvasive skintype clinic experience harga aja, mengalami experience inovasi terbaru warda pastinya step ahead menghadirkan inovasi berfokus produk halal dohalls kinyurmi experience menyambut langkah warda berinovasi sisi teknologi melibatkan tenaga ahli menjunjung prinsip personalized skincare berbasis science teknologi skinverse clinic bentuk nyata misi warda memimpin transformasi industri halal beauty obses serun motionless obses padel, treatment dipakai skinverse tuh melewati seleksi medis ketat aman efektifnya gimana tujuhannya standar standar world dermatologi berkolaborasi beauty industry"
"Ini adalah GRI V-Kool PPF Mair V-Kool PPF Outlet terbaru di Surabaya tapi yang mengejutkan adalah siapa bosnya disini? Ini dia, Raja Prang Surabaya Ficari, anti-sugar Wow, kenapa bisa jadi direktur disini? Karena saya sudah melindungi mobil orang-orang Surabaya dengan proteksi paling sempurna Ya, kink konsumannya nggak di-prang disini Yo, saya prang semua Yo, mereka minta pengerjaan rapi Saya kasih pengerjaan super rapi di V-Kool PPF Mair Masa, kita lihat Yo, ayo Ada apa aja disini? Semua daum dari kaca film, coating, PPF kan om tau sendiri semua mobilnya ke pakai PPF V-Kool ya kan? Ya itu ya, tau, pasti bagus Mantanya Cuman kan banyak diranya V-Kool PPF Kenapa harus ke yang Mair ini? Ada yang lain nggak punya om Disini, PPF bisa dicilan 0% pakai BCA Lalu juga kalau PPF, free towing Terus juga apa lagi? Banyak om Nanti om, tajak ke atas buat takasih snack sama biar kenyang om Bayar Gratis Om Fitra makannya enak terus Kapan masukin mobil ke V-Kool PPF Mair? Lah, mobilku kan di Jakarta Ya mas saya ya ke Surabaya Oh, jadi om? Om Fitra punya nggak teman-teman orang Surabaya? Ada, beberapa, tinggal di mana? Follower juga banyak di Surabaya Timur Nah, di Surabaya Timur om Ayo, ada-ada Surabaya yang pengen PPF terbaik Langsung ke V-Kool PPF Mair Jalan IR sokar nurut ku 2-1 icon Kalau sampai di perang sama dia, laporkan saya Ya",6,"gri vkool ppf mair vkool ppf outlet terbaru surabaya mengejutkan bosnya disini? dia, raja prang surabaya ficari, antisugar wow, direktur disini? melindungi mobil orangorang surabaya proteksi sempurna ya, kink konsumannya diprang yo, prang yo, pengerjaan rapi kasih pengerjaan super rapi vkool ppf mair masa, lihat yo, ayo aja disini? daum kaca film, coating, ppf mobilnya pakai ppf vkool kan? ya, tahu, bagus mantanya cuman diranya vkool ppf mair ini? disini, ppf dicilan pakai bca ppf, free towing lagi? om, tajak takasih snack kenyang bayar gratis fitra makannya enak masukin mobil vkool ppf mair? lah, mobilku jakarta mas surabaya oh, om? fitra temanteman orang surabaya? ada, beberapa, tinggal mana? follower surabaya timur nah, surabaya timur ayo, adaada surabaya ppf terbaik langsung vkool ppf mair jalan sokar nurut icon perang dia, laporkan"
"Makan mi saat sahur, emang instan. Tapi jangan, sering-seringnya. Karena mi instan terbuat dari tepung yang mudah dicernat tubuh. Sehingga dalam waktu singkat akan membuat kamu cepat lapar. Kandungan pengawet dalam mi instan juga kurang baik nih untuk kesehatan. Makanya nggak heran deh kalau kamu makan mi instan saat sahur pasti akan cepat lapar di siang hari. Makan mi instan bola aja. Esal harus diimbangi sayuran dan protenya supaya tubuh kamu tetap fit selama menjalani puasa. Nah kalau sobat sehat seberapa sering nih makan mi instan saat sahur.",6,"makan sahur, emang instan. jangan, seringseringnya. instan terbuat tepung mudah dicernat tubuh. singkat cepat lapar. kandungan pengawet instan nih kesehatan. heran deh makan instan sahur cepat lapar siang hari. makan instan bola aja. esal diimbangi sayuran protenya tubuh fit menjalani puasa. sobat sehat nih makan instan sahur."
"kalau kalian belum pernah dateng ke gym sama sekali dan pengen cobain tapi bingung kalau pas dateng itu harus ngapain dulu, caranya gimana, apapun itulah sini apa sih tau, step by step nya perhatiin ya hal pertama yang paling penting dan harus kalian cari tau itu adalah cari gym yang bisa bayar harian atau punya fitur free trial informasi ini bisa kalian cari di Google Maps oke, kalau udah nemu gym yang mau dituju, langsung gas berangkat dan bayar yaitu hariannya atau pakai fitur free trialnya itu kalau gym yang aku dateng ini bisa harian ya harganya perkundungan 35.000 abis itu kalian bisa taruh bareng-bareng kalian di locker gym ya terus bawa bareng yang penting aja kayak botol buat minum abis itu handup buat ngapkeringat sama handphone kalau misalnya kalian mau ngerkam atau mau nonton tutorial di YouTube atau IG gitu nah abis itu kalian bisa ganti baju buat gas workout dan udah deh kalian bisa mulai nge-gym kalau misalnya kalian bingung cara pakai aratnya gimana kalian bisa antara tanya keputusan gas gym yang di front desk aja temennya udah berpanggangan sama nge-gym ya bisa tanya-tanya kontek tutorial video di YouTube atau Instagram atau TikTok dan kalau ada budget lebih bisa coba pakai personal trainer nah kalau udah saya nge-gym kalian bisa ambil baju kalian tadi buat nganti baju atau langsung ambil bareng-bareng kalian kalau mau langsung pulang dang nah kalau gym yang kalian dateng ini bisa cocok ya udah langsung aja gas member kayak 1 bulan 3 bulan atau 6 bulan biar lebih konsisten dan biar nya lebih murah tapi kalau misalnya nggak cocok ya udah pindah gym lain jadi gimana? udah mencernakan belum? kalau misalnya kalian punya pertanyaan lain yang belum sempet ku jelasin di video ini bisa di kolom komentar ya share video ini kalau mau nonton faat stay hard",7,"dateng gym cobain bingung pas dateng ngapain dulu, gimana, apapun sih tahu, step step nya perhatiin cari cari gym bayar harian fitur free trial informasi cari google maps oke, nemu gym dituju, langsung gas berangkat bayar hariannya pakai fitur free trialnya gym dateng harian harganya perkundungan habis taruh barengbareng locker gym bawa bareng aja kayak botol minum habis handup ngapkeringat handphone ngerkam nonton tutorial youtube gitu habis ganti baju gas workout deh ngegym bingung pakai aratnya gimana keputusan gas gym front desk aja temennya berpanggangan ngegym tanyatanya kontek tutorial video youtube instagram tiktok budget coba pakai personal trainer ngegym ambil baju nganti baju langsung ambil barengbareng langsung pulang dang gym dateng cocok langsung aja gas member kayak konsisten nya murah cocok pindah gym gimana? mencernakan belum? sempet jelasin video kolom komentar share video nonton faat stay hard"
"Polo Air Putra dekai Jakarta Rebut medali emas usai kalahkan jabar lewat drama adu penalti. Pembezaan Polo Air Putra dekai Jakarta berhasil meraih medali emas pon 21 Aceh Sumatra Utara 2024. Di pertandingan terakhir polo air putra dekai Jakarta menang dramatis atas jawa barat lewat adu penalti dengan skor 20-19 di kolam renang Selayang, di Sporasu, Medan, Sumatra Utara, Minggu, 8 September 2024. Menggunakan sistem round robin, dekai Jakarta bertengger di puncak kelasemen usai meraih 4 kemenangan dengan raihan 12 poin. Dekai Jakarta berhak meraih medali emas, sedangkan jabar berhak medali perak dengan 9 poin dari 3 kali menang. Perunggu dirai jambi dengan koleksi 6 poin. Peringkat 4 Yogyakarta dan kelima sumsal. Yang pastinya pasti timwork dan mental. Karena kita siap di Bapak 4, mental kita lebih berani dari perampian. Dan kita juga tidak pernah berhenti berjuang sampai akhir. Itulah yang kita bisa mengalakan. Jakarta datang, Jakarta menang. Sukses Jakarta untuk Indonesia. Dalam drama adu penalti, dekai Jakarta menang atas jabar 29, sekaligus merbut medali emas dari Jawa Barat. Padapun 2021 Papua, dekai kalah di final lawan jabar. Terima kasih.",4,"polo air putra dekai jakarta rebut medali emas kalahkan jabar drama adu penalti. pembezaan polo air putra dekai jakarta berhasil meraih medali emas pon aceh sumatra utara pertandingan polo air putra dekai jakarta menang dramatis jawa barat adu penalti skor kolam renang selayang, sporasu, medan, sumatra utara, minggu, september sistem round robin, dekai jakarta bertengger puncak kelasemen meraih kemenangan raihan poin. dekai jakarta berhak meraih medali emas, jabar berhak medali perak poin kali menang. perunggu dirai jambi koleksi poin. peringkat yogyakarta sumsal. pastinya timwork mental. mental berani perampian. berhenti berjuang akhir. mengalakan. jakarta datang, jakarta menang. sukses jakarta indonesia. drama adu penalti, dekai jakarta menang jabar merbut medali emas jawa barat. padapun papua, dekai kalah final lawan jabar. terima kasih."
"ISR buka boot lagi di Gias dari kemarin, Mondar man di rawat sini. Ada satu yang ingin saya lakukan dan berbisari nih. Hah, saya mau ngeliatinin sticker fellak ISR. Oh! Enak banget. Ah! Ini kayak udah tradisi ya buat saya setiap kali ke boot ISR di Gias. Atau jangan-jangan, nanti kan ada ngaspal disama Rinda tanggal 4 tanggustus. Apa saya kesana juga ya buat ngeliatinin plastik-plastiknya fellak ISR. Oh! Enaknya sebenarnya, tujuan saya ke boot ISR ini bukan hanya untuk ngeliatinin sticker, karena ada banyak hal menarik lainnya seperti ini. Sign the card. Sign the card. Ada claw machine, saya tidak beruntung, tapi mungkin ada beruntung. Ada lelang fellak juga, seru kan? Yuk, main ke boot ISR di Hall 11 Gias 2024, apalagi sedang ada diskon 20% untuk semua item.",6,"isr buka boot giias kemarin, mondar man rawat sini. lakukan berbisari nih. hah, ngeliatinin sticker fellak isr. oh! enak banget. ah! kayak tradisi kali boot isr giias. janganjangan, ngaspal disama rinda tanggal tanggustus. kesana ngeliatinin plastikplastiknya fellak isr. oh! enaknya sebenarnya, tujuan boot isr ngeliatinin sticker, menarik ini. sign card. sign card. claw machine, beruntung, beruntung. lelang fellak juga, seru kan? yuk, main boot isr hall giias diskon item."
"Karena di pertanyaan mulut, jadi kita bahas aja, ini foundationnya Laura Mercier yang lagi heboh di mana-mana Real flawless weightless perfecting foundation If you know me, dari dulu gue emang udah obsesi parah sama Laura Mercier And I actually have three of their complexion products Emang bagus banget semua moannya termasuk si yang lagi viral ini I just wanna talk about this one, this is my actual favorite Ini adalah tinted moisturizer dan emang base seller-nya di mana-mana Just looks like your skin, tapi kayak semuanya tuh agak lebih bagus aja gitu Tipis banget, light banget dan bener-bener kayak menyegarkan muka lu seketika Gue udah sempet review di one brand tutorial Laura Mercier Gue udah sempet bikin videonya so you might wanna check that out Dan yang satu lagi adalah flawless lumiere radiance perfecting foundation In my opinion, yang ini lebih full coverage Dan yang lagi viral ini pas di tengah-tengah So I kinda understand why it went viral Coveragenya ada tapi nggak berasa berat so it just looks like your skin is just flawless, you know Dan gue masih cinta banget sama brushnya airy yang ini so that's what I'm gonna use it with One thing I don't like about this actually is the pump Karena liat nih ya, dia tuh kayak nggak bisa santai gitu loh Kayak langsung dar gitu, sekali pencet yang keluar langsung sebaik ini So you can't really control it, it's not the end of the world Cuma itu agak-agak mengganggu gitu kadang-kadang Kalau gue cuma perlu nambahin dikit doang Tapi yang keluar sebaik ini, oh man dan sayang banget Karena harganya kayak kuda ya kan, emang gampang banget dipakai Do you see how easily it blends with the skin? Kalau lo sukanya tipis, ya udah lo pake satu layer aja dikit-dikit And it can be like the best foundation ever Dan kalau lo suka agak tebel ya bisa dipakai agak banyak Bisa lo layer berkali-kali dan it's still gonna look the best Dan dia teksturnya juga lumayan cair As you can see bukan yang kaya tebel berat gitu Jadi dipakainya gampang banget, di blendnya juga gampang banget For me this gives the right amount of coverage Kayak muka gue merah-merah tertutupi semua tapi tidak 100% So you can still see your natural skin So that's it, that's my opinion Gue udah suka banget dari dulu And if you're thinking about getting a new foundation You should get this one Cause I mean this is for everyone And it's easily on my top 5 foundations So good",7,"mulut, bahas aja, foundationnya laura mercier heboh manamana real flawless weightless perfecting foundation know me, emang obsesi parah laura mercier actually three complexion products emang bagus banget moannya viral wanna talk one, actual favorite tinted moisturizer emang base sellernya manamana looks like skin, kayak tuh bagus aja gitu tipis banget, light banget benerbener kayak menyegarkan muka sempet review one brand tutorial laura mercier sempet videonya might wanna check flawless lumiere radiance perfecting foundation opinion, full coverage viral pas tengahtengah kinda understand went viral coveragenya berasa berat looks like skin flawless, know cinta banget brushnya airy thats gonna use one thing dont like actually pump liat nih ya, tuh kayak santai gitu loh kayak langsung dar gitu, pencet langsung cant really control it, end world agakagak mengganggu gitu kadangkadang nambahin dikit doang ini, man sayang banget harganya kayak kuda kan, emang gampang banget dipakai see easily blends skin? sukanya tipis, pake layer aja dikitdikit like best foundation ever suka tebel dipakai layer berkalikali still gonna look best teksturnya lumayan cair see kaya tebel berat gitu dipakainya gampang banget, blendnya gampang banget gives right amount coverage kayak muka merahmerah tertutupi still see natural skin thats it, thats opinion suka banget youre thinking getting new foundation get one cause mean everyone easily top foundations good"
"ini adalah yang uang U8 yang dipamerkan di boot BYD dan dia bisa pivot puter balik pada porosnya seperti ini jadi ini yang dipencad? vio Tium oke kita ready buat puter balik kita atur dulu puter radian oke kita atur di 359 kenapa gak 360? kalau 360, nanti akan baik-baik ke 0 oke, ya ya kita coba rotate lagi artinya kalau balik ke 0 itu cuma orang iseng ya kalau 359 memang ada maunya lah gitu ke 1 lah oke udah, ready? oke, start pakai gas? enggak biarkan puter sendiri, Ramp udah nih? udah, otomatis mobilnya pivot lah dirinya masih setidak otomatis, gak perlu setidak otomatis semuanya, dan kitawanya nah, kalau juga ada obstacle, dia berhenti ketika kalau misalnya tak tahu ada mungkin ada yang lewat gitu, kita puter beginajoh itu otomatis, saya mati suku oke lucu banget puter-puter seperti ini ya memang, pasti ban akan tersiksa kalau kita manufer begitu terus-terusan tapi di saat darurat atau saat yang dibutuhkan fitur ini sangat berguna sayangnya mobil ini belum dijual di Indonesia kalau di luar ini harganya sekitar 2,2 miliar",6,"uang dipamerkan boot byd pivot puter porosnya dipencad? vio tium oke ready puter atur puter radian oke atur baikbaik oke, coba rotate orang iseng maunya gitu oke sudah, ready? oke, start pakai gas? biarkan puter sendiri, ramp nih? sudah, otomatis mobilnya pivot setidak otomatis, setidak otomatis semuanya, kitawanya nah, obstacle, berhenti gitu, puter beginajoh otomatis, mati suku oke lucu banget puterputer memang, ban tersiksa manufer terusterusan darurat dibutuhkan fitur berguna sayangnya mobil dijual indonesia harganya miliar"
"Bang di monitor gue ada USB tapi gue colok mouse, HDD gak komik, usak monitornya. Hmm, entah kenapa dah akhirnya ini banyak banget di komplain soal gini ya. Lu harus tahu kalau lo colok monitor ke PC atau laptop lewat HDMI atau DP, itu konsepnya cuma satu arah dari PC atau laptop tembak gambar ke monitor. Kalau lo colok mouse atau HDD ke monitornya, cara dia koneka PC atau laptop lo gimana caranya? HDMI, Dping nanya lurin datanya balik, orang cuma satu arah konsepnya. Itu kenapa monitornya punya USB A di belakangnya biasanya kasih juga USB B atau USB C. Port itu mesti lo colok ke PC atau laptop lo. Biasa brandnya itu kasih kabalnya atau bisa lo beli sendiri juga kabalnya. Barulah semua USB A di belakang monitornya itu bisa lo pake. Di sisi lain banyak monitor Samsung kasih USB A di belakang monitornya tapi gak ada USB B atau USB C. Itu fungsinya buat update firmware monitornya. Semisal ada firmware monitor yang error. Dan banyak banget monitor ODM yang ganti-ganti merek doang di China. Itu juga kasih USB A di monitor tanpa USB B atau USB Cnya. Ya itu konsep orang China jualan. Negara mana yang mau beli, dia tinggal colok tambra. Terus ganti bahasa sesuai yang gastamere mau. Buat info brand monitor mana yang layak di beli sekarang, gue udah bahas di video ini dan buat yang mau tanya-tanya sama gue langsung, bisa join di Discord, linknya di bawah. Dan lo bisa top up game kesukaan lo di GTD Top?",6,"bang layar usb colok mouse, hdd komik, usak monitornya. hmm, dah banget komplain gini ya. colok layar komputer jinjing hdmi dp, konsepnya arah komputer jinjing tembak gambar layar. colok mouse hdd monitornya, koneka komputer jinjing gimana caranya? hdmi, dping nanya lurin datanya balik, orang arah konsepnya. monitornya usb belakangnya kasih usb usb port mesti colok komputer jinjing kamu. brandnya kasih kabalnya beli kabalnya. barulah usb monitornya pake. sisi layar samsung kasih usb monitornya usb usb fungsinya update firmware monitornya. firmware layar error. banget layar odm gantiganti merek doang china. kasih usb layar usb usb cnya. konsep orang china jualan. negara beli, tinggal colok tambra. ganti bahasa sesuai gastamere ingin. info brand layar layak beli sekarang, bahas video tanyatanya langsung, join discord, linknya bawah. isi ulang permainan kesukaan gtd top?"
"Pola makan yang dipromosiin sebagai yang paling sehat malahan naikin resiko lu kena osteoporosis atau tulang kropos. Gue mau share satu research paper terbaru di clinical nutrition dan ini metaanalysis ya, ini systematic review and metaanalysis. Jadi mereka ngumpulin study-study yang ngeliat vegan dan vegetarian dan plant based diet. Dan total participants dalam study-study ini dikumpulin menjadi 250 ribu orang. Jadi ini adalah study yang sangat besar dan sangat penting. Apa yang mereka temuiin? Orang-orang yang vegan, vegetarian, dan plant based malahan naikin resiko mereka itu kena osteoporosis, tulangnya kropos. Terutama di bagian tulang belakang bawah dan femoral neck, yaitu tulang leher pahak di bagian pahak. Dan resiko ini makin tinggi kalau lu itu makin lama konsumsi plant based diet. Bagi gue masuk akal sekali kenapa? Karena kalau lu vegan dan vegetarian dan plant based masa otot lu akan rendah. Orang banyak yang gak sadar bahwa hubungan antara masa otot dengan masa tulang bone mineral density, kepada tantul tulang itu sangat-sangat berhubungan ya. Begitu masa otot kita rendah, kepada tantul tulang itu akan turun. Nah kalau lu konsumsi plant based diet kemungkinan besar masa otot lu itu akan rendah. Jadi hindari plant based diet vegan, vegetarian, kalau seandainya lu tidak mau naikin resiko lu kena osteoporosis atau tulang kropos pada saat lu tuantar.",7,"pola makan dipromosiin sehat naikin resiko kena osteoporosis tulang kropos. share research paper terbaru clinical nutrition metaanalysis ya, systematic review metaanalysis. ngumpulin studystudy ngeliat vegan vegetarian plant based diet. total participants studystudy dikumpulin ribu orang. study penting. temuiin? orangorang vegan, vegetarian, plant based naikin resiko kena osteoporosis, tulangnya kropos. tulang femoral neck, tulang leher pahak pahak. resiko konsumsi plant based diet. masuk akal kenapa? vegan vegetarian plant based otot rendah. orang sadar hubungan otot tulang bone mineral density, tantul tulang sangatsangat berhubungan ya. otot rendah, tantul tulang turun. konsumsi plant based diet otot rendah. hindari plant based diet vegan, vegetarian, seandainya naikin resiko kena osteoporosis tulang kropos tuantar."
"bola di tengah harusnya siapa yang ambil ya dalam permainan ganda, sebaiknya saling menjaga dan menutupi area kosong jadi ketika teman kita berada di posisi yang kurang tempat untuk defend sebisa memiliki kita saling menjaga area pertahanan jadi ga usah nyalahin temen ya, yang penting main fun dan olahraga barang menurut kalian gimana? siapa yang harus ambil? coba komen di bawah",6,"bola ambil permainan ganda, menjaga menutupi area kosong teman posisi defend sebisa memiliki menjaga area pertahanan nyalahin teman ya, main fun olahraga barang gimana? ambil? coba komen"
"Kamu pernah ciung bawu mulut orang sampai pengen pingsan, bisa jadi karena karang giginya sudah terlalu menumpuk loh. Karena karang gigi itu, berasal dari sisal makanan dan bakteri yang menempel di gigi, lama-lama mengeras karena nggak dibersihin, sering minum kopi, merokok, atau males sikat gigi. Hati-hati, kamu lebih rentan kenak karang gigi yang bisa bikin bawu mulut berlebihan, gigi ngelu, irritasi gusi bahkan gigi copot nih. Walaupun sudah rutin sikat gigi, bukan berarti karang gigi langsung hilang ya, karena karang gigi cuma bisa dibersihkan melalui scaling oleh doktor gigi. Tapi kamu bisa mencegahnya dengan sikat gigi dua kali sehari. Pakai obat kumur, berhenti merokok, dan gunakan benang gigi. Jadi jangan spelekan karang gigi ya, karena gigi bersih, nafas segar, hidup pun tenang.",6,"ciung bawu mulut orang pingsan, karang giginya menumpuk loh. karang gigi itu, berasal sisal makanan bakteri menempel gigi, lamalama mengeras dibersihin, minum kopi, merokok, males sikat gigi. hatihati, rentan kenak karang gigi bawu mulut berlebihan, gigi ngelu, irritasi gusi gigi copot nih. rutin sikat gigi, karang gigi langsung hilang ya, karang gigi dibersihkan scaling doktor gigi. mencegahnya sikat gigi kali sehari. pakai obat kumur, berhenti merokok, benang gigi. spelekan karang gigi ya, gigi bersih, nafas segar, hidup tenang."
"Masa kesalahan yang sering dilakukan oleh orang-orang yang di atas umurnya 40 tahun atau 50 tahun Untukannya semakin tua kita biasanya kurang gerak Kalau kita gerak biasanya kesalahannya, yaitu adalah kecendungannya lebih banyak, kardio, dibandingkan dengan latihan beban Padahal latihan beban menjadi prioritas semakin kita menuadah",0,"kesalahan orangorang umurnya untukannya tua gerak gerak kesalahannya, kecendungannya banyak, kardio, dibandingkan latihan beban latihan beban prioritas menuadah"
"Kita tunggu Ramai Hello everyone! Oh my god ini aku udah lama banget Gak pakai produk andalan aku di bibir Demi Life kali ini Karena akhirnya aku bisa spiel rahasia bibir aku selama ini ya Ini bibir aku yang asli sebenernya Bibir aku asli sebenernya tuh kayak gini ga Guys bukan kak Guys ya Finally GWS Extra is launching today Dan harganya cuma 77 ribu Kalian harus lihat ya, lihat nih bibir aku Rahasia bibir aku selama ini di semua konten aku Di opening konten video aku Di setiap aku bare face Itu aku pasti pakai GWS Extra ya aku udah ga kuat sebenernya Maksudnya mampu sampai aku babain Life sekarang ya Nih sebenernya aku udah punya lama Oh my god jatoh Oh my god jatoh Sekarang bisa ga? Bisa guys Oke sekarang kita akan try on ya Harganya lagi 77 ribu di Shopee Jadi kalian abis nonton Life aku Aku cuma mau Life sebentar aja Abis Life aku kalian harus langsung cek out di Shopee Ini dia tuh clear gloss Tapi dia color changing Dan dia akan bikin bibir kalian tuh Kylie Jenner Teman-teman udah siap kalo udah siap Comment dulu siap Siap siap siap siap siap Lihat ya mau pakai di atas dulu atau di bawah dulu Atau kalian gini dulu sekarang kalian screenshot bibir aku Pucat terus tipis ga plambi gitu kan Sekarang aku akan pakai GWS Extra di bibir bawah dulu Merti ga? Kenapa dikasih nama extra? Karena dia ada extra cooling sensation Yang kayak dinginnya tuh melipis-lipis yang udah ke arah bangas Makin dingin tuh kayak jadi bangas Kalau orang udah ke panas sama jadi dingin gitu Nah itu borderline kayak gitu Dan lama kelamaan dia akan color changing dan Lihat tuh, liat bibir aku langsung segera gini Kelartan kan bedanya Gong banget ga? Okay, thank you Chris Langsung cek auto aja, udah ke atas dari bibir bawah aja udah ke atas banget Nama produknya adalah GWS Extra Jadi dia ada warnanya, warnanya menyerupai bibir Kalau bibir asli aku kan pucit gini Bibir bawah aku yang udah kena GWS Extra Jadi kayak lebih fresh tapi tetep kayak warna bibir asli gitu Kalau misalnya di swatch di tangan Warnanya nanti akan berubah sedikit aja Nih ya kita tunggu, nanti dia akan berubah warna Sekarang ini yang paling penting di bibir atas Karena bibir atas aku tipis banget Kita akan pakaiin GWS Extra Inget, catet namanya GWS Extra GWS Extra Yes, GWS Extra Ini kalau bibir agak hitam gitu Terus kayak tipis gitu Siap, siap ya Ini setengah dulu, setengah dulu Itu, lihat bedanya Ini Langsung Shade-nya ini namanya Fiery Peach GWS Extra, cuma ada satu shade ya Ini GWS Extra Buat bibir gelap, gimana lihat ya Ini bibir aku, perubahan warnanya Terus sebesar ini sudah makin plambi Oke, sekarang kita akan kelasain yang sudah sini Nah setelah kayak Bersama, kurang lebih 3-4 menit Ini bibir kalian akan jadi kayak tambah Bejeding gitu Harganya kayak Right now, right now ini 77 ribu Gak, gak Aku gak pernah gak pakai ini Jadi sebeer face-beer face-nya aku Selalu pakai ini, tetap pakai ini Coba ke bibir yang tutun dong, kak Oke, sini put Oh ya, ini yang ditangan, jadi kayak gini Warnanya tuh kayak satau banget Tapi kalau di bibir, keliatan banget perubahan warnanya Jadi kayak Soft peach gitu, sekarang kita akan Lihat di bibir yang tutun, oke Bibir yang hitam ya, teman-teman Kita akan pakai Kapan adanya? Sekarang Baga, ayo check out Nah Tuh Mmm Melapisin ya, tutunnya langsung ketutup Tuh Rasanya gimana kali dulu? Dengen, dingin-dingin pedes gitu ya Dengen pedes Langsung check out, check out Udah mulai dingin ya Udah mulai ini gue juga lagi Menggelitik, bibir gue langsung Cepet banget tuh, punya katasih cepet banget Tuh Langsung plampi Eh Vita, itu udah pakai kok Gong kan, ngertikan Bisa di layer-layer bisa Bisa pakai lip mat bisa Di layer lip gloss GWS yang lain bisa Flash gel kapan sekarang juga di Shopee Oke Kalau bibir tebal gimana kak, gapapa pakai itu, gapapa Makin Nerti kan, langsung berubah banget muka gue ya Guys, yang dipakai GWS Extra Terus aku mau kasih lah juga ke kalian Kalau misalnya lip glossnya aku apus Dia tetep ada stainnya Ya, jadi bibir kalian yang gak tetep latar kayak fresh gitu Kayak warnanya berubah ada stainnya dia Color changing gitu Ini warnanya universal Hmm, jadi semua orang ira bibir asli aku tuh kayak gini Plampi dan derwarna healthy kayak gini padahal gak Oke, GWS Extra, sekian live dari saya Langsung cek out di Shopee gak ada, ada Ada sayang Oke Bye everyone",4,"tunggu ramai hello everyone! god banget pakai produk andalan bibir life kali spiel rahasia bibir bibir asli sebenernya bibir asli sebenernya tuh kayak gini guys kak guys finally gws extra launching today harganya ribu lihat ya, lihat nih bibir rahasia bibir konten opening konten video bare face pakai gws extra kuat sebenernya maksudnya babain life nih sebenernya god jatoh god jatoh tidak? guys oke try harganya ribu shopee habis nonton life life sebentar aja habis life langsung cek shopee tuh clear gloss color changing bibir tuh kylie jenner temanteman comment lihat pakai gini screenshot bibir pucat tipis plambi gitu pakai gws extra bibir merti tidak? dikasih nama extra? extra cooling sensation kayak dinginnya tuh melipislipis arah bangas dingin tuh kayak bangas orang panas dingin gitu borderline kayak gitu color changing lihat tuh, liat bibir langsung gini kelartan bedanya gong banget tidak? okay, thank chris langsung cek auto aja, bibir aja banget nama produknya gws extra warnanya, warnanya menyerupai bibir bibir asli pucit gini bibir kena gws extra kayak fresh tetep kayak warna bibir asli gitu swatch tangan warnanya berubah aja nih tunggu, berubah warna bibir bibir tipis banget pakaiin gws extra inget, catet namanya gws extra gws extra yes, gws extra bibir hitam gitu kayak tipis gitu siap, dulu, itu, lihat bedanya langsung shadenya namanya fiery peach gws extra, shade gws extra bibir gelap, gimana lihat bibir aku, perubahan warnanya plambi oke, kelasain kayak bersama, menit bibir kayak bejeding gitu harganya kayak right now, right ribu tidak, pakai sebeer facebeer facenya pakai ini, pakai coba bibir tutun dong, kak oke, put ya, ditangan, kayak gini warnanya tuh kayak satau banget bibir, keliatan banget perubahan warnanya kayak soft peach gitu, lihat bibir tutun, oke bibir hitam ya, temanteman pakai adanya? baga, ayo check tuh melapisin ya, tutunnya langsung ketutup tuh gimana kali dulu? dengen, dingindingin pedes gitu dengen pedes langsung check out, check dingin menggelitik, bibir langsung cepet banget tuh, katasih cepet banget tuh langsung plampi vita, pakai gong kan, ngertikan layerlayer pakai lip mat layer lip gloss gws flash gel shopee oke bibir tebal gimana kak, gapapa pakai itu, gapapa nerti kan, langsung berubah banget muka guys, dipakai gws extra kasih lip glossnya apus tetep stainnya ya, bibir tetep latar kayak fresh gitu kayak warnanya berubah stainnya color changing gitu warnanya universal hmm, orang ira bibir asli tuh kayak gini plampi derwarna healthy kayak gini oke, gws extra, sekian live langsung cek shopee ada, sayang oke bye everyone"
"Ternyata cukup kayak gini aja buat tau potensi maksimal tigi badan kita itu bisa sampai di berapa centimeter. Pertama, kalian search di Google keakulator tigi potensi genetic. Terus tinggal isi aja tuh data-data tanya. Misalkan aku nih, Aki-laki, tigi badan bapakku 1,72 centimeter, tigi badan ibuku 160 centimeter, terus tigal-pecat tombol hasil, dan BUM! Keluar tuh hasilnya di 1,64 sampai 1,80 centimeter. Tinggi ku sekarang 1,79 centimeter. Kayak kurang 2 centimeter lah dari potensi maksimalnya. Tapi itu dalam dulah banget sih. Nah kalau kalian mau mencapai potensi maksimal tigi badan kalian itu, Usaha ini durmala yang cukup ya, kayak 7-8 jam. Terus makan dengan jam yang teratur dan gizinya yang cukup ya. Usaha ini juga proteinnya banyak. Terus juga aktif berolah raga dan stretching. Ya walaupun tigi badan itu mayertas dari genetic, tapi usaha-usaha yang aku sebut tadi itu bagus banget buat membantu mencapai tigi potensi maksimal badan kalian. Itu semuanya dulu aku lakuin dan alam dulu lah works di aku. Bisa sampai 1,79 centimeter ini. Jadi coba kalian buka websitenya, abis itu komen di bawah ya. Perkira tigi badan kalian tuh ada di berapa-sabit berapa dan tigi kalian sekarang ada di berapa. Semoga buat kalian masih masa pertumbuhan bisa mencapai tigi potensi maksimalnya ya. Atau bahkan melebihi. Kalau nggak pun juga nggak apa-apa. Santai aja. Share video ini biar teman-teman kalian atau sebar-sabit mereka baru nyobain ini juga. Biar pada tau tigi potensi maksimal badannya berapa. Taps banget dan... ...stehat!",7,"kayak gini aja potensi maksimal tigi badan centimeter. pertama, search google keakulator tigi potensi genetic. tinggal isi aja tuh datadata tanya. nih, akilaki, tigi badan bapakku centimeter, tigi badan ibuku centimeter, tigalpecat tombol hasil, bum! tuh hasilnya centimeter. centimeter. kayak centimeter potensi maksimalnya. dulah banget sih. mencapai potensi maksimal tigi badan itu, usaha durmala ya, kayak jam. makan jam teratur gizinya ya. usaha proteinnya banyak. aktif berolah raga stretching. tigi badan mayertas genetic, usahausaha bagus banget membantu mencapai tigi potensi maksimal badan kalian. lakuin alam works aku. centimeter ini. coba buka websitenya, habis komen ya. perkira tigi badan tuh berapasabit tigi berapa. semoga pertumbuhan mencapai tigi potensi maksimalnya ya. melebihi. apaapa. santai aja. share video temanteman sebarsabit nyobain juga. tigi potensi maksimal badannya berapa. taps banget dan.. ..stehat!"
"Huawei datangin HP lipat resmi lagi nih namanya Mate X6. Jadi kangen pertama kali cobain HP lipat ya, Huawei Mate X juga tuh. Sekarang udah generasi 6 aja. Gaya-nya udah fashionable betul, elegan, mewah. Dimensi tipis. Kalau dilipat udah mirip kayak HP batangan. Back cover pake texture vegan leather, ada yang warna hitam, ada yang marun juga. Kaca depannya pake buatan Huawei punya. Kunlun glass generasi 2. Material frame pake aluminium Aviation Grid, Engselnya juga kaku ya. Bisa mantep dilipat ke berbagai sudut. Kalau lagi full ketutup, lipetannya juga rapet mantep. Sampai bisa ngegigit kertas HVSK gini. Dan tentu aja HPnya udah tahan air, IPX8. Aman kalau nyemplung. Dan pas layarnya basah gini juga masih responsif. Ya saking pdnya Huawei sama build qualitynya Mate X6. Mereka sampe niat buat gantungin motor gede yang diiket ke inner screen karbon platenya HP ini. Oh ya, desain kamera Mate X6 pun udah agak beda ya. Framenya nggak bullet full tapi segi 8 octagon. Isinya pun ada 4 kamera ya. 3 kamera yang sering kita lihat, plus 1 kamera Ultra Chroma. Funcinya biar warna fotonya lebih nyata lagi. Sesuai apa yang kita lihat, konsisten di semua lensa. Ini contoh-contoh hasil fotonya. Udah qualitas Huawei lah level atas. Pada layarnya sendiri, speknya kayak gini. Ukuran dan rasiunya udah mirip HP batangan biasa. Dan pas kita buka, bleh ini nih nikmatnya HP foldable, lebar. 7.9 inci resolusi 2440x2240 pixel, LTPO 1-120Hz, peak brightness 1800 nits. Ya emang ini sih yang paling dicari yang bikin saya susah lepas dari foldable. Layar gede fleksibelnya, bikin cara pake HP jadi berubah. Buat baca dokumen, nonton, tarik-tarik garis kalau anda suka trading. Atau pake mode split screen buat multitasking. Bisa buka 3 apps sekaligus. Switch antar aplikasi juga mulus. Semua prosesnya ditarik, prosesor kirin 90-20. Ramnya 12GB, storage 512GB. Baterai 5.110 mAh dan charging 66W. Yang tentu udah dikasih di paket tengjualan ya. Dan support wireless charging 50W juga. Buat harganya sendiri, Huawei Mate X6 di jual di 27 jutaan. Ada bonus aptu 4.3 juta. Ada bonus Huawei GP5 dan ada VIP service juga. Extra layanannya banyak ya. Yang bikin user HP ini makin berasa spesial lagi. Buat info lengkapnya, bisa main ke sosmed atau website resminya Huawei Indonesia. Buka disini lebih lebar.",4,"huawei datangin lipat resmi nih namanya mate kangen kali cobain lipat ya, huawei mate tuh. generasi aja. gayanya fashionable betul, elegan, mewah. dimensi tipis. dilipat kayak batangan. back cover pake texture vegan leather, warna hitam, marun juga. kaca depannya pake buatan huawei punya. kunlun glass generasi material frame pake aluminium aviation grid, engselnya kaku ya. mantep dilipat sudut. full ketutup, lipetannya rapet mantep. ngegigit kertas hvsk gini. aja hpnya tahan air, ipx. aman nyemplung. pas layarnya basah gini responsif. saking pdnya huawei build qualitynya mate sampe niat gantungin motor gede diiket inner screen karbon platenya ini. ya, desain kamera mate beda ya. framenya bullet full segi octagon. isinya kamera ya. kamera lihat, plus kamera ultra chroma. funcinya warna fotonya nyata lagi. sesuai lihat, konsisten lensa. contohcontoh hasil fotonya. qualitas huawei level atas. layarnya sendiri, speknya kayak gini. ukuran rasiunya batangan biasa. pas buka, bleh nih nikmatnya foldable, lebar. inci resolusi pixel, ltpo hz, peak brightness nits. emang sih dicari susah lepas foldable. layar gede fleksibelnya, pake berubah. baca dokumen, nonton, tariktarik garis suka trading. pake mode split screen multitasking. buka apps sekaligus. switch aplikasi mulus. prosesnya ditarik, prosesor kirin ramnya gb, storage gb. baterai mah charging dikasih paket tengjualan ya. support wireless charging juga. harganya sendiri, huawei mate jual jutaan. bonus aptu juta. bonus huawei vip service juga. extra layanannya ya. user berasa spesial lagi. info lengkapnya, main sosmed website resminya huawei indonesia. buka lebar."
"Estah manis, es buah, es sirup, emang sige dan manis ya? Pepal lagi, diminum saat buka puasa. Aits aits, jangan hilap ya, karena selama berpuasa, kader gula pada tubuh akan menurun. Nah, jika saat berbuka kamu selalu, konsumsi minuman manis dalam jumlah banyak, maka kader gula akan naik secara drastis. Akibatnya timbul penyakit, salah! Satunya gagal jinjal dengan gejala. Bengkat di kaki, tangan dan wajah. Sesat nafas, lelah dan lemas terus menerus. Jika dibiarkan terlalu lama, kondisi ginjal akan semakin memburuk dan kamu harus melakukan cuci darah. Gak mau terjadikan, makanya selama berpuasa, lebih baik minum air putih aja atau ganti, dengan buah-buahan ya sobat sehat.",6,"estah manis, buah, sirup, emang sige manis ya? pepal lagi, diminum buka puasa. aits aits, hilap ya, berpuasa, kader gula tubuh menurun. nah, berbuka selalu, konsumsi minuman manis banyak, kader gula drastis. akibatnya timbul penyakit, salah! satunya gagal jinjal gejala. bengkat kaki, tangan wajah. sesat nafas, lelah lemas menerus. dibiarkan lama, kondisi ginjal memburuk cuci darah. terjadikan, berpuasa, minum air putih aja ganti, buahbuahan sobat sehat."
"KOMITMEN MEMERANGI DOPING Kolaborasi KONI DKI Jakarta berkomitmen memerangi doping. Komitmen ini dibuktikan dengan menggandang Indonesia antitribus. KOMITMEN MEMERANGI DOPING KOMITMEN MEMERANGI DOPING Kolaborasi KONI DKI Jakarta berkomitmen memerangi doping. Komitmen ini dibuktikan dengan menggandang Indonesia antitoping organization IADO. IADO memberikan edukasi kepada para atlet yang berlagak di pekan olahraga provinsi, POR PROV, dan pekan olahraga pelajar provinsi atau POPROV 2025 yang digelar dari tanggal 4 hingga 8 Agustus 2025. KOMITMEN MEMERANGI DOPING Di sini kami mengedukasi, terutama untuk atlet-atlet yang berkompetisi di POPROV. Yang pertama, yang kita edukasi adalah terkait masalah 11 aturan tentang antitoping. Yang salah satunya yang kita tekan kan adalah bagaimana si atlet menanggapi jika dia didatang oleh petugas garapan tidak menolak atau menghindar. Selain itu juga jika si atlet itu sakit atau mengalami tidak enak badan, jangan sembarangan brioobat di luar. Maka dari itu kita himbol kalau atlet menanggapi bisa berkomunikasi ke pelati, setelah itu pelati bisa konsultasikan ke dokter. Edukasi yang diberikan IADO kepada para atlet sangat penting untuk menghilangkan doping yang kerap terjadi. IADO berharap para atlet memahami dan mengerti tentang makanan minuman saja yang dilarang untuk dikonsumsi. IADO itu adalah lembaga antitoping yang dihidupkan beberapa tahun lalu, yang merupakan level untuk nasional masalah lembaga antitoping. Di atasnya ada serado, sodas negara, dan word antitoping. Jadi memang keberadaan IADO itu di setiap negara wajib hukumnya untuk permasalahan doping. Nah, kami berada sekali ini di Polprop, DKI Jakarta, untuk mengedukasi mereka bahwa doping itu sekarang merupakan kewajiban yang harus dipatui oleh setiap atlet. Jadi dari usia dini sampai mereka elit. Kita edukasi atlet bahwa nanti mereka masuk elit-atlet akan dipantau oleh wadah. Dengan demikian, edukasi ini untuk mereka mengerti bahwa harus menikuti prosedur doping yang sudah berlaku secara umum. IADO memberikan edukasi secara bergiliran kecabor-cabor. Dan saat ini sudah dilakukan edukasi kecabor pencaksilat dan bulu tangkis. Peratlet kontingen wilayah DKI Jakarta sangat entusias di edukasi soal doping. Para atlet memahami tentang 11 pelanggaran doping yang menjadi acuan IADO. Ketua PB Por Prof 2025 Andri, paranoan menambahkan edukasi doping terhadap atlet adalah komitmen Jakarta untuk memerangi doping. Karena, memerangi doping harus dilakukan sejak dini. Terima kasih.",6,"komitmen memerangi doping kolaborasi koni dki jakarta berkomitmen memerangi doping. komitmen dibuktikan menggandang indonesia antitribus. komitmen memerangi doping komitmen memerangi doping kolaborasi koni dki jakarta berkomitmen memerangi doping. komitmen dibuktikan menggandang indonesia antitoping organization iado. iado edukasi atlet berlagak pekan olahraga provinsi, por prov, pekan olahraga pelajar provinsi poprov digelar tanggal agustus komitmen memerangi doping mengedukasi, atletatlet berkompetisi poprov. pertama, edukasi terkait aturan antitoping. salah satunya tekan atlet menanggapi didatang petugas garapan menolak menghindar. atlet sakit mengalami enak badan, sembarangan brioobat luar. himbol atlet menanggapi berkomunikasi pelati, pelati konsultasikan dokter. edukasi iado atlet menghilangkan doping kerap terjadi. iado berharap atlet memahami mengerti makanan minuman dilarang dikonsumsi. iado lembaga antitoping dihidupkan lalu, level nasional lembaga antitoping. atasnya serado, sodas negara, word antitoping. keberadaan iado negara wajib hukumnya permasalahan doping. nah, polprop, dki jakarta, mengedukasi doping kewajiban dipatui atlet. usia elit. edukasi atlet masuk elitatlet dipantau wadah. demikian, edukasi mengerti menikuti prosedur doping berlaku umum. iado edukasi bergiliran kecaborcabor. edukasi kecabor pencaksilat bulu tangkis. peratlet kontingen wilayah dki jakarta entusias edukasi doping. atlet memahami pelanggaran doping acuan iado. ketua por prof andri, paranoan edukasi doping atlet komitmen jakarta memerangi doping. karena, memerangi doping dini. terima kasih."
chron w Firstly YAKATA ta moins w Lingun w verg w��로 ist se jara s grading i bu ka um um um um um oh um um um um,7,chron firstly yakata moins lingun verg ist jara grading
"Ini cara membentuk badan mudi gym untuk pemula, you need to notice. Salah satu cadangan latihan yang paling recommended untuk pemula adalah full body workout di mana semua otot akan dilatih dalam satu sesi latihan. Mulai dengan leg press yang melatih seluruh tubuh bagian bawah, lalu gerakan leg pull down yang fokus ke otot back. Next, incline press dengan dumbbell yang targetkan otot dadah, bahu, dan triceps. Lalu, side resist dengan dumbbell yang fokus ke bahu bagian samping yang sangat penting untuk mendapatkan V shape. Selanjutnya, lain leg curls yang ayo sulit paham bagian belakang yang bisa membantu menjaga kesehatan lutut. Gerakan selanjutnya bisa dipilih sesuai target masing-masing. Biasanya, cowok tambahkan satu gerakan untuk otot biceps dan triceps. Lalu, cewek biasanya pilih satu gerakan untuk otot lute seperti hip thrust atau Romanian deadlift. Lalu, sesi ini ditutup dengan crunches untuk otot pull down. Full body workout seperti ini paling recommended untuk pemula yang bisa workout 2-3 kali seminggu. Jatwal latihan lengkap ada di caption, so check it out.",7,"membentuk badan mudi gym pemula, need notice. salah cadangan latihan recommended pemula full body workout otot dilatih sesi latihan. leg press melatih tubuh bawah, gerakan leg pull fokus otot back. next, incline press dumbbell targetkan otot dadah, bahu, triceps. lalu, side resist dumbbell fokus bahu samping shape. selanjutnya, leg curls ayo sulit paham membantu menjaga kesehatan lutut. gerakan dipilih sesuai target masingmasing. biasanya, cowok tambahkan gerakan otot biceps triceps. lalu, cewek pilih gerakan otot lute hip thrust romanian deadlift. lalu, sesi ditutup crunches otot pull down. full body workout recommended pemula workout kali seminggu. jatwal latihan lengkap caption, check out."
"Bang kenapa monitor tanpa di peking kayu itu 11kilo di hitung? Tapi pas peking kayu di hitungnya jadi 30kilo. Hmm.. Lu harus tahu beli monitor di online itu selalu di hitungnya volume. Gak pernah berat monitornya sendiri. Ya karena berat volumenya kebanyakan selalu lebih besar dibanding berat monitor aslinya. Ya XpBC ga merugi pasti hitung volume. Biasa perhitungan volume itu P kali L kali T dibagi 6000 hasilnya dapet lah kilogramnya. Buat peking kayu sendiri yang buat tau sih dari JNE ya. Hitungan JNE itu perkalian PLTnya tetap sama cuma ada tambahan ukuran. Panjang tambah 13 cm, lebar tambah 5 cm, tinggi tambah 5 cm. Di kalian ketiganya baru lah lu bagi 6000. Dan dengan tau hitungan kayak gitu lu bisa tau toko tempat lu beli monitor mainin beratnya atau engga. Dan lu bisa top up game kesukaan lu di GTD Top Up.",4,"bang layar peking kayu kilo hitung? pas peking kayu hitungnya kilo. hmm.. beli layar online hitungnya volume. berat monitornya sendiri. berat volumenya kebanyakan dibanding berat layar aslinya. xpbc merugi hitung volume. perhitungan volume kali kali dibagi hasilnya dapet kilogramnya. peking kayu sih jne ya. hitungan jne perkalian pltnya tambahan ukuran. cuma, lebar cuma, cuma. ketiganya hitungan kayak gitu toko beli layar mainin beratnya engga. isi ulang permainan kesukaan gtd isi ulang."
"Tantangan terbersenya menjaga performa tetap stabil dan pertandingan besar juga butuh effort. Dua pertandingan melawan Jepang dan Saudi yang pertama kita memakai 343 beda level dengan Jepang kita harus akui dan tapi kita mengavol asik pertandingan sebelumnya kita pertanding melawan dengan harap dengan baik sangat sangat kompak di bagian pertahanan dan kita merubah informasi menjadik 352 dan saya juga bersyukur bisa mencetak dua pool. Kalau dari saya sama aja nggak ada yang berbeda ada sesi gym, recovery dan ke swimming pool untuk recovery badan dan selain itu saya juga minum beli mineral supaya kebutuhan mineral saya terpenuhi. Karena catual pertandingan yang berdekatan ini mengaruskan saya untuk kikut latihan intens air minum yang punya mineral esensial kekualitas seperti lay mineral yang penting banget bantukan di mineral di dalam tubuh. Adanya seger banget dan ada marsimanisnya karena mengandung mineral esensial saya membuat badan enteng dan bukar selalu. Amazing feeling kesan usahanya buat seportan Indonesia tetap dukung kita karena kita masih ada 5 pertandingan berdoakan kita dan sampai jumpa di Stadia.",6,"tantangan terbersenya menjaga performa stabil pertandingan butuh effort. pertandingan melawan jepang saudi memakai beda level jepang akui mengavol asik pertandingan pertanding melawan harap kompak pertahanan merubah informasi menjadik bersyukur mencetak pool. aja berbeda sesi gym, recovery swimming pool recovery badan minum beli mineral kebutuhan mineral terpenuhi. catual pertandingan berdekatan mengaruskan kikut latihan intens air minum mineral esensial kekualitas lay mineral banget bantukan mineral tubuh. seger banget marsimanisnya mengandung mineral esensial badan enteng bukar selalu. amazing feeling kesan usahanya seportan indonesia dukung pertandingan berdoakan jumpa stadia."
"Halo Tribe, ini dia 5 rekan exercise yang bisa kalian lakuin tanpa alat Terima kasih kerana menonton!",4,"halo tribe, rekan exercise lakuin alat terima kasih kerana menonton!"
"kalau dulu lof at first sight, ini lof at first run gue baru pake ini pertama kali aja udah kelapak-kelapak dan gue udah pake ini untuk beberapa kali gue udah pernah pake untuk race juga dan gue dapet TV tapi apakah memang benar dia seported itu? atau ternyata ada kekurangan yang dia tutupin tapi gue belum tau, tonton selengkapnya di youtube runhood",4,"lof first sight, lof first run pake kali aja kelapakkelapak pake kali pake race dapet seported itu? kekurangan tutupin tahu, tonton selengkapnya youtube runhood"
"kalau kamu bisa 20 wall pull up kamu bisa 1 Australian pull up kalau kamu bisa 20 Australian pull up kamu bisaTS kalau kamu bisa 15 detik tentunya di bar kamu bisa 1 ska pull up pull up kalau kamu bisa delapan ska pull up pull up kamu bisa 1 pull up recistend kalau kamu bisa 6 pull up Rachel Stand 및 kamu bisa 1 negative pull up kalau kamu bisa 4 negative pull up kamu bisa 1 troops Kalau kamu bisa 2x chin up, kamu bisa 1 pull up Kalau kamu bisa 8 pull up, kamu bisa pull up dengan beban Kalau kamu bisa pull up dengan beban 10x, kamu bisa pull up 1 jari Follow untuk tips berikutnya",6,"wall pull australian pull australian pull bisats detik bar ska pull pull delapan ska pull pull pull recistend pull rachel stand negative pull negative pull troops chin up, pull pull up, pull beban pull beban pull jari follow tips"
"mumpung masih celugon, kita beli tiket penyembelangan ferry pakai ferry z dari sekarang aja kenapa dari sekarang? beli lah tiket sebelum sampai ke pelabuhan karena selain anda sampai ke pelabuhan sudah tidak bisa beli tiket lagi jadi harus di atas 5 km dari pelabuhan agar bisa beli tiket informasi penting, untuk anda pemudik yang mau mudik lewat darat dan anda harus share informasi ini ke pemudik yang lewat darat lainnya lagi apabila anda mau keluar pulau jawa, anda pasti naik itu naik ferry, entah ke Sumatra, maupun ke Bali anda beli tiketnya melalui aplikasi ferry z itu ada di iOS dan ada juga di Android nah, untuk informasi lebih lanjut anda bisa cek dan follow Instagramnya ISDP191",6,"mumpung celugon, beli tiket penyembelangan ferry pakai ferry aja sekarang? beli tiket pelabuhan pelabuhan beli tiket pelabuhan beli tiket informasi penting, pemudik mudik darat share informasi pemudik darat pulau jawa, ferry, sumatra, bali beli tiketnya aplikasi ferry ios android nah, informasi cek follow instagramnya isdp"
"Aslinya nih ya, kalian ngelakuin baxepkers kayak gini, terus lanjut dumbbell rose kayak gini 8-12 kali Terus lanjut squat, sampai pegang dumbbell kayak gini, terus angkat dumbbell ke atas 8-12 kali juga Dan dilanjut dengan dumbbell chest press dilantai sambil kaki yang diangkat gini 8-12 kali juga Ini tuh udah termasuk full body workout, cuma pake satu dumbbell aja, versi pemula banget Cocok banget buat kalian yang baru banget pengen mulai workout di rumah, cuma punya dumbbell dan cuma punya waktu singkat Atau kuatnya baru sebentar Karena cukup dengan 3 gerakannya tadi tuh, kalian udah bisa ngelati yang bersemuanya otot di badan kalian Terus juga gampang dilakuin Lantar kalau kalian udah bisa rutin, terus gerakan-gerakan tadi tuh di rasa mudah, kalian bisa upgrade workoutnya nih Misalkan dengan ngomisakan 2 gerakannya yang digabung tadi tuh jadi 1-1 Biar bisa fokus di salah satu bagian otot Atau kalian naikin bebannya, sekarang kalian kuatnya baru 1 kilo, nanti bisa naik ke 2 kilo Atau kalian bisa mulai latihan bodyweight workout kayak push up, pull up, squat dan lain-lain Atau bisa juga langsung mulai latihan kejima aja buat upgradenya Kok lo lho lo sebirang biar gak ketiga lantik tip-tip surot lainnya Share kalau misalkan video di rumah Fahad, tarp semangat toor ototnya dan stay hard",7,"aslinya nih ya, ngelakuin baxepkers kayak gini, dumbbell rose kayak gini kali squat, pegang dumbbell kayak gini, angkat dumbbell kali dilanjut dumbbell chest press dilantai kaki diangkat gini kali tuh full body workout, pake dumbbell aja, versi pemula banget cocok banget banget workout rumah, dumbbell singkat kuatnya sebentar gerakannya tuh, ngelati bersemuanya otot badan gampang dilakuin lantar rutin, gerakangerakan tuh mudah, upgrade workoutnya nih ngomisakan gerakannya digabung tuh fokus salah otot naikin bebannya, kuatnya kilo, kilo latihan bodyweight workout kayak push up, pull up, squat lainlain langsung latihan kejima aja upgradenya lho sebirang ketiga lantik tiptip surot share video rumah fahad, tarp semangat toor ototnya stay hard"
"Ya, ya dia! Kita harus menang Rosya yang mana? Iya, yang mana nih, yang mana? Bukan yang mana, menang, buka, buka, buka! Ben, jawab nih, KB, doi. Apakah-apakah membawa li produk dari Warda? Terserah! Orang punya! Yay! Karena kakaknya udah bawa li produk dari Warda. Betul. Gak pengen coba. Jangan, jangan, jangan. Kita harus nyari mangsa yang cantik, cantik biasanya, bahwa. Terus kena, kena, kena. Ini lagi ada warnanya ngakulik. Ya, lagi Razia! Ya, ya, ya! Kan buka muka depan, maju. Gila kan, gila kan? Bisa-bisanya gak bawa kolak Warda ya? Ini muka-muka orang yang ketilang kita ya. Kira-tila lu cantik kan. Dia mau bawa produk lipstick dari Warda saat berkegiatan. Terlihat muka-muka menyesal sih. Sekian Razia kita hari ini tapi kalian harus tetap wawar. Padahal jangan lupa bawa lipisnya Warda. Kita bakal patrol di Menda Dak. Siapkan Warda kalian.",5,"ya, dia! menang rosya mana? iya, nih, mana? mana, menang, buka, buka, buka! ben, nih, kb, doi. apakahapakah membawa produk warda? terserah! orang punya! yay! kakaknya bawa produk warda. betul. coba. jangan, jangan, jangan. nyari mangsa cantik, cantik biasanya, bahwa. kena, kena, kena. warnanya ngakulik. ya, razia! ya, ya, ya! buka muka depan, maju. kan, kan? bisabisanya bawa kolak warda ya? mukamuka orang ketilang ya. kiratila cantik kan. bawa produk lipstick warda berkegiatan. mukamuka menyesal sih. sekian razia wawar. lupa bawa lipisnya warda. patrol menda dak. siapkan warda kalian."
"Hai, seperti yang Anda tahu, saya sangat gembira tentang video ini Karena hari ini kita akan membahas shopee haul gue yang isinya tas semua Parah gue bisa belanja tas banyak banget dan kita akan coba yang satu-anak Pertama, kita punya yang lagi gue pakai sekarang Ini enak banget, gue tuh memang udah suka bahas sama modelannya pavi ini kan Tapi gue gak punya ukuran ini Ini tuh kayak sebenarnya talinya pendek gitu, mereka harusnya di sini atau di sana Tapi enak banget dipakainya dan dalamnya putih Jadi kayak keliatan semua barang-barang lo didalamnya dengan baik dan benar gitu Gue udah pakai dia beberapa kali dan emang enak banget dipakainya Karena dia kayak jaraknya agak jauh, jadi sebenarnya di ginian juga masih enak banget gitu Itu sangat kelihatan, gue suka ini Terus gue bilang ini salah satu favorit gue, karena ini lucu banget menurut gue Dia kayak serut gitu, tapi dalamnya juga gede banget menurut gue, sangat spesias Diserutnya juga aman-damai, tidak ada masalah dan jadi kayak gini, gemes banget gak sih? Ini juga spesinya lumayan gede, jadi masih dengan sangat comfortable, you can put it here Dia velvet gitu bahannya dan gue suka banget motifnya, gemes banget, hati warna warni gitu Ini terlalu lucu, oh my god Oke, ini adalah favorit gue, gue suka ini so much Karena ini gemes banget, unik banget menurut gue Talinya kayak gini dan bisa lo, ini bener-bener kayak free banget Settingannya bisa lo panjang pendekin, suka-sukal lo gitu Bentuknya cylinder gini sih, makanya gue gemes banget, dalamnya juga spesias parah Dan dia juga masih ada spesinya lagi di samping-sampingnya, ini bisa dibuka Ini udah settingan paling panjangnya, kayak begini kira-kira Lucu banget gak sih? Gue sih suka banget ya, karena ini bentuknya lucu sekali, terlalu gemes Terus kita punya ini, ini juga gemes banget, parah Gue tuh jarang banget beli tas putih ya, karena gue males kayaknya akan cepet kotor atau gimana Karena gue anaknya kayak ragnarok, rusu banget gitu Jadi gue gak akan buat kerja yang bagus di menjaga ini aman Tapi karena harga super duper terjangkau, gak masalah saya tidak sakit-hati-sakit-hati amat gitu ya kan Ini settingan yang di tengahnya, bisa lebih pendek, bisa lebih panjang, gue suka ini Seperti biasa, semuanya gue taruh linknya di profil gue ya, tinggal dibuka aja Terus, ini juga gue suka banget, ini kayak bag boling, ya gak sih namanya, kalo gue tidak misalkan Tapi kulitnya bukan yang kaku, masih gampang banget dibuka tutup gitu Dan jadinya spesius, parah, dalamnya muat banyak banget Kayaknya gak berisik gitu loh depan belakang, dan gue pikir gue akan pakai seperti ini Kayaknya menurut penerawangan gue Karena ini kayak gemes banget, bentuknya yang gak sih, lucu banget kayaknya ini mau bol pas dan udah jalan kayak gini aja Apa, ada apa, oh iya, biar kelihatan ya Ini salah satu favorit gue juga, dari semua yang kita bahas hari ini You should totally, totally get this one, I highly recommend this Terus kita punya ini, ini juga lucu banget, gue suka banget patternnya Dan enak banget dipakainya, resulitingnya juga sangat-sangat mudah dibuka tutup gitu Spesinya juga banyak banget, dan talinya juga bisa lo adjust Ini yang paling pendek, settingan paling pendek, masih nyaman banget, spesinya masih banyak banget I also love this, so, so, so much Nah, yang terakhir, warna mas bed, gemes banget, asli gue udah gak ngerti lagi ini cakep banget dan gede gitu Tapi gak gede-gede amat, tapi muatnya banyak banget Dan ini kayak pas buat apapun tujuan hidup lo, udah buat kuliah bisa, buat ngantar bisa, buat sekolah bisa Buat ke supermarket bisa, buat pacaran bisa, ya kan kayak apa sih kamu tuh mau nya apa, disitu terlalu gemoy Dalamnya masih ada compartment nya lagi, kayak cuma pouch gitu doang I really, really love this, dan again bahannya yang slouchy dan gak berat gitu loh Because I'm like, I'm so done with heavy bags, gue udah males banget gue mau yang gak berat Karena saya isinya tulang doang ya, kalau tas gue berat, gue males banget kayak apaan sih aku capek, aku mau pulang gitu So that is it, itu semua perbelanjaan tas gue yang sangat menyenangkan I swear to god, none of them is bad Tidak ada satupun yang gue gak suka, they're all so good",7,"hai, tahu, gembira video membahas shopee haul isinya tas parah belanja tas banget coba satuanak pertama, pakai enak banget, tuh suka bahas modelannya pavi ukuran tuh kayak talinya pendek gitu, enak banget dipakainya dalamnya putih kayak keliatan barangbarang didalamnya gitu pakai kali emang enak banget dipakainya kayak jaraknya jauh, ginian enak banget gitu kelihatan, suka bilang salah favorit saya, lucu banget kayak serut gitu, dalamnya gede banget saya, spesias diserutnya amandamai, kayak gini, gemes banget sih? spesinya lumayan gede, comfortable, put velvet gitu bahannya suka banget motifnya, gemes banget, hati warna warni gitu lucu, god oke, favorit saya, suka much gemes banget, unik banget talinya kayak gini kamu, benerbener kayak free banget settingannya pendekin, sukasukal gitu bentuknya cylinder gini sih, gemes banget, dalamnya spesias parah spesinya sampingsampingnya, dibuka settingan panjangnya, kayak kirakira lucu banget sih? sih suka banget ya, bentuknya lucu sekali, gemes ini, gemes banget, parah tuh jarang banget beli tas putih ya, males kayaknya cepet kotor gimana anaknya kayak ragnarok, rusu banget gitu kerja bagus menjaga aman harga super duper terjangkau, sakithatisakithati gitu settingan tengahnya, pendek, panjang, suka biasa, taruh linknya profil ya, tinggal dibuka aja terus, suka banget, kayak bag boling, sih namanya, kulitnya kaku, gampang banget dibuka tutup gitu spesius, parah, dalamnya muat banget kayaknya berisik gitu loh belakang, pikir pakai kayaknya penerawangan kayak gemes banget, bentuknya sih, lucu banget kayaknya bol pas jalan kayak gini aja apa, apa, iya, salah favorit juga, bahas totally, totally get one, highly recommend ini, lucu banget, suka banget patternnya enak banget dipakainya, resulitingnya sangatsangat mudah dibuka tutup gitu spesinya banget, talinya adjust pendek, settingan pendek, nyaman banget, spesinya banget also love this, so, so, much nah, terakhir, warna mas bed, gemes banget, asli mengerti cakep banget gede gitu gedegede amat, muatnya banget kayak pas apapun tujuan hidup kamu, kuliah bisa, ngantar bisa, sekolah supermarket bisa, pacaran bisa, kayak sih tuh nya apa, disitu gemoy dalamnya compartment nya lagi, kayak pouch gitu doang really, really love this, bahannya slouchy berat gitu loh like, done heavy bags, males banget berat isinya tulang doang ya, tas berat, males banget kayak sih capek, pulang gitu it, perbelanjaan tas menyenangkan swear god, none bad satupun suka, theyre good"
"Tutorial melakukan backhand volley Pertama, lakukan split step Kedua, busakan beban tubuh Anda di kaki kiri dan tip off racket berada di atas Ketiga, lakukan ayunan raket di depan tubuh ketika pesentuhan dengan bola sambil memindahkan beban tubuh ke kaki kanan Kalau udah ngekoment, tipus kainin sama lagi yang mau kalian kelajari",4,"tutorial backhand volley pertama, lakukan split step kedua, busakan beban tubuh kaki kiri tip racket ketiga, lakukan ayunan raket tubuh pesentuhan bola memindahkan beban tubuh kaki kanan ngekoment, tipus kainin kelajari"
"Jadi karena aku acne prone, aku itu sangat spesifik tentang teksjur skin care Aku bingung banget karena dia ada ingredient aktif, tapi dia sangat ringan di wajah aku Terus dia gak bikin redness, gak bikin irritasi, gak bikin dry patches Jadi aku sangat gembira tentang yang ini Yang warna silver ini, kandungannya itu ada retinal dan sistemi Funksinya itu bisa untuk hyperpigmentation, kemudian untuk kulit kusam atau dar spot yang susah hilang Untuk warna tosca ini, kandungannya ada pdrn, kemudian ada exosome dan ada epidermal growth factor Biasanya ingredients-ingredients itu digunakan di skin booster kalau di treatment yang biasanya di suntik itu pakai jarung Yang mungkin harga itu jutaan Dan sistem ini cara kerjanya juga luar biasa menurut aku Karena pembutuhkan hyperpigmentation itu kan kompleks prosesnya Dan dia tuh menyasar banyak banget mekanisme-mekanisme pembentukan melanin di pada kulit Jadi bagus banget, terutama apalagi digabungkan secara bersamaan Red generationnya dapat dari retinal, terus untuk hyperpigmentationnya dapat dari sistemin Jadi langsung kulit bisa terlihat lebih cerah, tekstur juga merata Semua skin goals bisa lebih tercapai sepertinya hanya dengan satu produk ini Ini sebenernya teman-teman adalah serum pertama di Indonesia yang mengandung vegan exosome Funsinya memang exosome itu seperti kaya kurir gitu yang membawa pesan kaya ke kulit gitu ya Supaya cepet-cepet regenerasinya gitu Karena vegan itu dia lebih aman, lebih stabil juga dan lebih rendah resiko allerginya gitu kak",2,"acne prone, spesifik teksjur skin care bingung banget ingredient aktif, ringan wajah redness, irritasi, dry patches gembira warna silver ini, kandungannya retinal sistemi funksinya hyperpigmentation, kulit kusam dar spot susah hilang warna tosca ini, kandungannya pdrn, exosome epidermal growth factor ingredientsingredients skin booster treatment suntik pakai jarung harga jutaan sistem kerjanya pembutuhkan hyperpigmentation kompleks prosesnya tuh menyasar banget mekanismemekanisme pembentukan melanin kulit bagus banget, digabungkan bersamaan red generationnya retinal, hyperpigmentationnya sistemin langsung kulit cerah, tekstur merata skin goals tercapai produk sebenernya temanteman serum indonesia mengandung vegan exosome funsinya exosome kaya kurir gitu membawa pesan kaya kulit gitu cepetcepet regenerasinya gitu vegan aman, stabil rendah resiko allerginya gitu kak"
Boleh nanya ga? Nama lu asli siapa sih? Nama itu ga penting om. Nama itu ga penting yang penting adalah hasil kreasi kita. Gw denger mobilnya sport car semua ya? Nggak. Ga kebeliom. Mobil-mobil itu ga om. Om. Kan sekarang ada mobil Cina. What do you think about mobil Cina? Mobil Cina itu surprisingly bagus-bagus. Vinfast VF3. Udah masuk nih belum? Belum. Belum. Oh lu punya Vinfast juga? Nationalism-ulai dimana itu mobil Vietnam? Walaupun ya. Dari semua merak mobil ga ada yang merak Indonesia? Merak Indonesia tuh ada.,6,nanya tidak? nama asli sih? nama om. nama hasil kreasi kita. mendengar mobilnya sport car ya? tidak. kebeliom. mobilmobil om. om. mobil cina. think mobil cina? mobil cina surprisingly bagusbagus. vinfast vf. masuk nih belum? belum. belum. vinfast juga? nationalismulai dimana mobil vietnam? ya. merak mobil merak indonesia? merak indonesia tuh ada.
"bro, caranya pull up gimana? ajari dong oke siap, itu ada pull up bar tuh let's go pertama latihan ngelantungan dulu sampai bisa 20 detik ya terus latihan pull up struct sampai bisa 10 kali buat ngelatih otot penguatas atau otot trapezius terus latihan dulu gerakan nomanya australian pull up sampai bisa 12 kali ya nah terus bisa pakai kursi ini buat gerakan negatif pull up nah kayak gitu tuh oke abis itu bisa pakai resistance band biar waktu latihan pull up lebih enteng coba incer 10 sampai 12 petisi ya dan selamat kamu akan mendapatkan pull up pertamamu kalau udah latihan semua gimana? kerti kan? cobain ya? oke oke, kita cobain ya let's go kita cobain ya uuuhuuhuhuhuhuuhuhuhuhuhuhuhuhuhuhuhuhuhuhuhuhuhuhuhuhhVA",2,"bro, pull gimana? ajari oke siap, pull bar tuh lets latihan ngelantungan detik latihan pull struct kali ngelatih otot penguatas otot trapezius latihan gerakan nomanya australian pull kali pakai kursi gerakan negatif pull kayak gitu tuh oke habis pakai resistance band latihan pull enteng coba incer petisi selamat pull pertamamu latihan gimana? kerti kan? cobain ya? oke oke, cobain lets cobain uuhuuhuhuhuhuuhuhuhuhuhuhuhuhuhuhuhuhuhuhuhuhuhuhuhuhhva"
"Mau isi angin ban tapi bingung berapa tekanannya, ceknya di sini cing. Kebanyakan pabrikan kasih stiker rekomendasi tekanan angin ban di area pilat. Bagian bawah, kayak di honda BRV ada di sini nih. Biasanya stiker ini nunjukin dimensi ban, udah gitu tekanan angin tergantung bobot yang sedang diangkut. Misalnya kayak BRV ini nih, ada 5 orang plus barang atau 7 orang plus barang tekanannya sama. Dibacanya 220 kPa atau sekitar 2.2 bar atau 32 psi. Dan termasuk juga tekanan angin untuk ban syarepnya. Rekomendasi pabrikannya ini jadi penting karena kalau tekanan trawting, giberpotensi menurunkan traksi atau meningkatkan risiko pecah ban. Dan kalau trawtenya bisa menurunkan efisiensi bahan bakar. Nah dengan tekanan yang pas jadi untuk urusan safety, performa dan efisiensi, semuanya bisa optimal cing.",7,"isi angin ban bingung tekanannya, ceknya cing. kebanyakan pabrikan kasih stiker rekomendasi tekanan angin ban area pilat. bawah, kayak honda brv nih. stiker nunjukin dimensi ban, gitu tekanan angin tergantung bobot diangkut. kayak brv nih, orang plus barang orang plus barang tekanannya sama. dibacanya kpa bar psi. tekanan angin ban syarepnya. rekomendasi pabrikannya tekanan trawting, giberpotensi menurunkan traksi meningkatkan risiko pecah ban. trawtenya menurunkan efisiensi bahan bakar. tekanan pas urusan safety, performa efisiensi, optimal cing."
"Kalau ditanya bagian makeup mana yang menurut gue paling perlu lo fokusin atau paling pantas lo investasikan Jawaban gue adalah area complexion, tepatnya foundation Karena menurut gue foundation adalah dasar dari makeup lo Dia akan menentukan sekali hasil makeup lo secara keseluruhan kayak gimana Dan hari ini kita akan bahas salah satu foundation yang gue lagi suka banget Ini kemarin udah gue bikin video unboxingnya dan ternyata pas gue pakai bagus banget bangetan Ini yang gue pakai sekarang, do you see how nice my skin looks? It's crazy good Ini tidak lakis tidak bukaan adalah dari Loreal Ini produk terbarunya kayaknya Invaluable 32 hour matte cover Dan ada 4% nice in the micnya Udah gitu ada SPF juga, SPF 25 dan PA++ Namanya matte ya kan matte cover Tapi menurut gue kayak bukan matte yang bikin jadi kering atau uncomfortable gitu Masih enak banget, masih nyaman banget Dan tiap gue pakai gue tak jeep kembali gitu loh Ini kayak bener-bener bagus banget coveragenya Kayak langsung menyama ratakan warna muka gue tanpa bikin dia keliatan mati, ngerti gak? Dan itu untuk gue adalah kaya yang terbaik untuk foundation yang bagus Dan gue juga suka karena dia kayak anti badai gitu loh Gue gak ngerti bener-bener gak transfer sesuai penjelasannya ya Bener-bener kayak gak ada transfernya sama sekali Pokoknya muka lo jadinya bener-bener seharian tuh keliatan fresh terus gitu Ngeri gak sih? Siapa yang gak mau itu? Ini bener-bener bagus Kalau lo belum pernah nyoba, lo harus coba ini",4,"makeup fokusin investasikan area complexion, tepatnya foundation foundation dasar makeup menentukan hasil makeup kayak gimana bahas salah foundation suka banget kemarin video unboxingnya pas pakai bagus banget bangetan pakai sekarang, see nice skin looks? crazy good lakis bukaan loreal produk terbarunya kayaknya invaluable hour matte cover nice micnya gitu spf juga, spf namanya matte matte cover kayak matte kering uncomfortable gitu enak banget, nyaman banget pakai jeep gitu loh kayak benerbener bagus banget coveragenya kayak langsung menyama ratakan warna muka keliatan mati, mengerti tidak? kaya terbaik foundation bagus suka kayak anti badai gitu loh mengerti benerbener transfer sesuai penjelasannya benerbener kayak transfernya pokoknya muka benerbener seharian tuh keliatan fresh gitu ngeri sih? itu? benerbener bagus nyoba, coba"
ini ada informasi penting luar biasa soal pengganti gula pasir saya kira saya kira aku lagi diet nih aku lagi minum Stevia buat penggunaan Stevia dalam jaka panjang itu justru berbahaya karena bisa nekat iya mbak berbahaya karena bisa ningkatin resiko kayak tekan ADM terus ada bisa nekanker juga dan itu udah ada di guidelinenya WHO jadi gua setuju sekali makanya gua mau share beberapa research studies yang tunjukin kalau Stevia itu punya efek anti diabetes dari sisi in vivo in vitro sampai ke clinical studies tembakan baca aja kalau mau ngeliat ok tinggal pause terus screenshot tembakan ambil titulnya masuk ke google scholar terus yang kedua gua juga mau share bahwa sekarang udah mulai keluar emerging evidence kalau Stevia itu juga punya efek anti kanker dari sisi in vitro dan in vivo studies menarik sekali gua setuju sekali dengan kakak-kakak yang cantik-cantik dan ganteng-ganteng itu kalau konsumsi Stevia itu bisa menyebabkan lu kena kanker dan diabetes karena Stevia itu punya efek anti diabetes dan anti kanker,7,informasi pengganti gula pasir diet nih minum stevia penggunaan stevia jaka berbahaya nekat iya mbak berbahaya ningkatin resiko kayak tekan adm nekanker guidelinenya setuju share research studies tunjukin stevia efek anti diabetes sisi vivo vitro clinical studies tembakan baca aja ngeliat tinggal pause screenshot tembakan ambil titulnya masuk google scholar share emerging evidence stevia efek anti kanker sisi vitro vivo studies menarik setuju kakakkakak cantikcantik gantengganteng konsumsi stevia menyebabkan kena kanker diabetes stevia efek anti diabetes anti kanker
"ini adalah motorspot tapi pakai belt kenapa pakai belt? ini seperti hari Davidson jadi penyaluran tenaga korodablaknya pakai sabuk ini nyebutannya kalau engga lah toot belt gitu ya jadi belt gitu tapi ada giri-giri giniya ya sebenernya kayak vi beltnya matis sebenarnya tapi ini gunakan buat penyaluran tenaga korodablaknya jadi kelebihannya salahatunya adalah lebih senyap ya terus entakannya lebih halus ya karena kalau berikan ada lembutannya ya karena kan karet gitu ya ada karet, cabur, karbon gitu ya lebih nyaman sih dan ya kayak hari Davidson gitu, kesannya beda ya engga pakai rantai",6,"motorspot pakai belt pakai belt? davidson penyaluran tenaga korodablaknya pakai sabuk nyebutannya engga toot belt gitu belt gitu girigiri giniya sebenernya kayak beltnya matis penyaluran tenaga korodablaknya kelebihannya salahatunya senyap entakannya halus lembutannya karet gitu karet, cabur, karbon gitu nyaman sih kayak davidson gitu, kesannya beda engga pakai rantai"
"Namanya ngecas mobil istrik, udah pasti urusannya sama waktu. Nah, biasanya disediakan fitur-fitur yang bisa bikin lebih nyaman untuk kita tungguin dalam mobil. Maka dari itu, market chopping. Di KIP6 yang lagi kita pake, Dui punya relaxation comfort seat di depan, yang bisa diaktifin lewat switch di panel jok elektriknya. Dengan begini, sandaran punggung akan dibikin rebah, dan gitu sanggahan pahad dibikin lebih naik, untuk kasih posisi duduk yang menyaris horizontal. Kalau udah jadi, tinggal atur lagi sesuai dengan penginginan. Sembari mantal persentasi baterai setel AC di temperatur paling rendah, udah gitu aktifin heated seat biar berasa lagi selimutan di kalah hujan. Atau pake ventilated seat aja kalau mau ademnya pol-polan. Udah gitu, tinggal nyalin sounds of nature yang disokong sama 14 speaker premium dari Meridian, yang mana stagingnya itu berasa, jernih, dan bikin ambience-nya itu dapat banget. Kayak lagi dipantai. Untuk urusan ngecas, E-V6 bisa nerima daya lebih dari 200 kW, yang cepat untuk isi ulang baterai terutama ke 80%. Tapi emang mesin charger yang support daya lebih dari 200 kW masih relatif jarang. Walian jelas, bikin tubuh baterai udah full, disebut bisa nempuh sampai 500 km lebih. Contrast dari sisi yang serba santai ketika tadi dipakai ngecas, Kia E-V6 justru punya sisi yang serius ketika udah dibawa jalan. Tanahganya nendang dengan bekal dual motor all-wheel drive yang sanggup hasilkan premium acceleration 0-100kW di 5.2 detik. Dan untungnya dibaringin dengan sistem kemudian yang responsif, direct, tajam, dan bantingan yang firm tapi gak bikin sakit tinggang. Jadi intinya, doi selain punya tanahga yang besar, dibaringin juga dengan rasa yakin untuk mengeluarin seluruh tanahganya. Ditambah lagi, masih nyaman untuk dipakai hari-hari. Nah, emang untuk support daily lebih dari cukup. Misal ada sedang dengan adaptive cruise yang bisa beroperasi sampai kecepatan rendah, lane keeping assist, dan jadi makin aman karena bisa bantu mencegah risiko. Tabrak misalnya lagi kurang fokus ke jalan. Bahkan uniknya lagi ada kemampuan parkir V-Remo2 yang bisa bantu untuk parkir sampai keluar parkir tanpa sopir di balik kemudian. Rasa selara segaya dan kelengkapan juga cukup sesuai harga. Gimana? Tertarik untuk bau pulang? Cek aja dulu websitenya, Kia, karena lagi ada penawaran buat dapetin tambahan diskon sampai 40 juta untuk seluruh line-up tidak terkejuali EV seperti EV6 ini, Cing.",7,"namanya ngecas mobil istrik, urusannya waktu. nah, disediakan fiturfitur nyaman tungguin mobil. itu, market chopping. kip pake, dui relaxation comfort seat depan, diaktifin switch panel jok elektriknya. begini, sandaran punggung dibikin rebah, gitu sanggahan pahad dibikin naik, kasih posisi duduk menyaris horizontal. jadi, tinggal atur sesuai penginginan. sembari mantal persentasi baterai setel temperatur rendah, gitu aktifin heated seat berasa selimutan kalah hujan. pake ventilated seat aja ademnya polpolan. gitu, tinggal nyalin sounds nature disokong speaker premium meridian, stagingnya berasa, jernih, ambiencenya banget. kayak dipantai. urusan ngecas, nerima daya kw, cepat isi ulang baterai emang mesin charger support daya relatif jarang. walian jelas, tubuh baterai full, nempuh lebih. contrast sisi serba santai dipakai ngecas, kia sisi serius dibawa jalan. tanahganya nendang bekal dual motor allwheel drive sanggup hasilkan premium acceleration detik. untungnya dibaringin sistem responsif, direct, tajam, bantingan firm sakit tinggang. intinya, doi tanahga besar, dibaringin mengeluarin tanahganya. ditambah lagi, nyaman dipakai harihari. nah, emang support daily cukup. adaptive cruise beroperasi kecepatan rendah, lane keeping assist, aman bantu mencegah risiko. tabrak fokus jalan. uniknya kemampuan parkir vremo bantu parkir parkir sopir kemudian. selara segaya kelengkapan sesuai harga. gimana? tertarik bau pulang? cek aja websitenya, kia, penawaran dapetin tambahan diskon juta lineup terkejuali ini, cing."
"jadi saya hanya memasukkan set ini, dan saya suka, warna saya suka banget bahannya juga enak banget dan dia melarparah gitu dan ini sebenarnya masih agak panjangan jadi saya super-on some heels, tapi ya tinggal lo suksuaikan aja karena dia super adjustable gitu, bahannya enak banget, adem gak geras sama sekali tapi yang buat tidak sadar adalah dia datang dengan hijabnya, jadi satu set juga, aku gak ngem karena saya ogah rugi, jadi kita pakai aja sekalian menang, saya pasti akan tanya tentang hijab juga, jadi gue tunjukin aja hah, bener gak? bener gak aku? bener ya kayanya, aku gak ternyata napa-papa nih, maaf saya agak kurang yakin nih dengan kebenaran cara pemakaiannya ya, tapi kira-kira seperti ini I really really love this color, dan bener-bener enak banget dipake yang menurut gue selananya juga ada kantongnya, tentunya jangan khawatir dan ini panjangnya juga pas banget, I really love this side terus gue juga beli tas ini, cakep banget, bener-bener enteng dan gampang banget dipakainya gue mba tutupnya ngeri bersama sekali, dan ini berjalan dengan kualitas ini dan tentunya juga gue tambah banyak julari karena ini adalah uang yang mudah jadi gue pakai macem-macem cincin dan kalung dan segala macem gitu cuma untuk tambah sesuatu ya tau, hari yang baik, bye",4,"memasukkan set ini, suka, warna suka banget bahannya enak banget melarparah gitu panjangan superon heels, tinggal suksuaikan aja super adjustable gitu, bahannya enak banget, adem geras sadar hijabnya, set juga, ngem ogah rugi, pakai aja menang, hijab juga, tunjukin aja hah, bener tidak? bener aku? bener kayanya, napapapa nih, maaf nih kebenaran pemakaiannya ya, kirakira really really love color, benerbener enak banget dipake selananya kantongnya, khawatir panjangnya pas banget, really love side beli tas ini, cakep banget, benerbener enteng gampang banget dipakainya mba tutupnya ngeri sekali, berjalan kualitas julari uang mudah pakai macemmacem cincin kalung macem gitu tahu, baik, bye"
"baru lihat packagingnya aja, I'm falling in love and finally I have this product ini susah banget dicariinnya ya, ini perfumnya Bella Hadid dan saya sebagai asha hadat, harus mereview produknya Bella Hadid ini adalah Orbella Perfume dan aku punya semua variannya tapi aku tuh pernah serda kira-kira mana yang paling favorit aku dia ini bukan sekedar perfume tapi dia tuh kayaknya lebih ke arah fragrance oil jadi kalau kalian mau pakai, kalian harus shake dulu terus kalian sempurna, terus kalian masaj jadi dia bikin kulit keliatan glowing-glowing juga gitu oh my god, yang ini anak banget parah window to soul ini wanginya sangat sof aku memang pertama impresi yang warnanya paling aku suka kayak ini pastinya sebelumnya udah coba parfum Orbella ini kentahanannya itu kurang lebih 5-6 jam karena dia memang lebih sof dibanding ke intense fragrance gitu cuma karena dia nempel, kayak oily di kulit gitu jadi walaupun searchen projection yang nggak terlalu jembreng tapi kalau longevity dan juga intimesinya tuh dapet banget jadi kalau orang deket sama kita gitu, pasti akan keciyum bawunya ini notes-notesnya ada di sini adalah top notes ada geranium, lemon, sama mint di middle notesnya ada danes rose dan jasmine dan di base notesnya ada tonkabin jadi wangi creamy dan sweetnya itu dari tonkabinnya diperlembut dengan wangi rose jadi wanginya belah hadiah ternyata tuh tipe yang kayak lebih zen calm suit halahnya ke arah manis gitu, tapi manis zen ya, temen-temen Salted Muse, aku udah cek Salted Muse ini yang paling banyak dapet over dan paling jadi favorit banyak orang aku udah coba, first impression aku itu langsung kayak ini sih wangi lebih hotel mewah zen, greenish gitu terus kayak sage menurut aku, representing something yang membuat kita tuh tenang bukan bau-bau, intimidating, powerful and independent woman gitu bukan top yang ngebayang belah hadiah gimana ini wangnya representing belah hadiah gitu top notesnya tuh di sini ada sea salt, pink pepper, CO2 extra which I don't know what it is tapi kayak sea saltnya keciyum banget di middle notesnya ada olive tree accord, fig and lavender maksudnya sih zen, zen, zen di base notesnya ini ada cedar, sandalwood and amber mungkin greenishnya tuh karena ada sea salt, olive greenishnya juga bukan yang terlalu kayak bau-pohon turun hujan gitu enggak tapi menurut aku balance banget bawunya dan bawunya itu enggak murahin sama sekali ini yang paling aku tunggu-tunggu on night cat, karena warnanya tuh warna coklat favorit aku kalau misalnya botolnya belum dishake dia kelihatannya kayak gini, tapi pas udah dishake soalnya akan kayak keluar gitu ya enggak sabar buat cium yang ini oke ini juga kurang lebih wanginya zen, sweet, ada something yang kayak creamy gitu top notesnya di nightcap ini ada ginger, cardamon, dan ada wajak wood terus di middle notesnya ada warm blend of vanilla sama cheese terus di base notesnya ada sandalwood and patchouli jadi ya tadi aku bilang kayak sweet vanillanya ada, terus kayak ada budinya, telah bet soalnya belum ada yang aku enggak suka dan terakhir ini adalah yang blooming fire semua warnanya warna coklat-coklat aku banget cinta banget guys oke finally yang ini bukan wangi zen tapi ini wangi baby floral pasti yang akan menjadi favorit warga indonesia cinta wangi floral aku bisa banget mencium ada jasmine disini top notesnya disini ada bergamot, sedarwood, love lips, and cardamon dan di middle notesnya disini ada bonoy and jasmine jasmine itu selalu duaminan mau di-top notes, middle notes, atau base notes base notesnya ada patchouli tapi jujur, first impressionnya adalah it's a floral jasmine scent dan yang ini yang paling beda vibesnya dibanding yang lain tapi overall, honestly gak ada yang aku enggak suka wanginya bener-bener enak semua soft and soft and very representing Bella Hadid gitu loh karena tau kan, Bella Hadid kayak cerep natural, beautiful ini wangi-wanginya wangi-wangi semuanya enggul, parah, dan packagingnya itu berat unik, nyentri, cantik, estetik udah gak ngerti lagi ini faham, perfect banget semua skornya dari aku 9-4 karena aku pecinta Bella Hadid kalau itanya favorit aku yang mana so far, nice cap ini favorit aku dari sebih estetik botol dan juga sebih wanginya karena ini ada mix of something yang strong tapi juga masih sweet banget check well, as such di kualitas ini aku excited banget, karena ini nyarinya itu susah parah, super worth it kalau kalian mau jas tip, ada jas tip, aku beli dekat mari kita tag Orla Bella dan Bella Hadid bersama-sama biar launching di Indonesia, please karena ini pasti marketnya banyak-banyak yang suka wanginya bener-bener yang dual semua jarang aku menemukan wangi perfume yang bener-bener ini tuh blind by semua, tapi gak pasaran dan gak nyobelin gitu, bauunya gak kayak gitu seras sekali wanginya bener-bener calm and zen and beautiful semua sesuai sama yang bikin dan sama kayak ngeri sekian review dari saya, bye-bye everyone nekstnya review parfum apa lagi",6,"lihat packagingnya aja, falling love finally product susah banget dicariinnya ya, perfumnya bella hadid asha hadat, mereview produknya bella hadid orbella perfume variannya tuh serda kirakira favorit sekedar perfume tuh kayaknya arah fragrance oil pakai, shake sempurna, masaj kulit keliatan glowingglowing gitu god, anak banget parah window soul wanginya sof impresi warnanya suka kayak pastinya coba parfum orbella kentahanannya jam sof dibanding intense fragrance gitu nempel, kayak oily kulit gitu searchen projection jembreng longevity intimesinya tuh dapet banget orang deket gitu, keciyum bawunya notesnotesnya top notes geranium, lemon, mint middle notesnya danes rose jasmine base notesnya tonkabin wangi creamy sweetnya tonkabinnya diperlembut wangi rose wanginya belah hadiah tuh tipe kayak zen calm suit halahnya arah manis gitu, manis zen ya, temanteman salted muse, cek salted muse dapet favorit orang coba, first impression langsung kayak sih wangi hotel mewah zen, greenish gitu kayak sage aku, representing something tuh tenang baubau, intimidating, powerful independent woman gitu top ngebayang belah hadiah gimana wangnya representing belah hadiah gitu top notesnya tuh sea salt, pink pepper, extra dont know kayak sea saltnya keciyum banget middle notesnya olive tree accord, fig lavender maksudnya sih zen, zen, zen base notesnya cedar, sandalwood amber greenishnya tuh sea salt, olive greenishnya kayak baupohon turun hujan gitu balance banget bawunya bawunya murahin tunggutunggu night cat, warnanya tuh warna coklat favorit botolnya dishake kayak gini, pas dishake kayak gitu sabar cium oke wanginya zen, sweet, something kayak creamy gitu top notesnya nightcap ginger, cardamon, wajak wood middle notesnya warm blend vanilla cheese base notesnya sandalwood patchouli bilang kayak sweet vanillanya ada, kayak budinya, bet suka blooming fire warnanya warna coklatcoklat banget cinta banget guys oke finally wangi zen wangi baby floral favorit warga indonesia cinta wangi floral banget mencium jasmine top notesnya bergamot, sedarwood, love lips, cardamon middle notesnya bonoy jasmine jasmine duaminan ditop notes, middle notes, base notes base notesnya patchouli jujur, first impressionnya floral jasmine scent beda vibesnya dibanding overall, honestly suka wanginya benerbener enak soft soft representing bella hadid gitu loh kan, bella hadid kayak cerep natural, beautiful wangiwanginya wangiwangi enggul, parah, packagingnya berat unik, nyentri, cantik, estetik mengerti faham, perfect banget skornya pecinta bella hadid itanya favorit far, nice cap favorit sebih estetik botol sebih wanginya mix something strong sweet banget check well, kualitas excited banget, nyarinya susah parah, super worth jas tip, jas tip, beli mari tag orla bella bella hadid bersamasama launching indonesia, please marketnya banyakbanyak suka wanginya benerbener dual jarang menemukan wangi perfume benerbener tuh blind semua, pasaran nyobelin gitu, bauunya kayak gitu seras wanginya benerbener calm zen beautiful sesuai kayak ngeri sekian review saya, byebye everyone nekstnya review parfum"
"Kombo kandungan skin care yang paling ampuh buat mudarin dark spot dan bekerja rawat adalah Niacinamide plus Tannicamic acid plus Arbutin Dan ketiga kandungan tersebut bisa kamu dapatkan dalam satu botol buat tanin serum viralnya Anua yang ini Yes, kandungan penceranya emang saya langkap itu Ada 10% Niacinamide, 3% Tannicamic acid, dan 2% Arbutin Makanya serum ini tuh ampuh banget buat mudarin bekerja rawat hitam, flek hitam, mencerahkan kulit Setelah meratakan mana kulit juga Tekstur kan lumayan cair dan nyaripe nggak pakai lama Dan aku sadar setelah seru menyarap, dia tuh masih meninggalin rasa hydriding yang bikin kulit dikenyalkan gini Dan masih efek leaskin leluk juga Mungkin ada yang bingung, kok yang versi global ternyata sampai acetan 4% Sedangkan versi Indonesia 3% Jawabannya adalah supaya korok ini tuh cocok dipake di iklim dan di kulit orang Indonesia Gitar jeren, ya intinya masih sama-sama bagus buat mudarin bekerja rawat dan flek hitam",6,"kombo kandungan skin care ampuh mudarin dark spot rawat niacinamide plus tannicamic acid plus arbutin ketiga kandungan dapatkan botol tanin serum viralnya anua yes, kandungan penceranya emang langkap niacinamide, tannicamic acid, arbutin serum tuh ampuh banget mudarin rawat hitam, flek hitam, mencerahkan kulit meratakan kulit tekstur lumayan cair nyaripe pakai sadar seru menyarap, tuh meninggalin hydriding kulit dikenyalkan gini efek leaskin leluk bingung, versi global acetan versi indonesia jawabannya korok tuh cocok dipake iklim kulit orang indonesia gitar jeren, intinya samasama bagus mudarin rawat flek hitam"
"Hai aku Asna, aku Rara, kita dari WA Semarak. Bukalaman aku selamat jadi WA, aku senang banget karena punya banyak kesempatan untuk ekspor diri banyak-banyaknya Terus habis itu juga ke teman-teman baru. Kalau aku sama ya kayak Asna, terus tambahnya mungkin ya, teman-temannya tuh semuanya aktif semua Jadi kita tuh kayak terbangun untuk bisa bersaing lagi lebih baik sempet itu Halo, aku Nganat, aku Ami, aku Yunita, aku Nadia, kita dari WA Semarak. Kesan-kesan untuk WA tahun ini seru banget, aku melalui banyak kegiatan dan juga banyak produk-produk wakda. Pengalaman dari aku aku senang banget waktu itu bisa ketemu influencer terkenal di kota Semarang, itu gak terupakan banget. Kesan aku semoga udah semakin maju dan jangan lupa ada WA tahun 2024 ya. Untuk atau untuk warna, selalu di hati. Sarang ya ya. Warna ya kamu sadar untuk kamu sering berhenti, selamat hari! Hai aku Asna, aku Rara, kita dari WA Semarak. Pengalaman aku selama jadi WA, aku senang banget karena punya banyak kesempatan untuk eksplor diri banyak-banyaknya. Terus habis itu juga, teman-teman.",4,"hai asna, rara, semarak. bukalaman selamat wa, senang banget kesempatan ekspor banyakbanyaknya habis temanteman baru. kayak asna, ya, temantemannya tuh aktif tuh kayak terbangun bersaing sempet halo, nganat, ami, yunita, nadia, semarak. kesankesan seru banget, kegiatan produkproduk wakda. pengalaman senang banget ketemu influencer terkenal kota semarang, terupakan banget. kesan semoga maju lupa ya. warna, hati. sarang ya. warna sadar berhenti, selamat hari! hai asna, rara, semarak. pengalaman wa, senang banget kesempatan eksplor banyakbanyaknya. habis juga, temanteman."
"Sebenernya pengen pake nid ini, tapi di luar tuh kayak panas cuy Oke, kita sulaap aja jadi lebih selekot ya Utar ke belakang, bagian tangannya dikebelakangin, terus diiket Bagian depannya, tinggal diiket Masukin ke dalam, tambahin hiasan bunga, ini tengah-tengahnya Rapi-rapi, hinde! Bila lo lebih suka yang tetutup, apa yang selekot?",4,"sebenernya pake nid ini, tuh kayak panas cuy oke, sulaap aja selekot utar belakang, tangannya dikebelakangin, diiket depannya, tinggal diiket masukin dalam, tambahin hiasan bunga, tengahtengahnya rapirapi, hinde! suka tetutup, selekot?"
"seneng banget rasanya aku diundang ke universitas sujai kusuma surabaya untuk ngajarin operasi ikan di valputus kedopteran hewannya gak hanya mahasiswanya aja yang mau update ilmu utam iy dozen-dosen ini juga, disini para dosen mencoba melakukan prosedur operasi pada ikan aku share semua dimulai dari persiapan pralatan, persiapan hewan, hingga apa saja yang boleh dilakukan dan tidak boleh dilakukan selama proses operasi operasi yang kita coba adalah gonadektomi yaitu pengambilan selonat pada jantan atau betina, karena ikan ini betina jadi yang kita ambil adalah telurnya pengambilan telur pada ikan betina biasanya dibutuhkan atau jika telur tidak dapat telur secara natural telur yang tidak bisa dikeluarkan secara normal biasanya akan meningkatkan risiko terhadap kejadian gonadal neoposma yang mencoba operasi kali ini adalah doktor Rahman beliau adalah dosen bedah di fakultas sudut peran hewan universitas sujai kusuma surabaya karena memang sehari-harinya sudah biasa menjalan teroperasi sehingga prosedur ini terlihat sangat tidak sulit untuk beliau aku beresalu dengan para dosen disini yang mau terus menguprek ilmunya Cara dengan tenaga pengajian yang kompeten akan menghasilkan bahasih suai yang terampil",6,"seneng banget diundang universitas sujai kusuma surabaya ngajarin operasi ikan valputus kedopteran hewannya mahasiswanya aja update ilmu utam dozendosen juga, dosen mencoba prosedur operasi ikan share persiapan pralatan, persiapan hewan, proses operasi operasi coba gonadektomi pengambilan selonat jantan betina, ikan betina ambil telurnya pengambilan telur ikan betina dibutuhkan telur telur natural telur dikeluarkan normal meningkatkan risiko kejadian gonadal neoposma mencoba operasi kali doktor rahman beliau dosen bedah fakultas sudut peran hewan universitas sujai kusuma surabaya sehariharinya menjalan teroperasi prosedur sulit beliau beresalu dosen menguprek ilmunya tenaga pengajian kompeten menghasilkan bahasih suai terampil"
"Pastinya kalian udah tau aku ada pacinta jewelry ya Dari anting, cincin, galang, semuanya aku cinta Tapi kemana kalungku? Hari ini aku mau unboxing kalung terbaru aku dari Clemens Allery Dan ini cantik banget Pertama aku mau kasih lihat dulu boxnya ya Udah gitu, setelah dibuka Karena kalian lihat kan ada leather box yang cantik banget Dengan kit kayak gini Tapi ini kalo lo udah kumpuka aku punya 2 dan aku akan kasih lihat ke kalian Pertama itu namanya adalah The Circle of Joy Dan lucunya itu dia ada fragrance representationnya gitu dari kalungnya Ini circle of joy dan kalungnya itu kayak gini Ah bagus banget guys Cantik banget nggak sih? Udah gitu dia itu kurang lebih 2,8-3 gram Dan 18 karagol, karganya disarankan 14 juta Menurut aku ini ada affordable luxury worth it banget Tak teman-teman kalian, tak pacar kalian, tak suami kalian atau tak diri kalian sendiri untuk beli ya Sekarang kita akan coba pertama The Circle of Joy Tada, ini lah dia The Circle of Joy di leher aku, cantik banget Dan aku kayak kalung tuh memang suka yang minimalis gini Karena aku tuh jarang ganti kalung, jadi aku pakai kalung tuh yang daily Tapi yang bisa dipakai acara formal juga Dan menurut aku circle of joy ini, perfect example of that Kalau kalian suka yang gold, kalian pasti akan suka gue lihat sama si circle of joy ini Dan dia itu di tengahnya kayak ada diamondnya gitu, cantik banget Tapi yang namanya Tasha Farasha itu tidak lain, tidak bukan, identik dengan Mother of Pearl Jadi yang favorit aku tuh yang ini, gelang aku ada Mother of Pearl Pearlnya cincin aku ada Mother of Pearl Pearlnya cinta banget sama Mother of Pearl Namanya adalah The Shield of Faith, kita akan pakai sekarang ya hand ini Cantik banget, oh my god Aku tuh memang cinta banget sama Mother of Pearl Dan aku ngerasa memang cocok banget di aku Kalian lebih suka yang tadi gold atau Mother of Pearl Aku lebih suka yang Mother of Pearl ini sih menurut aku ini cantik, parah Dan dia juga ada beberapa koleksi lainnya yang bisa kalian langsung cek aja sendiri Tapi kalau yang paling favorit aku, yang dua ini Dan nambah warnanya adalah si Mother of Pearl ini",7,"pastinya pacinta jewelry anting, cincin, galang, cinta kemana kalungku? unboxing kalung terbaru clemens allery cantik banget kasih lihat boxnya gitu, dibuka lihat leather box cantik banget kit kayak gini kumpuka kasih lihat namanya circle joy lucunya fragrance representationnya gitu kalungnya circle joy kalungnya kayak gini bagus banget guys cantik banget sih? gitu gram karagol, karganya disarankan juta affordable luxury worth banget temanteman kalian, pacar kalian, suami beli coba circle joy tada, circle joy leher aku, cantik banget kayak kalung tuh suka minimalis gini tuh jarang ganti kalung, pakai kalung tuh daily dipakai acara formal circle joy ini, perfect example suka gold, suka lihat circle joy tengahnya kayak diamondnya gitu, cantik banget namanya tasha farasha lain, bukan, identik mother pearl favorit tuh ini, gelang mother pearl pearlnya cincin mother pearl pearlnya cinta banget mother pearl namanya shield faith, pakai hand cantik banget, god tuh cinta banget mother pearl ngerasa cocok banget suka gold mother pearl suka mother pearl sih cantik, parah koleksi langsung cek aja favorit aku, nambah warnanya mother pearl"
"Menggugung tapi takut gerakan salah, karena duetin orang. Satu kata yang mungkin sering kita pikirkan tapi susah untuk dilakuin. Mulai aja dulu. Karena kalau lu gak mau idilin sekarang dan gak pernah nyoba. Bagaimana kita tahu hasilnya? Tapi satu hal yang nyokit adalah usaha tidak akan pernah menghianati hasil.",4,"menggugung takut gerakan salah, duetin orang. pikirkan susah dilakuin. aja dulu. idilin nyoba. hasilnya? nyokit usaha menghianati hasil."
"Kayaknya kasus aku kali ini salah satu kasus yang membuat aku menghelak nafas panjang Gimana engga kalian lihat sendiri gimana kondisi perutnya Perutnya ini sobek karena memang ada kista yang ukurannya sangat besar Selaput putih ini adalah dinding kista yang sudah pecah Kista adalah suatu kantung yang bisa tumbuh di dalam tubuh yang isinya bisa berupa udara, cairan atau semi solid Fish owner kira ikan ini hanya gendong telur biasa Karena kondisinya memang sudah seperti ini, mau ga mau, kisitnya kita angkat dengan segala resipu yang ada Aku lumayan kaget karena kisitnya telah memenuhi hampir 100% dari rungga perut ikan ini Operasi berjalan selama 45 menit aku dibantu oleh tim aku, ada doktor Amel dan doktor Dina Kita harus bisa membedakan mana yang usus dan mana yang mesenterium Makanya dari itu kita pasang selam di Anus sebagai guidance Di akhir operasi, penafasan ikan sempat melambat Bohong kalau aku bilang aku ga dikedekan karena memang sangat berpacu sama waktu Sampai detik ini ikan masih krikis dan belum stabil Aku beri beri berharap ada keajaiban Tuhan Karena aku bisa merasakan semangat hidup yang tinggi dari ikan ini",4,"kayaknya kali salah menghelak nafas gimana engga lihat gimana kondisi perutnya perutnya sobek kista ukurannya selaput putih dinding kista pecah kista kantung tumbuh tubuh isinya udara, cairan semi solid fish owner ikan gendong telur kondisinya ini, ingin, kisitnya angkat resipu lumayan kaget kisitnya memenuhi rungga perut ikan operasi berjalan menit dibantu tim aku, doktor amel doktor dina membedakan usus mesenterium pasang selam anus guidance operasi, penafasan ikan melambat bohong bilang dikedekan berpacu detik ikan krikis stabil berharap keajaiban tuhan merasakan semangat hidup ikan"
"Gepe bilang sih... Gijine, boleh kok kita kasih masukan? Jadi sekarang gue mau lihat video di Instagram at Mario Ruben, coba kita lihat Wish main single, mantap Secara teknik, secara skill, penembatan atau arah bola itu udah ngerti banget lah main blue tankis Nah, satu hal yang temen-temen harus tahu kalau main single itu Itu yang memelahkan karena cuma satu orang untuk nafers satu lapangan Yang jadi catatan, yaitu kaki nya harus dibiasakan enten Kunya foodwork yang tepat, yang bagus Kalau nggak kita keteteran dalam nejar bola Mungkin bisa lihat nih videonya Antoni Ginting dalam posisi ready Selalu harus jinjit Kalau udah nafak, kaki semua nafak tuh Itu cenderung, berat, agility nya atau kecepatannya akan berkurang Dan terlalu menggunakan banyak energi atau tenaga Yang pada akhirnya bikin cepat lelahan Buat mas Mario, Gepe bilang sih... Bisa lah bisa Buat kamu yang main badmintonnya Mau aku kasih masukkan, silahkan upload video kalian di Reels Instagram Dan jangan lupa mention aku dan hashtag Gepe bilang",7,"gepe bilang sih.. gijine, kasih masukan? lihat video instagram mario ruben, coba lihat wish main single, mantap teknik, skill, penembatan arah bola mengerti banget main blue tankis nah, temanteman main single memelahkan orang nafers lapangan catatan, kaki nya dibiasakan enten kunya foodwork tepat, bagus keteteran nejar bola lihat nih videonya antoni ginting posisi ready jinjit nafak, kaki nafak tuh cenderung, berat, agility nya kecepatannya berkurang energi tenaga cepat lelahan mas mario, gepe bilang sih.. main badmintonnya kasih masukkan, silahkan upload video reels instagram lupa mention hashtag gepe bilang"
"Recomandasi skin care yang harganya cuma 10.000-30.000 aja Ini harganya 10.000an, ini harganya 20.000an, dan ini harganya 30.000an Nah kalau ditanya favorit aku yang mana, sekarang aku lagi suka banget sama serum ini White Story Bratening Face serum Fokus dari serum ini untuk mencerakan dan memudahkan bekas jerawat Dan aku benar-benar suka banget sama serum ini Saking sukanya sekarang lagi pakai bottle kedua Nah kemudian tekstur dari serum ini enak banget Cahaya, cepet nyera, peringat di kulit dan gak berasa lengket juga Dan aku suka banget sama finishnya Bikin kulit jadi plampi dan glowing abis Gimana? Tetap ikut cobain?",4,"recomandasi skin care harganya aja harganya .an, harganya .an, harganya .an favorit mana, suka banget serum white story bratening face serum fokus serum mencerakan memudahkan bekas jerawat benarbenar suka banget serum saking sukanya pakai bottle tekstur serum enak banget cahaya, cepet nyera, peringat kulit berasa lengket suka banget finishnya kulit plampi glowing habis gimana? cobain?"
"Smash lo udah kencang, tapi lawan tetap bisa di defense, kok bisa? Banyak yang mikir main smash itu efektif buat matiin lawang, padahal smash keras tan parah itu kaya membak pistol ke udara, ngabisin peluru doang. Pemain top dunia kayak Victor Arsalan sem aja mainnya cerdas, smash cuma dipake saat posisi lawan ga siang. Kadang smash ke badan, kadang smash ke samping, yang penting bukan kerasnya, tapi timingnya. Bahkan drop shot dan pressing bisa lebih mematikan kalau lo ngerti timingnya. Masih mikir smash keras itu segalanya? Yuk upgrade mindset lo, klik follow biar smash lo bener-bener ngeri.",6,"smash kencang, lawan defense, bisa? mikir main smash efektif matiin lawang, smash keras tan parah kaya membak pistol udara, ngabisin peluru doang. pemain top world kayak victor arsalan sem aja mainnya cerdas, smash dipake posisi lawan siang. kadang smash badan, kadang smash samping, kerasnya, timingnya. drop shot pressing mematikan mengerti timingnya. mikir smash keras segalanya? yuk upgrade mindset kamu, klik follow smash benerbener ngeri."
"Selamat datang di Wardah Yod tanpa Sadar Kripper Koneks 2035 Ini aku pakai kebayar dan mixing yang pertama ini, kebayar salendang dari batak yang mana nih, namanya Tung Tumat. Nah kalau kebayar baju kebayarnya ini, aku pakai adat sunda. Hari ini teman kluit aku dari Adonone Betawi, aku ambil warna pink karena aku suka warna pink. Cantik cantik banget sih, yang udah hadir. Boleh dong kita kasih teman-teman dulu. 3, 2, 1, ando! Wardah tuh jadi tumbuh bareng sama konsumennya dan teman-teman pun juga bisa jadi tumbuh sama wardah. Akhirnya jadi wardah family. Berada di posisi kita, saya ingin. Masuk ke talk show berikutnya ada Kaya Spin, Kana Asya dan juga K.A. Fina. Kalau kalian masih bingung, kalian passion-nya apa, saran aku cobain lah segala hal. Cobain semua yang akan bikin kalian bahagia, lalu kalian seleksi yang paling kalian suka yang mana. Kami akan membuat ke-6.000 satu wanita Indonesia, adalah ke-6.000 semua wanita Indonesia. Kita harus saling support satu sama lain, berjuanglah untuk mimpi kamu. Do anything that you love and like. Di hati kita semua berhak mendapatkan kesempatan yang sama. Terima kasih.",2,"selamat wardah yod sadar kripper koneks pakai kebayar mixing ini, kebayar salendang batak nih, namanya tung tumat. kebayar baju kebayarnya ini, pakai adat sunda. teman kluit adonone betawi, ambil warna pink suka warna pink. cantik cantik banget sih, hadir. kasih temanteman dulu. ando! wardah tuh tumbuh bareng konsumennya temanteman tumbuh wardah. wardah family. posisi kita, ingin. masuk talk show kaya spin, kana asya k.a. fina. bingung, passionnya apa, saran cobain hal. cobain bahagia, seleksi suka mana. ke. wanita indonesia, ke. wanita indonesia. support lain, berjuanglah mimpi kamu. anything love like. hati berhak kesempatan sama. terima kasih."
"sudah keliling Indonesia, sekarang lagi keliling ASEAN pertanyaannya, 2.3 ini sudah berjalan beberapa km totalnya kita mulai dari 3.8 dulu kita buka mobilnya kemudian kita cek di speedometer kita sudah berjalan 26.172 km dan ini tuh sekarang kita lagi otw ke Bangkok alias dari Phuket, ke Bangkok itu sekitar 800 km jadi kita masih ada sekitar 400 km lagi untuk jalan buat teman-teman yang pengen lihat update berapa km total mobilnya secara live kalian bisa langsung ke GPS.ID disitu kalian bisa lihat dan ngetrack di mana 2.3 sekarang dan kalian juga bisa lihat berapa km yang sudah ditembul termasuk yang mobil ini dan tracker ini juga sangat canggih jadi kalau kita terpisah gue pun juga bisa ngecek tampilan interior sama tampilan di luar nya seperti apa karena dia sudah di rangkapi dengan kamera buat dalam dan luar jadi ada deskripsi nya lah cuma bisa di live-live tapi kalian nggak bisa lihat live, itu cuma buat kita aja dan teman-teman juga bisa langsung masuk ke Instagrama et2tigo di deskripsinya tuh ada langsung link buat ngecek kita di mana dan sudah berapa km ditembul dengan 2 mobil ini let's go",6,"keliling indonesia, keliling asean pertanyaannya, berjalan totalnya buka mobilnya cek speedometer berjalan tuh otw bangkok alias phuket, bangkok jalan temanteman lihat update total mobilnya live langsung gps.id disitu lihat ngetrack lihat ditembul mobil tracker canggih terpisah ngecek tampilan interior tampilan nya rangkapi kamera deskripsi nya livelive lihat live, aja temanteman langsung masuk instagrama ettigo deskripsinya tuh langsung link ngecek ditembul mobil lets"
"Bacita under 400 jutaan bisa dapet Mitsubishi Destinator tapi varian paling bawah nih Atau bisa dapet hindi Indes Targazer Kartense X varian yang paling tinggi dan jadi yang lebih canggih So, tampilannya memang berasa polos banget, dia gak punya roof rail Udah gitu, orang-man mewahnya juga minin banget Terus bagi varian yang paling tinggi dia punya penampilannya yang lebih atraktif Tapi bukan sebatas atraktif karena bisa fungsi naljuga Dimana si Kartense X ini dia punya roof rail yang sanggup nahan lupain hingga 100 kg Tapi dapet mesin yang bertenaga nih, dia punya 163 PS, jantor si 250 jm Udah gitu dibantu pakai liukit cooling segala Soal pemacu Indes Targazer Kartense X ini dia pakai 1500 cc natural aspirated yang sanggup Masih dikatakan naga, 15 PS dan torsi di 143,8 Nm Walaupun dalemannya berasa polos banget tapi dia dimensi 4,7 jm Jadi bisa ngasih ruang kaki yang lebih lega nih Panjang tetangga di 4,5 meteran dan disini ada opsi untuk captain seat atau bench seat Udah punya elektrik parking brake dengan auto hold, udah pakai smart key juga Tapi sayang AC nya masih belum ada fitur automatic climate control Udah gitu isemen kasternya juga masih analog dan berasa jadul Ditambah heterotritya juga kecil banget Soal adasnya jangan berharap deh disini udah pasti nggak adalah Namanya tipe paling tinggi tentu punya fitur yang paling lengkap dan ini serba canggih Kita bicara visualnya dulu karena dia itu serba baru dan berasa mewah gitu Dimana layarnya itu terintegrasi dalam satu frame Dan di konsol tengah ini kita bisa lihat ada fungsi drive mode, ada elektrik parking brake Udah gitu ada ventilated seatnya segala Untuk adasnya lengkap bukan sekedar line keeping asis Karena dia sekarang punya adaptive cruise control yang bisa beroperasi di kecepatan rendah Terlalu ada fitur-fitur tambahan lainnya kayak TPM, mas kamera 360 Asi automatis yang panelnya tuh udah touch panel Terus kontrol transmisinya juga kayak di Hyundai yang harga yang 7,000 jutaan Plus makin premium lagi karena ini pakai audio dari Bose Dan fitur-fitur yang tercanggi tadi ada di Hyundai Stargazer Carthens X Prime Pack Yang dibuat 391,000,000 rupiah Gimana? Kalau budgetnya berpateras juta, kalian pilih yang canggih-canggi atau variant basic nih Terima kasih sudah menonton!",4,"bacita jutaan dapet mitsubishi destinator varian nih dapet hindi indes targazer kartense varian canggih so, tampilannya berasa polos banget, roof rail gitu, orangman mewahnya minin banget varian penampilannya atraktif sebatas atraktif fungsi naljuga dimana kartense roof rail sanggup nahan lupain dapet mesin bertenaga nih, ps, jantor gitu dibantu pakai liukit cooling pemacu indes targazer kartense pakai natural aspirated sanggup naga, torsi dalemannya berasa polos banget dimensi ngasih ruang kaki lega nih tetangga meteran opsi captain seat bench seat elektrik parking brake auto hold, pakai smart key sayang nya fitur automatic climate control gitu isemen kasternya analog berasa jadul ditambah heterotritya banget adasnya berharap deh namanya tipe fitur lengkap serba canggih bicara visualnya serba berasa mewah gitu dimana layarnya terintegrasi frame konsol lihat fungsi drive mode, elektrik parking brake gitu ventilated seatnya adasnya lengkap sekedar line keeping asis adaptive cruise control beroperasi kecepatan rendah fiturfitur tambahan kayak tpm, mas kamera asi automatis panelnya tuh touch panel kontrol transmisinya kayak hyundai harga jutaan plus premium pakai audio bose fiturfitur tercanggi hyundai stargazer carthens prime pack rupiah gimana? budgetnya berpateras juta, pilih canggihcanggi variant basic nih terima kasih menonton!"
"kalau kamu darajin skin carean, tapi kulit kamu masih tetep rusam dan masih suka jarang watan jangan berburu-buru salahin skin carean kamu pake bisa jadi itu karena proses bergesihkan kulit kamu tuh kurang maksimal alias kamu jarang double cleansing ya, buat aku personal, double cleansing tuh harus banget dilakukan setiap hari apalagi kalau kamu sering naik motor atau pun ojol kemana-mana itu demu-demu di jalan, asap kundaraan, polusi fabrik, bisa naik pilih kulit kamu dan kalau gak dipersihkan, itu bisa nyemput pori-pori untuk contoh produk face cleanser yang aku sarankan adalah misalnya water misalnya punya azarin yang ini, buat aku personal, produk ini bukan sekedar water biasa ya emang, dia memang berusikannya bagus banget semuanya tuh beneran keangkat dari kulit tapi gak cuma sampai situ, dia tuh masih ninggalin rasa hydriting dan moisturizing juga ya itu semua karena kandungan pentafitting yang ada di dalam water ini ditambah lagi, dia aman buat kulit penjeraawat karena dia mengandung gerinti yang fungsinya buat menenangkan kulit dah, coba yang punya azarin deh, harga yang murah, lagi promo buy-win ke Tuhan pula",7,"darajin skin carean, kulit tetep rusam suka jarang watan berburuburu salahin skin carean pake proses bergesihkan kulit tuh maksimal alias jarang double cleansing ya, personal, double cleansing tuh banget motor ojol kemanamana demudemu jalan, asap kundaraan, polusi fabrik, pilih kulit dipersihkan, nyemput poripori contoh produk face cleanser sarankan water azarin ini, personal, produk sekedar water emang, berusikannya bagus banget tuh beneran keangkat kulit situ, tuh ninggalin hydriting moisturizing kandungan pentafitting water ditambah lagi, aman kulit penjeraawat mengandung gerinti fungsinya menenangkan kulit dah, coba azarin deh, harga murah, promo buywin tuhan"
"Hari ini aku mau buat look French Girl biar muka aku keliatan lebih dewasa Step-step-nya juga nggak banyak Pertama aku mau kenal ke kalian cushion favorit aku at the moment Sumpah ini cushion bagus banget Ini Time for ya cushion Dan ini aku pakai shitean Loh Satu Creme Dan ini berbeda perfect match to my skin Kayak nggak ada perbedaan sama sekali sama kulit aku Dan aku pakai cushion ini untuk nge-achieve that flawless tapi natural looking skin Dan setiap aku ngeliat French Girl makeup Itu mereka lebih nge-highlight di bold red lip sama di alinernya So for the skin and the eyes aku keep it simple Aku cuma set contour sama pakai blush yang lebih peachy Biar nanti match sama red lipsnya Matanya juga cuma aku contour pakai kayak brown shade Dan ini aku pertama kali nyobain aliner timphoria Menurut aku ini packagingnya genius banget Karena udah dibuatin dudukan buat jari kita res Jadi kayak udah dudukannya gitu Jadi makanya tuh nyaman banget Dan alinernya tuh kecil banget jadi buat aliner tipis itu gampang Dan aku copot sofans aku kan aku berubah pikiran Kayak sofans tadi nggak masuk sama look French Girl makeup And for the star of this show, the bold red lips Ini aku pakai Stylardus Lipstain yang timphoria yang shade 08 Rubion Ini perfect red banget, bikin gigi keliatan lebih putih Dan POV dari aku yang jarang banget pakai red lips Aku ngerasa ini tone merahnya very very flattering Menurut kalian, look ini berhasil bikin muka aku keliatan lebih dewasa nggak?",4,"look french girl muka keliatan dewasa stepstepnya kenal cushion favorit moment sumpah cushion bagus banget time cushion pakai shitean loh creme berbeda perfect match skin kayak perbedaan kulit pakai cushion ngeachieve flawless natural looking skin ngeliat french girl makeup ngehighlight bold red lip alinernya skin eyes keep simple set contour pakai blush peachy match red lipsnya matanya contour pakai kayak brown shade kali nyobain aliner timphoria packagingnya genius banget dibuatin dudukan jari res kayak dudukannya gitu tuh nyaman banget alinernya tuh banget aliner tipis gampang copot sofans berubah pikiran kayak sofans masuk look french girl makeup star show, bold red lips pakai stylardus lipstain timphoria shade rubion perfect red banget, gigi keliatan putih pov jarang banget pakai red lips ngerasa tone merahnya flattering kalian, look berhasil muka keliatan dewasa tidak?"
"Pengen libur nantaknya mau beli, strict. Pasti yang tiga hal ini ada di mobil kalian. Aish, konten mulut, ayo jalan! Pertama, pastiin mobil kalian punya adas dan harus komplit. Buat apa? Buat nambahin kalian biar terus aman di jalan. Pertama kalau teman seperjalanan kalian gak tau diri kayak begini. Kedua, hitur entertainmentnya harus komplit. Layar gede, ada wireless charger, dan konektivitas Android Auto, Apple CarPlay dan masih banyak lagi. Buat apa? Buat ngalahin perhatian kalau teman kalian bos senang. Yang ketiga, jarang terpunya harus jauh, port universal, dan bisa fast charging. Biar apa? Biar kita bisa pergi jauh cepat-cepat. Terutama kalau kita pengen ninggalin teman yang kayak tadi. Cabut, yuk! Eh, terus at mana? Atau bukan yang mencabung mobil strict lama ya? Ya, elap perkara ada.",6,"libur nantaknya beli, strict. mobil kalian. aish, konten mulut, ayo jalan! pertama, pastiin mobil adas komplit. apa? nambahin aman jalan. teman seperjalanan kayak begini. kedua, hitur entertainmentnya komplit. layar gede, wireless charger, konektivitas android auto, apple carplay lagi. apa? ngalahin perhatian teman bos senang. ketiga, jarang terpunya jauh, port universal, fast charging. apa? pergi cepatcepat. ninggalin teman kayak tadi. cabut, yuk! eh, mana? mencabung mobil strict ya? ya, elap perkara ada."
"Makanya orang yang gak pernah di pemerintahan itu gak usah banyak omong. Tidak gampang ngerjakan. Anda kan juga merasakan sebagai bupati sama gubernur. Omong, kritik, gampang aja. Lu masuk di dalam baru tau lu. Kalau lu kerja main-main ya ketangkapan, otet itu kau. Jadi ini saya sampaikan gak usah banyak omong lah. Dia pikir gampang emang. Kalau dia pernah menjabat di pemerintahan dulu, kita tanya apa yang kau buat selama kau menjabat itu.",0,"orang pemerintahan omong. gampang ngerjakan. merasakan bupati gubernur. omong, kritik, gampang aja. masuk kamu. kerja mainmain ketangkapan, otet kau. omong lah. pikir gampang emang. menjabat pemerintahan dulu, kau kau menjabat itu."
"Mr. E-Box yang kemarin dikeliling Indonesia akhirnya dibuka Ini di IS nya Mitsubishi Destinator SUV 7-seater ini punya dimensi yang besar Panjangnya 4,680 mm Lebarnya 1,840 mm dan grem clearancenya 244 mm Udah kaya grem clearancenya Panjiro Sport Tinggi banget! Masuk ke dalam interiornya kita akan disambut dengan jok yang udah kulit dengan electric seat Di atas kita dapat panoramik sunroof yang gede dan bisa dibuka Terus, ternya dia sudah tilt dan teleskopik dengan lingkar berbahan kulit yang keren Nah, terus kalau kita lihat di sini, adasnya sudah ada Terus pencet sini buat kamera 360 seperti ini ya, speedometer sudah digital dan kalau kita lihat lagi, dia sudah pakai wireless hape call play dan Android Auto Soal audio nya juga dia sudah pakai audio dari Yamaha di sini dan AC nya pakai dual zone, kiri kanan bisa beda Nah, rasmi setidaknya tidak pakai CVT, ada Pustar Stop Engine Button Drive Mode dan Electronic Parking Brake Terus, kalau kita buka di sini, ada storage yang gede dan kalau di sini kita buka sudah soft opening Ukuran nya juga sangat besar Sekarang kita lihat bagian belakangnya Taris kedua nya, dia lega, kanan kiri nya lebar Kita bisa jadi kan yang bangku tengah ini jadi amres Terus kalau mau otor AC ada di sini Ventilasi AC nya ada di bagian samping bahkan sampai ke baris tiga, itu AC nya ada di atas double blower nya Terus kita juga dapat meja buat makan dan kalau misalkan kita ngerasa belakangnya harus dapat legroom lebih tinggal dimajuin aja, jaraknya juga jauh Sliding nya Jauh, sekarang kita ke belakang Masuk access belakangnya juga gampang karena sudah pakai one touch double dan di belakang sini, kalau misalkan tengahnya kita majuin dapat legroom yang lega Terus kalau kita ngerasa kurang nyaman, tinggal dimundurin lagi aja kita bisa duduk lebih rebah dan baris ketiga, nggak jadi anak tiri Kenapa karena kita dapat AC di bagian atas Terus sebelah kanan dekupl holder sama tempat buat taruh HP di sini kalau mau nge-charge juga ada USB-A, USB-C dan kalau kita mau bagasi lebih lega, tinggal dilipet rata lantai aja Kalau terasa masih kurang, tenang Kita masih dapat storage di bawah sini yang cukup besar dan dia sudah pakai power backdoor sama kalau misalkan bang kita bocor, tenang aja dia masih dikasih band syrup di bagian bawah sini Itu dia Mitsubishi Destinator, gimana menurut kalian? coba komen di bawah dan buat temen-temen yang mau test drive langsung aja ke Senayan Park sampai tanggal 20 Juli ini terus di Gias, nanti akan diumumkan berapa harganya plus kalian bisa test drive di sana kira-kira berapa ya harganya ya?",6,"mr. ebox kemarin dikeliling indonesia dibuka nya mitsubishi destinator suv seater dimensi panjangnya lebarnya grem clearancenya kaya grem clearancenya panjiro sport banget! masuk interiornya disambut jok kulit electric seat panoramik sunroof gede dibuka terus, ternya tilt teleskopik lingkar berbahan kulit keren nah, lihat sini, adasnya pencet kamera ya, speedometer digital lihat lagi, pakai wireless hape call play android auto audio nya pakai audio yamaha nya pakai dual zone, kiri kanan beda nah, rasmi pakai cvt, pustar stop engine button drive mode electronic parking brake terus, buka sini, storage gede buka soft opening ukuran nya lihat belakangnya taris nya, lega, kanan kiri nya lebar bangku amres otor ventilasi nya samping baris tiga, nya double blower nya meja makan ngerasa belakangnya legroom tinggal dimajuin aja, jaraknya sliding nya jauh, masuk access belakangnya gampang pakai one touch double sini, tengahnya majuin legroom lega ngerasa nyaman, tinggal dimundurin aja duduk rebah baris ketiga, anak tiri sebelah kanan dekupl holder taruh ngecharge usba, usbc bagasi lega, tinggal dilipet lantai aja kurang, tenang storage pakai power backdoor bang bocor, tenang aja dikasih band syrup mitsubishi destinator, gimana kalian? coba komen temanteman test drive langsung aja senayan park tanggal juli giias, diumumkan harganya plus test drive kirakira harganya ya?"
"ya itu sama temen-temen channel Mobi, kami sekarang berada di Jepang oh ijilanku, depan itu kita jauh-jauh dari Indonesia kita pengen melihat sejarahnya Nissan, tapi sampai ini belum buka rataan itu bukan hanya kamu yang tidak boleh kelihatan, bukan saya juga pacaran yang sama pacar om pacar kamu? kalau kamu istri, istrian yaudah, istri dan istri ini tuh ya, terutama bagian sana ya, itu rasanya kayak kita masuk ke dalam green turismo ini om yang nggak jadi produksi, ini versi road legalnya tapi nggak jadi di produksi ini yang pertama, ini kelasan yang terbaik terima kasih",2,"temanteman channel mobi, jepang ijilanku, jauhjauh indonesia sejarahnya nissan, buka rataan kelihatan, pacaran pacar pacar kamu? istri, istrian yaudah, istri istri tuh ya, ya, kayak masuk green turismo produksi, versi road legalnya produksi pertama, kelasan terbaik terima kasih"
"Produk dengan kandungan vitamin B6 terkenal dari Australia Lagi di gugat serius loh It's tapi tenang dulu Sobat sehat, udah tau belum? Salah satu brand suplemen di Australia Sedang diinvestigasi karena diduga salah satu kandungannya bikin konsumennya keracunan Dan mengalami masalah kesehatan serius Loh, kok bisa? Hal ini disebabkan ternyata dosis vitamin B6 di produk tersebut berlebihan dan melebihi batas aman Batas aman untuk dikonsumsi per hari adalah 1,8 mg berdasarkan angka Kecukupan gizi atau AKG yang dikeluarkan oleh kementerian kesehatan RI Padahal vitamin B6 punya manfaat penting untuk menjaga kesehatan otak dan sistem saraf loh Jadi, ingat jangan berlebihan konsumsinya ya? Karena jika berlebihan konsumsinya, dalam jangka waktu lama dapat menyebabkan kerusakan saraf yang dikenal sebagai neuropati Biasanya ditandai dengan rasa sakit, mati rasa, dan kesemutan pada tangan dan kaki Hingga masalah kesehatan serius lainnya Jadi, sebelum membeli, yang paling penting pastikan produk yang kamu konsumsi legal dan terdaftar di BPOM ya?",6,"produk kandungan vitamin terkenal australia gugat serius loh tenang sobat sehat, belum? salah brand suplemen australia diinvestigasi diduga salah kandungannya konsumennya keracunan mengalami kesehatan serius loh, bisa? disebabkan dosis vitamin produk melebihi batas aman batas aman dikonsumsi berdasarkan angka kecukupan gizi akg dikeluarkan kementerian kesehatan vitamin manfaat menjaga kesehatan otak sistem saraf loh jadi, konsumsinya ya? konsumsinya, jangka menyebabkan kerusakan saraf dikenal neuropati ditandai sakit, mati rasa, kesemutan tangan kaki kesehatan serius jadi, membeli, pastikan produk konsumsi legal terdaftar bpom ya?"
"Jen larang aku nge-review produk ini karena takut sira Bambu banget lah, aku rimpu Karena aku cinta banget sama produk dari Bumi yang baru ini Ini ada Bumi Toner Skin Ready Tapi ini bukan sepedar toner, dia adalah Multi Action Toner Yang bisa berfungsi sebagai toner, serum, dan juga moisturizer Menjaga kelompapan dan untuk anti-aging ya Dan dia bisa menjaga kelompapan ya, itu sampai 24 jam Lihat skin aku Super hydrated dan dia tekstura super tick Bagus banget untuk jadi base makeup juga Pokoknya, aduh aku cinta banget sama toner Ini aku pakai 2 minggu, pakainya segini loh Lihat kan nggak, sunking seringnya aku pakai Ini bisa dipakai pagi dan malam hari, bisa dipakai bumil, busui Semua bisa dipakai Teman-teman, aku cinta banget, nggak apa-apa ya Ini yang ini, ini setotnya banyak, nyakumi, alas, lakosan, kesetekan sedikit Lihat dong ini Apakah kalian nggak boleh pakai serum lagi atau moisturizer lagi setelah pakai ini? Tadi aku tetap boleh, tapi kalau lagi mugger bisa banget kan pakai ini doang Karena dia udah multi action, di sini tuh ada gingseng, ada rice extract Dan juga ada beberapa ingredients yang bantu untuk melembapkan ya Karena aku tulisi di sini Ini mantap banget, sekarang harus coba Definitly Tasha Warrashya Approved",4,"jen larang ngereview produk takut sira bambu banget lah, rimpu cinta banget produk bumi bumi toner skin ready sepedar toner, multi action toner berfungsi toner, serum, moisturizer menjaga kelompapan antiaging menjaga kelompapan ya, jam lihat skin super hydrated tekstura super tick bagus banget base makeup pokoknya, aduh cinta banget toner pakai minggu, pakainya segini loh lihat tidak, sunking pakai dipakai pagi malam hari, dipakai bumil, busui dipakai temanteman, cinta banget, apaapa ini, setotnya banyak, nyakumi, alas, lakosan, kesetekan lihat pakai serum moisturizer pakai ini? boleh, mugger banget pakai doang multi action, tuh gingseng, rice extract ingredients bantu melembapkan tulisi mantap banget, coba definitly tasha warrashya approved"
"Kex Ombre Productions, JYS MOP Bagusnya warna apa, sama warna apa Menurut aku, pertama Nudy Versal Menurut aku, warna yang udah cakab banget dipakai sendirian aja Karena dia fully pigmented Tetapi, begitu di Ombre sama Beriforia akan lebih gong lagi ya Dan Beriforia ini adalah warna best seller kita yang selalu sold out Uuh, lihat ini, Nudy Versal and Beriforia Cantik banget, seger banget, pauty lips Dan ga lengket sama sekali, ada cooling sensationnya juga Next Ombre favorit aku adalah, choco loco Dia tuh warna kayak sheer brown gitu, seger banget juga di vivir Sebenernya semuanya gitu, GWS dipakai sendirian aja udah cantik banget Tapi kalau choco loco ketemu sama Rosie Pozy, akan lebih gong dah lagi temen-temen Manus banget, banyong gitu Cara inilah dia, choco loco with Rosie Pozy Another fully pigmented color adalah, mauversal Buat kalian yang suka kutun, gloss, kalian akan suka banget sama mauversal Karena dia warnanya bluer mauvi dan full pigmented kayak gini Very cool tone, cantik banget, color di Ombre sama Beriforia Tapi lebih manis gitu loh warnanya Inilah dia, mauversal as Beriforia Last but not least, ini adalah color favorit aku semua MLBB ya, my lips but better, dia sheer Dan ada glitternya, bikin bibir kita keliatan healthy shine aja gitu Lanet kayak gini kalau di wet all, tapi kalau di bibir, jeninya kayak bikin keliatan healthy pink gitu Tapi kalau mau lebih gong lagi, dia juga bisa banget di ombre sama Rosie Pozy Uuh, cantik banget, jadi makin bingung ga sih mau ombre yang mana Jadi kalau kalian favorit yang mana? Let me know",7,"kex ombre productions, jys mop bagusnya warna apa, warna aku, nudy versal aku, warna cakab banget dipakai aja fully pigmented tetapi, ombre beriforia gong beriforia warna best seller sold uuh, lihat ini, nudy versal beriforia cantik banget, seger banget, pauty lips lengket sekali, cooling sensationnya next ombre favorit adalah, choco loco tuh warna kayak sheer brown gitu, seger banget vivir sebenernya gitu, gws dipakai aja cantik banget choco loco ketemu rosie pozy, gong dah temanteman manus banget, banyong gitu dia, choco loco rosie pozy another fully pigmented color adalah, mauversal suka kutun, gloss, suka banget mauversal warnanya bluer mauvi full pigmented kayak gini cool tone, cantik banget, color ombre beriforia manis gitu loh warnanya dia, mauversal beriforia last least, color favorit mlbb ya, lips better, sheer glitternya, bibir keliatan healthy shine aja gitu lanet kayak gini wet all, bibir, jeninya kayak keliatan healthy pink gitu gong lagi, banget ombre rosie pozy uuh, cantik banget, bingung sih ombre favorit mana? let know"
"dari scan banyak patentin serum yang udah pernah aku cobain yang satu ini tuh jadi salah satu yang paling ampuh buat mudarin bekas jarang pembandel ini buktinya, aku udah ngabisin satu bottle dan lagi pake bottle kedua X is wide dark spot for writing glow serum untuk kantongan pencerahnya, pake 5% nasinem, might and rest, brand extra tekstura gel dan pastipal kayak rasanya tuh mirip kayak lagi pake moisturizer jepet nyarap, gak lengket dan melempekan finisnya tuh glowing indah kayak gini terus biasanya setelah pake serumnya, aku juga pake i-serumnya jujur kodaknya ni geren sih, walaupun aku lumayan sering begadang tapi i-serum ini tuh ngebantu buat bikin tampilan mata aku selalu keliatan freshteng, gak keliatan cape jadi kita ditemui cobain",4,"scan patentin serum cobain tuh salah ampuh mudarin bekas jarang pembandel buktinya, ngabisin bottle pake bottle wide dark spot writing glow serum kantongan pencerahnya, pake nasinem, might rest, brand extra tekstura gel pastipal kayak tuh kayak pake moisturizer jepet nyarap, lengket melempekan finisnya tuh glowing indah kayak gini pake serumnya, pake iserumnya jujur kodaknya geren sih, lumayan begadang iserum tuh ngebantu tampilan mata keliatan freshteng, keliatan cape ditemui cobain"
"Jadi sedikit perubahan rencana, kawan-kawan. Karena sebenernya trip kita yang entity udah kelar. Cuman yang memang masih bad video dan episode yang belum di edit ya. Tiba-tiba kita dapat chat ya dari kawan kita Abang Ridwan bilang kebuka ada 2 sit kosong buat trip yang ASEAN. Sebenarnya kemari itu kami udah bikin posi dengan juga. Habis entity itu kita mau season mana nih. Kita udah ada yang udah season ke ASEAN dan kebetulan ya. Tripnya Baldyawi itu warni dan juli. Keliling semua beberapa negara di ASEAN. Jadi makanya kita gas kan. Ya jadi sekarang kita akan tinggalkan langkah dulu ya. Ketinggalkan dia di Bali nitip di tempatnya si Bang Ricky Santoso. Thank you banget. Dan sekarang kita terbang. Gas langsung bunuh juga. ASEAN! Let's go! Kami langsung terbang dari Bali menuju ke Kualumpur. Nah disana kami langsung disambut dengan Bang Ridwan bersama dan tim dari 1 million journey. Sebelum kita lanjut lebih jauh, aku mau cerita tentang bagai mahi cara kita bawa mobil buat clearing ASEAN ya. Ini rootle yang gampangnya. Jadi kalau kalian lihat di peta, tempat yang dekat buat ke Kualumpur itu dari Tanjung Balai ya. Nah ada penyebelangan ya sebenarnya. Motor sini ada sana. Cuma masalahnya adalah mobil nggak bisa lewat sana. Jadi hanya ada 2 cara buat kamu bawa mobil dari Indonesia ke Malaysia. Yang pertama adalah kamu kirim via container dari Jakarta ke Kualumpur ya. Poklang juga. Harganya itu 45 juta cowok ya. Sangat mahal. Opsi kedua yang lebih manusiawi adalah lewat Sarawak ya. Jadi Sarawak bisa kirim pakai Roro langsung menuju ke port kelang yang ada di Kualumpur juga. Harganya 9,3 jutaan lah per mobilnya. Lebih manusiawi kan. Cuma problemnya adalah kamu banti harus bawa mobil itu ke pontian. Nah dari pontian kamu bawa naik sampai ke Sarawak baru kamu kirimkan. Itu adalah untuk prosedur pengiriman mobilnya. Berikutnya dokumen yang wajib disiapkan itu adalah pasti, adalah karne ya. Karne de pasas. Itu isi adalah paspor buat mobil. Jadi dengan ada paspor ini kamu bisa ke berbagai negara ya yang kamu tuju. Yang aku tahu adalah sementara ini update sementara. Harganya itu kisaran 6 juta untuk bikin paspor karne ini ya. Dan kemudian butuh deposit 25% dari harga mobil. Jadi kalau mobil sosial juta ya depositnya sekitar 25 juta. Tapi ini tentang bakal dibalikin ke uangnya kan cuma deposit. Nah itu sementara itu dokumen dan juga biayanya. Nanti antar border aku bakal update kepada kalian. Tentang ya berapa biayanya, apa prosedurnya. So far plan kita adalah dengan bangda Rituan dari Kuala Lumpur. Kita akan main ke Singapura. Habis Singapura kita akan naik ke atas lewati timur menuju ke bordernya Thailand. Nah dari sana akan naik terus ya kita akan main ke Kambuja. Main ke Laos dan main ke Vietnam. Sebelum nantinya akan lanjut lagi ke lebih jauh. Cuma kita nggak susbil, nanti aja aku lebih lanjut di video berikutnya. Da-dah!",6,"perubahan rencana, kawankawan. sebenernya trip entity kelar. cuman bad video episode edit ya. tibatiba chat kawan abang ridwan bilang kebuka sit kosong trip asean. kemari posi juga. habis entity season nih. season asean ya. tripnya baldyawi warni juli. keliling negara asean. gas kan. tinggalkan langkah ya. ketinggalkan bali nitip tempatnya bang ricky santoso. thank banget. terbang. gas langsung bunuh juga. asean! lets go! langsung terbang bali kualumpur. disana langsung disambut bang ridwan tim million journey. jauh, cerita mahi bawa mobil clearing asean ya. rootle gampangnya. lihat peta, kualumpur tanjung balai ya. penyebelangan sebenarnya. motor sana. mobil sana. bawa mobil indonesia malaysia. kirim via container jakarta kualumpur ya. poklang juga. harganya juta cowok ya. mahal. opsi manusiawi sarawak ya. sarawak kirim pakai roro langsung port kelang kualumpur juga. harganya jutaan mobilnya. manusiawi kan. problemnya banti bawa mobil pontian. pontian bawa sarawak kirimkan. prosedur pengiriman mobilnya. dokumen wajib disiapkan pasti, karne ya. karne pasas. isi paspor mobil. paspor negara tuju. update sementara. harganya kisaran juta paspor karne ya. butuh deposit harga mobil. mobil sosial juta depositnya juta. dibalikin uangnya deposit. dokumen biayanya. border update kalian. biayanya, prosedurnya. far plan bangda rituan kuala lumpur. main singapura. habis singapura lewati timur bordernya thailand. main kambuja. main laos main vietnam. jauh. susbil, aja video berikutnya. dadah!"
"trading itu loh gampang, tinggal beli waktu di bawah terus kalo naik ya tinggal dijual, kamu kok bisa rungkat",7,"trading loh gampang, tinggal beli tinggal dijual, rungkat"
"adu bensin R192 antara BP, Shell, Pertamina, dan Vivo kira-kira irrit yang mana? check the rating nah jadi kita ada 4 ternyata Avanza yang identik untuk dites dan semuanya dikuras dulu bensinnya kayak gini sampai abis, sampai lulau biar semuanya rata, berangkat dari kosong udah gitu mobilnya dipastin bener-bener gak mau di starter lagi baru deh, masing-masing dibekelin bensin 7 liter gua ke bagian pertamina, Mike dapet BP, Vikri dapet Vivo, dan Anda dapet Shell kira-kira siapa yang luar nabis? oke, kita udah jalan dengan bekal bensin 7 liter anyway, soal mobilnya semua dibikin rata bukan cuma bensinnya dapet 7 liter, tapi tekanan anangin terus buat penumpang di dalamnya, bahkan kita dapet ekstra balas ini penumpah air mineral dapet 2 galon sama 2 botol 1,5 liter jadi semuanya dibikin imbang gitu perjalanan kami, ring-iringan berempat dan secara urutan dinamis terus bergantian juga soal asing gak ada kompromis ya nyala di temperatur terendah dengan double blower aktif paling penting di sini kaki semuanya mau deng sekolah dulu dan jaga speed constant di 80-100 nah, mostly by MID sih pada dapetin angka 20an km per liter tapi setelah sekian lama ngabisin waktu di jalan kontestan pertama yang tumbang adalah BP-92 dengan jarak 162,5 km gak jauh dari itu, pertama kesehabis di 162,9 km lalu disusul sama Vivo yang kelar di 164,2 km hebatnya, shell masih bisa dipentokin sampai abis di 178,4 km lumayan jauh ya selisihnya dan jadi catetan ini hasilnya murni tanpa rekayasa buat yang mau nonton video lebih lengkapnya, liat aja di channel MolaDinoC so kalian pake yang mana nih selama ini?",6,"adu bensin bp, shell, pertamina, vivo kirakira irrit mana? check rating avanza identik dites dikuras bensinnya kayak gini habis, lulau rata, berangkat kosong gitu mobilnya dipastin benerbener starter deh, masingmasing dibekelin bensin liter pertamina, mike dapet bp, vikri dapet vivo, dapet shell kirakira nabis? oke, jalan bekal bensin liter anyway, mobilnya dibikin bensinnya dapet liter, tekanan anangin penumpang dalamnya, dapet ekstra balas penumpah air mineral dapet galon botol liter dibikin imbang gitu perjalanan kami, ringiringan berempat urutan dinamis bergantian asing kompromis nyala temperatur terendah double blower aktif kaki deng sekolah jaga speed constant nah, mostly mid sih dapetin angka liter sekian ngabisin jalan kontestan tumbang jarak itu, kesehabis disusul vivo kelar hebatnya, shell dipentokin habis lumayan selisihnya catetan hasilnya murni rekayasa nonton video lengkapnya, liat aja channel moladinoc pake nih ini?"
"Hebo Pernyataan Menteri Kesehatan Yang dia bilang itu kalau ukuran jeans diatas 30, 32, 33 Bakal lebih cepat koit Gue mau paraphrase sedikit Kalau perut kita itu buntel, bleber, gembrot Kayak orang hamil tapi gak hamil Akan bikin kita itu lebih cepat koit Gue mau share 3 disesweper terbaru yang tunjukin asosiasi Kalau perut itu bleber-bleber, gembrot-gembbrot Kayak orang hamil tapi gak hamil Terasosiasi dengan kematian prematur Yang berhubungan dengan semua penyakit metabolik Contoh serangan jantung, strokla dan segala macem Gagal ginjal, liver dan whatever Iya gue 1000% setuju dengan statement ini Jadi gue bingung apa yang harus diklarifikasi Karena udah ada puluhan ribu sampai ratusan ribu data kali yang tunjukin kayak gitu Jadi bagi elu-elu Yang provis itu buntel, bulet, bleber Kayak orang hamil tapi gak hamil Segera berubah",7,"hebo pernyataan menteri kesehatan bilang ukuran jeans diatas cepat koit paraphrase perut buntel, bleber, gembrot kayak orang hamil hamil cepat koit share disesweper terbaru tunjukin asosiasi perut bleberbleber, gembrotgembbrot kayak orang hamil hamil terasosiasi kematian prematur berhubungan penyakit metabolik contoh serangan jantung, strokla macem gagal ginjal, liver whatever iya setuju statement bingung diklarifikasi puluhan ribu ratusan ribu data kali tunjukin kayak gitu eluelu provis buntel, bulet, bleber kayak orang hamil hamil berubah"
Introducing Wardah Beauty Mid-face Rejuvenator Si paling terstruktur Gerakannya pelan Tapi pasti selalu punya pelanin Jangka panjang buat kulit kamu Si paling kelihatannya kalem Tapi sebenernya strong Literalih bantu ngelangin muka capek Si paling bawa vibes positif kemana-mana Dia bantu gusting kolagen Bikin kulit lebih kenyal Cerah dan hidup Terima kasih kerana menonton!,2,introducing wardah beauty midface rejuvenator terstruktur gerakannya pelan pelanin jangka kulit kalem sebenernya strong literalih bantu ngelangin muka capek bawa vibes positif kemanamana bantu gusting kolagen kulit kenyal cerah hidup terima kasih kerana menonton!
"Kalau kamu bisa 20 wall pull up, maka kamu bisa 1 Australian pull up. Kalau kamu bisa 20 Australian pull up, kamu bisa gelantungan di bar. Kalau kamu bisa 15 detik gelantungan di bar, maka kamu bisa 1 Ska pull up. Kalau kamu bisa 8 Ska pull up, maka kamu bisa pull up dengan resistent dan. Kalau kamu bisa 6 kali pull up dengan resistent dan, kamu bisa 1 negatif pull up. Kalau kamu bisa 4 negatif pull up, maka kamu bisa pull up. Kalau untuk tips berikutnya.",6,"wall pull up, australian pull up. australian pull up, gelantungan bar. detik gelantungan bar, ska pull up. ska pull up, pull resistent dan. kali pull resistent dan, negatif pull up. negatif pull up, pull up. tips berikutnya."
"Hai, hari ini gue mau mencoba maskara terbaru dari Sada Ini Naya Fibre Struck Perfect Mascara Kita jepit dulu, menggunakan kejepitan yang sangat menjepitkan Uduh, kayaknya gue gak pernah pakai lash curler yang gini di model ini Yang gini, biasanya kan yang kayak pencetan biasa gitu Apa sih namanya? Ini kan pencetannya kayak atas bawah Lu ngerti gak sih gue ngomong apa? Yang ampun Mari sekarang kita pakai, oh brassnya kayak gini Yang kayak meliuk-liuk gitu, gue gak tau namanya gimana Tapi ini nampaknya... Ini akan membuat lasi yang sangat tepat Tapi kita tidak boleh berperasaan kebaik dulu Kita harus coba dulu ya kan Beklah, sudah Apakah kalian melihat perbedaan gue sih ya? Untuk sebuah fiber maskara, gue kira dia akan yang kayak berantakan Kelampi banget gitu, biasanya kan gitu Tapi ini gak masih rapi banget dan kayak jadi terpisah-pisah Dan jadi tebel, jadi lebih panjang tentunya Tapi kayaknya masih sangat rapi gitu Gue mungkin suka ini, sangat sedih Tapi itu di sana, tapi mata lo jadi lebih kebuka aja gitu Disitu berbeda kan, beda banget kan? Buat bulu mata bawah dia agak susah dipakainya Jadi harus pakai ini Di vertikalin gini, biar lebih gampang Dan kamu dapet sesuatu seperti ini Ini sebenarnya bisa sangat-sangat Kalau lo makainya bener gitu Ini penuh dengan manufer gitu Jadi gue pikir gue suka ini Gue akan totaly rekomendasi kalau buat daily use gitu Buat sehari-hari, bagus banget, bulu mata lo jadi rapi banget Dan kayak kebuka rapi ke atas besar gitu mata lo Kayaknya kalau buat acara atau apa gitu Dan lo cuma mau pakai maskara doang Ini kayaknya kurang bold gitu, gak sih kurang tebel Di gue jatuhnya masih sangat natural gitu Tapi gue pasti suka ini, ini gak berasa berat sama sekali Dia gak bilang apa-apa tentang waterproof Jadi gue berusaha, bukan waterproof Gue harap tidak, karena gue gak suka maskara waterproof Susah banget di bersih ini, bulu mata gue rondok semua Jadi semoga ini gampang di bersihinnya Tapi sehingga gue suka ini",6,"hai, mencoba maskara terbaru sada naya fibre struck perfect mascara jepit dulu, kejepitan menjepitkan uduh, kayaknya pakai lash curler gini model gini, kayak pencetan gitu sih namanya? pencetannya kayak mengerti sih ngomong apa? ampun mari pakai, brassnya kayak gini kayak meliukliuk gitu, namanya gimana nampaknya.. lasi berperasaan kebaik coba beklah, perbedaan sih ya? fiber maskara, kayak berantakan kelampi banget gitu, gitu rapi banget kayak terpisahpisah tebel, kayaknya rapi gitu suka ini, sedih sana, mata kebuka aja gitu disitu berbeda kan, beda banget kan? bulu mata susah dipakainya pakai vertikalin gini, gampang dapet sangatsangat makainya bener gitu penuh manufer gitu pikir suka totaly rekomendasi daily use gitu seharihari, bagus banget, bulu mata rapi banget kayak kebuka rapi gitu mata kayaknya acara gitu pakai maskara doang kayaknya bold gitu, sih tebel jatuhnya natural gitu suka ini, berasa berat bilang apaapa waterproof berusaha, waterproof harap tidak, suka maskara waterproof susah banget bersih ini, bulu mata rondok semoga gampang bersihinnya suka"
"Smartwatch bagus under 2 juta, ini selalu bikin happy sih. Huawei Watch Fit 4. Penerus dari Watch Fit 3 yang tahun lalu laris manis. Alsan dia jadi favorit, ada banyak. Tetap bisa kita temuin kok, semuanya di Fit 4. Sekarang juga ada beberapa yang dapetin upgrade biar jadi lebih-lebih lagi. Mulai dari desain yang udah teruji ya, frame kotak mirip Apple Watch. Material kokoh dari aluminium, dimensinya sekarang lebih tipis 0,4 mm dari Fit 3. Bateri tetep bikin tenang, bisa tahan up to 10 hari. Cara ngecasnya pun lebih flexible, bukan harus pake pogupin lagi. Tapi sistemnya wireless, bisa pake charger bawaan, bisa pake wireless charger, atau HP yang support reverse wireless charging. Jamnya bisa konek ke berbagai HP ya, nggak main eksklusif-eksklusif sama OS tertentu. Fitur tracking kesehatan juga melimpah, tracking dengut jantung, tracking kualitas tidur juga banyak datanya. Mode olahraga pun rame, ada 100 pilihan lebih. Sekarang di Fit 4 juga bisa tracking watersport, naik turun tangga, dan hiking. Ada tambahan sensor barometer, buat mukur tekanan udara, dan 5-star dual band GPS yang trackingannya lebih akurat lagi. Ada whatsface baru, Pad MOG, buat visualisasiin mood kita. Dia nyesuaikan sama hasil trackingan fitur emotional well-being. Layar udah lebih terang lagi, dari yang kemarin 1500 nits di Fit 3 sekarang jadi 2000 nits. Upgradenya lumayan berasa ya, padahal harga loncinya di bawah Fit 3 waktu itu. Kalau misalnya anda punya budget 2 juta, dan cari smartwatch, Huawei Whats Fit 4 jelas rekomen. Harganya 1,899 juta, udah gratis TWS Huawei FreeBuds SE 2 juga. Kalau budgetnya lebih 3 juta, bisa cek variant Pro yang bodinya lebih premium, sama fitur yang lebih sultan lagi. Kemarin udah kita bahas di Youtube jadi silahkan dipilih aja.",2,"jam pintar bagus juta, happy sih. huawei watch fit penerus watch fit laris manis. alsan favorit, banyak. temuin kok, fit dapetin upgrade lebihlebih lagi. desain teruji ya, frame kotak apple watch. material kokoh aluminium, dimensinya tipis fit bateri tetep tenang, tahan hari. ngecasnya flexible, pake pogupin lagi. sistemnya wireless, pake charger bawaan, pake wireless charger, support reverse wireless charging. jamnya konek ya, main eksklusifeksklusif tertentu. fitur tracking kesehatan melimpah, tracking dengut jantung, tracking kualitas tidur datanya. mode olahraga rame, pilihan lebih. fit tracking watersport, turun tangga, hiking. tambahan sensor barometer, mukur tekanan udara, star dual band gps trackingannya akurat lagi. whatsface baru, pad mog, visualisasiin mood kita. nyesuaikan hasil trackingan fitur emotional wellbeing. layar terang lagi, kemarin nits fit nits. upgradenya lumayan berasa ya, harga loncinya fit itu. budget juta, cari jam pintar, huawei whats fit rekomen. harganya juta, gratis tws huawei freebuds juga. budgetnya juta, cek variant pro bodinya premium, fitur sultan lagi. kemarin bahas youtube silahkan dipilih aja."
"udah sekitar 2 bulan ini, sampah organic di rumah kita olah pake ini ini namanya compost it jadi dia adalah alat penggiling sampah organic dan nanti hasilnya jadi kering bekas buah, bekas nasi, even sampai tulang-tulang ya tapi kalau tulang yang gede masih dipecahkan dulu terus nanti disini akan digiling kemudian nanti akan dikeringkan dan hasilnya itu gak ada bau dan gak mengundang lalat atau serangga dan macem-macem ya bisa dijadikan untuk compost atau media tanam secara intern gak perlu ditunggu lama pembusukan dan kawan-kawan apalagi dimasukin jadi biopori ini bener-bener instant caranya gampang banget, kalau kita punya sampah langsung aja dimasukin kesini nih kita tunjukin caranya ini pertama ada sampah sisah tulang ayam eh, bau kemudian ada sisah bekas bikin juice pake slow juicer ya ini ada kulit jeruk, sisah bekas matowa, bekas anggur wow, langsung kita masukin saja sekarang kita langsung tutup aja set, oh langsung otomatisnya lah oke, kita pencet aja on offnya, dia akan langsung ngegiling nah, sekarang udah jadi dari berikutnya ini dia hasilnya jadi kayak gini jadi dia tuh hasilnya kering, gak berbau dan bau-nya pun juga bau kayak jami ya kita bisa langsung pake ini buat media tanam buat pupuk kompos tanpa bau dan yang paling penting adalah kalau kita sebar di tanah dia tuh gak bikin laled, apalagi sampai ada belatungnya kalau gue biasanya dijadikan pupuk buat pohon, buat tanaman sama buat kandang ayam biar dia ada cakaran-cakaran yang di bagian bawah jadi budah kan buat temen-temen yang punya sampah organic di rumah pengen diolah sendiri bisa dapet nilai tambah dari pupuk organic atau media tanamnya bisa langsung beli komposin aja buat temen-temen yang pengen coba juga bisa langsung beli komposin aja jadi sampah organic dari rumah kalian itu gak langsung dibuang kita olah lagi biar bisa lebih bermanfaat dan tentunya saja ramah lingkungan gas!",6,"ini, sampah organic rumah olah pake namanya composter alat penggiling sampah organic hasilnya kering bekas buah, bekas nasi, even tulangtulang tulang gede dipecahkan digiling dikeringkan hasilnya bau mengundang lalat serangga macemmacem dijadikan compost media tanam intern ditunggu pembusukan kawankawan dimasukin biopori benerbener instant gampang banget, sampah langsung aja dimasukin kesini nih tunjukin sampah sisah tulang ayam eh, bau sisah bekas juice pake slow juicer kulit jeruk, sisah bekas matowa, bekas anggur wow, langsung masukin langsung tutup aja set, langsung otomatisnya oke, pencet aja offnya, langsung ngegiling nah, hasilnya kayak gini tuh hasilnya kering, berbau baunya bau kayak jami langsung pake media tanam pupuk kompos bau sebar tanah tuh laled, belatungnya dijadikan pupuk pohon, tanaman kandang ayam cakarancakaran budah temanteman sampah organic rumah diolah dapet nilai pupuk organic media tanamnya langsung beli komposin aja temanteman coba langsung beli komposin aja sampah organic rumah langsung dibuang olah bermanfaat ramah lingkungan gas!"
"Kayaknya tau ga sih kalo 1 piring telur orang hari ini tuh Udah mengaduk sekitar 25 gram protein dan biaya ban bakunya Cuman sekitar 5 ribu rupi aja Bikinnya gampang, rasanya enak Yuk langsung kita bikin aja Let's go! Pertama, ancurin 100 gram putih telur Kalau mau pake yang mentah juga gapapa oke banget kok Yang kedua, campurin 100 gram tau putih dan ancuri juga Yang ketiga, lain satu putir telur dan aduk saram rata Kalau udah, masukin adonan ke panci yang udah dikasih minya dikit dan udah panas Pake api kecil atau sedeng aja, terserah Lanjut, diaduk sampai kira-kira setengah mateng ya Habis tuh biar lebih enak, ambain bumbu kayak sambel terasi Kecap dikit, daun bawang, sama garam Terus aduk lagi sampe merata Kalau udah mateng, tuang dipiring dan jadi deh telur orang hari Tambah tau dan putih telur kayak gini nih Woohoo! Gimana? Gampang banget kan bikinnya? Ini rasanya juga enak banget tuh Untuk banget buat kalian yang lagi pengen diet Karena ini tuh satu piring udah menghanur 25 gram putih in Cuman sekitar 200 kalori dan Kalau kalian makan segini tuh udah kenyang masih Buat tambahan law, kalian tuh juga bisa tinggal tambah nasi sama Ya, tambahin sayur dikit gitu lah Gimana? Tentarnya nggak buat remake telur orang hari yang gampang banget nih bikinnya Kalau ya, coba komen di bawah ya Share video ini kalau bernama Faat, Cloud Semangat, dan Stay Hard!",0,"kayaknya sih piring telur orang tuh mengaduk gram protein biaya ban bakunya cuman ribu rupi aja bikinnya gampang, enak yuk langsung aja lets go! pertama, ancurin gram putih telur pake mentah gapapa oke banget kedua, campurin gram putih ancuri ketiga, putir telur aduk saram sudah, masukin adonan panci dikasih minya dikit panas pake api sedeng aja, terserah lanjut, diaduk kirakira mateng habis tuh enak, ambain bumbu kayak sambel terasi kecap dikit, daun bawang, garam aduk sampe merata mateng, tuang dipiring deh telur orang putih telur kayak gini nih woohoo! gimana? gampang banget bikinnya? enak banget tuh banget diet tuh piring menghanur gram putih cuman kalori makan segini tuh kenyang tambahan law, tuh tinggal nasi ya, tambahin sayur dikit gitu gimana? tentarnya remake telur orang gampang banget nih bikinnya ya, coba komen share video bernama faat, cloud semangat, stay hard!"
"guys aku happy banget karena kali ini aku baru aja beli soplens baru dan ini dihasilnya setelah aku pake warnanya cantik banget tapi white white white kok agak berasa gak nyaman gitu ya lumayan perih dan ganjil banget dan aku lihat disini dia gak ada nomor akl nya jangan jangan ya soplens abal-abak please kok udah kayak gini gak usah dipakai kita cari yang aman-aman aja kita pake dari lu fubu aja karena dia udah approve by Kemen KSR dan udah jelas ada info nomor akl nya dan disini aku punya 2 warna yang bakalan aku try on 2-2 nya oke untuk yang pertama ini adalah warna ada intimisti yaitu warnanya lebih ke grade pas dipakai hasilnya kayak gini, cakep banget nge-liatan natural dan gak lebahis sama sekali dan ini untuk warna serapi karamelnya kalau ini warnanya lebih ke grade dan dia gak kelak cakep dong sama yang tadi dan jujur aku suka banget sama warna yang ini kalian sadar gak sih kalau warna soplensnya tuh matching banget sama outfit yang aku pake dan ini yang untuk permandingan kedua warnanya di mata aku semuanya sama-sama cantik sih dan yang jelas dia nyaman banget dipakainya dan udah terjamin aman buat kalian yang masih gak nyaman pake soplens udah saatnya sih kalian berali ke lu fubu kalian bisa cek otik renjang kuningku",4,"guys happy banget kali aja beli soplens dihasilnya pake warnanya cantik banget white white white berasa nyaman gitu lumayan perih ganjil banget lihat nomor akl nya soplens abalabak please kayak gini dipakai cari amanaman aja pake fubu aja approve kemen ksr info nomor akl nya warna try nya oke warna intimisti warnanya grade pas dipakai hasilnya kayak gini, cakep banget ngeliatan natural lebahis warna serapi karamelnya warnanya grade kelak cakep jujur suka banget warna sadar sih warna soplensnya tuh matching banget outfit pake permandingan warnanya mata samasama cantik sih nyaman banget dipakainya terjamin aman nyaman pake soplens sih berali fubu cek otik renjang kuningku"
"Kamu suka remet kelatian sendiri? Nah, ini dia nih. Tips biar rataan kamu lebih efekif dan antintrama. Yang pertama, siapin gini kamu. Pake aktivitas nyaman, sepatu yang pas, dan jangan lupa bawa tas yang bisa muat semua. Ya kayak yang gue pake nih, tas dari lo. Yang kedua, jangan sikit pemanasan ya. Lakukan pemanasan 5-10 menit untuk bantu otot siap tempur dan menghindari cedera. Yang ketiga, utamakan teknik bukan ego. Gosa buru-buru angkat luban kalau form belum benar. Salah teknik bisa bikin otot tegang dan natihan jadi enggak maksimal. Coba tips ini sekarang biar latihan kamu mengaribet dan tanpa drama.",7,"suka remet kelatian sendiri? nah, nih. tips rataan efekif antintrama. pertama, siapin gini kamu. pake aktivitas nyaman, sepatu pas, lupa bawa tas muat semua. kayak pake nih, tas kamu. kedua, sikit pemanasan ya. lakukan pemanasan menit bantu otot tempur menghindari cedera. ketiga, utamakan teknik ego. gosa buruburu angkat luban form benar. salah teknik otot tegang natihan maksimal. coba tips latihan mengaribet drama."
"Ini cara ladian otor kaki di rumah tanpa ala dyunitonres. Untuk WQOT ini kita hanya butuh satu kuosi dan satu rancel. Masukkan sesuatu yang berat ke dalam rancel, seperti botol air sebagai beban ekstrak. Gerakan berlama bulgain speskuat. Posisikan satu kaki di atas kuosi seperti ini lalu lakukan gerakan ini dengan teknik seperti ini. Next, side lunges ini variasi lunges, bukan kedepan tapi kesamping. Fokus ke satu kaki dulu, baru ganti. Lalu step ups gerakan yang keliatan seperti ini, kalau kuosi mukeran kuat lakukan lunges biasa. Lalu squats turun minimal sampai parallel atau sesuai range of motion yang kau bisa lakukan tanpa ada rasa tidak nyaman. Sebagai finisher calf raises saya rekomen lakukan gerakan ini di tangga atau pakai kuosi kecil seperti ini. Jatuh ala ladian untuk WQOT ini ada decapsion, so check it out. Walaupun kamu tidak bisa ke gym tidak ada alasan untuk tidak olahraga.",7,"ladian otor kaki rumah ala dyunitonres. wqot butuh kuosi rancel. masukkan berat rancel, botol air beban ekstrak. gerakan berlama bulgain speskuat. posisikan kaki kuosi lakukan gerakan teknik ini. next, side lunges variasi lunges, kedepan kesamping. fokus kaki dulu, ganti. step ups gerakan keliatan ini, kuosi mukeran kuat lakukan lunges biasa. squats turun minimal parallel sesuai range motion kau lakukan nyaman. finisher calf raises rekomen lakukan gerakan tangga pakai kuosi ini. jatuh ala ladian wqot decapsion, check out. gym alasan olahraga."
"Tips dong berfil safat tapi tetap beragama udah gak bisa. Jadi ikutin aja ngalir nanti habis-habisannya disitu bener dan salahnya kejar aja terus. Berfil safat itu ngejar aja terus dan gak ada penghalang bahwa nanti kamu tokot dosa. Namakanya memang akhirnya banyak yang jadi ATIs, ada yang tetap beragama, ada yang tetap apa tapi kan itu adalah hasil dari pencarian di habis-habisan. Dan fil safat jangan juga harus dikaitkan dengan Tuhan dan ATIsem kan fil safat juga... Skopnya gak itu doang.",1,"tips berfil safat beragama bisa. ikutin aja ngalir habishabisannya disitu bener salahnya kejar aja terus. berfil safat ngejar aja penghalang tokot dosa. namakanya atis, beragama, hasil pencarian habishabisan. fil safat dikaitkan tuhan atisem fil safat juga.. skopnya doang."
"begini jadinya kalau SUV monokok sama SUV leather frame di ajak nikung, cek di rucing pertama, kita ada Toyota Fortuner GR Sport yang suspensinya relatif kaku-kaku sporty ditekok di kecepatan 35 km per jam, namanya SUV jangkung kelihatan ya limbungnya apalagi misi bisipa GR Sport yang punya karakter relatif lebih soft yang jelas ini semua khas SUV basis pickup dari suara decitan ban sampai mabel-mabel understeernya tapi lain cerita kalau tengok santai yang punya basis monokok oke namanya SUV pasti ada limbungnya, tapi teku kandaui bisa lebih rapet, sharp dan sedikit kejalan bisa kalian notis juga dari suara decitan ban yang lebih kalem, padahal speednya sama waw, soal handling di aspal nggak perlu direaguin lagi kalau SUV monokok bisa kasih kenyamanan plus karakter handling yang lebih presisi ketika leather frame relatif lebih longgar tapi untuk urusan kemampuan jelajah, pilihan SUV leather frame mesti diakui lebih mumpuni balik lagi sama preferensi dan kebutuhan, untuk sebuah SUV besar, kalian prefer leather frame atau monokok nih",6,"suv monokok suv leather frame ajak nikung, cek rucing pertama, toyota fortuner sport suspensinya relatif kakukaku sporty ditekok kecepatan jam, namanya suv jangkung limbungnya misi bisipa sport karakter relatif soft khas suv basis pickup suara decitan ban mabelmabel understeernya cerita tengok santai basis monokok oke namanya suv limbungnya, teku kandaui rapet, sharp kejalan notis suara decitan ban kalem, speednya waw, handling aspal direaguin suv monokok kasih kenyamanan plus karakter handling presisi leather frame relatif longgar urusan kemampuan jelajah, pilihan suv leather frame mesti diakui mumpuni preferensi kebutuhan, suv besar, prefer leather frame monokok nih"
"apakah bisnis lu itu diwipau? nah ini ini permasalahan di kenapa bisnis itu ancur di generasi kedua ya? generasi pertama, itu tuh bapak-bapak kita ya mereka itu sukses karena kerja keras, mau berkorban setengah mati di lapangan lu sampai kerimetan, segala macam, boleh sampai kerja setengah mati itulah yang buat bisnis itu sukses, tapi gitu tunur di generasi kedua ya mereka malah malah anak itu, lu dasar-dasar saja lu tidak menunggukan karakteristik yang bikin lu sukses ke generasi kedua malah lu membuat generasi kedua jadi generasi ceng kan apakah bisnis lu itu diwipau? tapi, resah pun juga ada ini, versinya sendiri bro, ACAC itu mereka yang kagumpul-kumpul di mana ACAC itu dia idea banget, when we sit one another mereka itu ideal tentang anak-anaknya mereka adalah mereka happy siapa pen happy anak-anaknya itu siapa yang tehu, siapa yang diantara kita semua bisa kasih anak kita pen happy sekarang itu lu ga usah macam-macam ga usah jungkir balik nah, jadi kayak it's diakun igu engga maksudnya, orang ga sadar ya, lu liat hanya dalam satu generasi sistem market itu berubah iya, lu ke sales people lu masuk-masuk pergi hire orang masuk ke sales gitu dalam satu generasi sosial media itu semua gone ini satu generasi, halve generasi ini satu perempuan kita baru jaman kita, terus begitu masuk sosial media itu kan belum satu generasi itu sebenernya, halve generasi itu udah gone lu ga, lu ga mikir, apa ga bisis lu",6,"bisnis diwipau? permasalahan bisnis ancur generasi ya? generasi pertama, tuh bapakbapak sukses kerja keras, berkorban mati lapangan kerimetan, macam, kerja mati bisnis sukses, gitu tunur generasi anak itu, dasardasar menunggukan karakteristik sukses generasi generasi generasi ceng bisnis diwipau? tapi, resah ini, versinya bro, acac kagumpulkumpul acac idea banget, sit one another ideal anakanaknya happy pen happy anakanaknya tehu, kasih anak pen happy macammacam jungkir nah, kayak diakun igu engga maksudnya, orang sadar ya, liat generasi sistem market berubah iya, sales people masukmasuk pergi hire orang masuk sales gitu generasi sosial media gone generasi, halve generasi perempuan jaman kita, masuk sosial media generasi sebenernya, halve generasi gone tidak, mikir, bisis"
"Pertandingan Hang Tuang vs Bali United Karena yang United itu cuma boleh ada di IMU Kita akan milih, yuk! Terima kasih, bro! Terima kasih! Nanti kita akan bergerak! Oh! Oh, oh, oh! Bersiap! Oh, oh, oh! Oh, oh, oh! Oh, oh, oh! Oh, oh, oh! Oh, oh, oh! Oh, oh, oh! Oh, oh, oh! Say! Kita menang lagi, 9.89 Pembuah Zodok, kita akan menuju ke play-off Kamu akan menuju ke play-off Oh, oh, oh!",6,"pertandingan hang tuang bali united united imu milih, yuk! terima kasih, bro! terima kasih! bergerak! oh! oh, oh, oh! bersiap! oh, oh, oh! oh, oh, oh! oh, oh, oh! oh, oh, oh! oh, oh, oh! oh, oh, oh! oh, oh, oh! say! menang lagi, pembuah zodok, playoff playoff oh, oh, oh!"
"Katera, kalau aku bernang ga jalan-jalan ya? Gue bisa jalan, oke tenang nih, terek, kasih tau tip-tip, biar kita sama-sama bisa bernang ya That's good! Sebelum mulai, jangan lupa kita stretching dulu guys Atau lakukan stitut pemanasan, sebelum nanti kita nyemplong ke air Nah, setelah stretching kalian bisa mulai dengan pegangan dulu di tembok seperti ini Kedua tangan berpegangan di tembok, lalu berakang cakit di bebas Memukur air atau biasa di sebut kikinya Kalian terus lakukan step ini sampai akhir ya guys Agar beratik kaki kalian untuk mempertuart ke rakannya Kalau udah bisa, kalian bisa coba untuk latihan pernafasan Posisi tangan masih berpegangan di tembok Tapi bedanya dengan satu tangan kalian bisa sampai ke badan kalian Dengan sekitar telotasi badan, lakukan cikmuri dan kanan secara bergantian ya guys Kemudian lanjut step berikutnya, alinkan kedua tangan kalian secara bergantian seperti ini Kalian bisa lakukan 3 langkah tadi, seterah bulan ya guys Sampai dirasa kalian bisa lanjut ke step berikutnya ini nih Nah step ini tanpa bantuan tembok lagi guys Posisinya kedua tangan lurus ke depan Kemudian lakukan gerakan cikm seperti step alal tadi ya Lanjut, kalian bisa ainkan tangan kalian secara bergantian Nah bisa juga dengan bantuan papan renang Gimana mudah kan guys? Di sini dia serunya belajar tips bagi pemula agar bisa berenang Biasanya mau terekasih tips atau tutorial apa lagi guys? Coba komen dan jangan lupa follow tereya, gas kan?",6,"katera, bernang jalanjalan ya? jalan, oke tenang nih, terek, kasih tiptip, samasama bernang thats good! mulai, lupa stretching guys lakukan stitut pemanasan, nyemplong air nah, stretching pegangan tembok tangan berpegangan tembok, berakang cakit bebas memukur air kikinya lakukan step guys beratik kaki mempertuart rakannya bisa, coba latihan pernafasan posisi tangan berpegangan tembok bedanya tangan badan telotasi badan, lakukan cikmuri kanan bergantian guys step berikutnya, alinkan tangan bergantian lakukan langkah tadi, seterah guys dirasa step nih step bantuan tembok guys posisinya tangan lurus lakukan gerakan cikm step alal lanjut, ainkan tangan bergantian bantuan papan renang gimana mudah guys? serunya belajar tips pemula berenang terekasih tips tutorial guys? coba komen lupa follow tereya, gas kan?"
"Halo, saya ingin memberikan kelarifikasi sedikit mengenai video-on cara saya di TV1 yang ini. Segera lakukan sosialisasi bersama para influencer ini untuk tujuannya menenangkan masyarakat bahwa oplosnya itu salah kapra gitu. Oplos dengan blending kan beda nih. Kalau blending itu resmi. Kalau oplos kan kesannya itu kan manipulatif gitu. Oke. Mas Piter, gimana? Siap bersedia mungkin? Hari ini saya dihubungi pertamina untuk bilang bahwa bukan bensin oplosan. Saya sendiri tidak berani. Karena saya tidak tahu faktanya seperti apa. Saya masih arakat biasa. Saya konsumen. Saya dengar dari kejakasan agung ada oplosan. Sebetulnya saya dengar pendapat di DPR tidak ada oplosan. Mana yang benar? Jadi kalau pun pertamina mau mengembalikan kepercayaan menurut saya yang dilakukan harus komunikasi publik yang tepat. Tidak harus melalui influencer. Oke. Oke. Mungkin ada yang mau ditambahkan masa Abra. Yang pertama saya ingin memberikan keterangan sedikit ke Anda semua mengenai pernyataannya Pak Eri. Saya tahu betul bahwa niat Pak Eri itu baik. Beliau hanya memberikan saran kepada pertamina. Kalau misalnya memang tidak bisa melakukan komunikasi publik yang tepat yang baik gunakan influencer. Tapi saya harus menanggapi karena saya takutnya. Kalau saya tidak saya tanggapi, pernyataan itu akan ditangkap publik sebagai oh influencer ini hadir untuk menutupi fakta. Makanya di situ saya bilang bahwa kalau saya pribadi tidak akan berani menyuarakan sesuatu. Mau dibayar berapapun kalau saya tidak tahu faktanya sebenarnya. Tapi saya tahu niatnya Pak Eri itu bukan niat buruk tapi niat baik. Kemudian pada saat saya menanggapi Pak Eri. Ada tabrakan suara antara saya dan presenternya sehingga soalnya-saya berbicara. Hari ini pertamina menghubungi saya. Padahal sebenarnya ada kata walaupun yang tidak begitu terdengar. Jadi yang saya ucapkan ketika menanggapi Pak Eri yang bertabrakan dengan suara presenter itu adalah walaupun hari ini pertamina menghubungi saya. Baru ke kalimat selanjutnya. Jadi pertamina tidak pernah menghubungi saya sama sekali itu hanya perandaian untuk menanggapi dari pernyataan dari Pak Eri. Kemudian banyak yang berpendapat bahwa obrolan saya diputus oleh TV1 dengan saya baru menyebutkan beberapa poin. Kemudian sudah ada tepuk tangan. Well, kadang di studio sebenarnya tidak seperti itu karena mungkin mereka menyangka saya sudah selesai dan ada bicara saya memang seakan sudah selesai. Jadi mereka bertumpuk tangan dan saya juga tahu waktunya sangat singkat di sana. Jadi saya harus berbagi waktu dengan Nara Sumber yang layitok. Di berikutnya juga saya masih diberikan kesempatan untuk berbicara lagi. Jadi itu hanya satu segmen. Hal-hal yang belum saya sampaikan di situ ada di segmen berikutnya di wawancara tersebut saya sampaikan. Nah kalau harapan saya semoga momen ini bisa digunakan pertamina sebagai institusi itu untuk berbenar diri melakukan pahanya ledikan yang mendalam. Bukan hanya yang sudah terjerat kasus kalau bisa yang belum terjerat tapi ada penyimpangan di dalam juga harus dibersihkan. Lakukan transparansi ke publik supaya ke depannya pertamina itu bisa memperbaiki lagi standard pelayanan serta standard kualitas produknya dan tentunya kita semua berharap pertamina bisa kembali menjadi BOMN yang kita cintai bersama.",6,"halo, kelarifikasi videoon ini. lakukan sosialisasi influencer tujuannya menenangkan masyarakat oplosnya salah kapra gitu. oplos blending beda nih. blending resmi. oplos kesannya manipulatif gitu. oke. mas piter, gimana? bersedia mungkin? dihubungi pertamina bilang bensin oplosan. berani. faktanya apa. arakat biasa. konsumen. dengar kejakasan agung oplosan. dengar pendapat dpr oplosan. benar? pertamina mengembalikan kepercayaan komunikasi publik tepat. influencer. oke. oke. abra. keterangan pernyataannya eri. niat eri baik. beliau saran pertamina. komunikasi publik influencer. menanggapi takutnya. tanggapi, pernyataan ditangkap publik influencer hadir menutupi fakta. situ bilang pribadi berani menyuarakan sesuatu. dibayar faktanya sebenarnya. niatnya eri niat buruk niat baik. menanggapi eri. tabrakan suara presenternya soalnyasaya berbicara. pertamina menghubungi saya. terdengar. ucapkan menanggapi eri bertabrakan suara presenter pertamina menghubungi saya. kalimat selanjutnya. pertamina menghubungi perandaian menanggapi pernyataan eri. berpendapat obrolan diputus poin. tepuk tangan. well, kadang studio menyangka selesai bicara seakan selesai. bertumpuk tangan singkat sana. berbagi nara sumber layitok. kesempatan berbicara lagi. segmen. halhal situ segmen wawancara sampaikan. harapan semoga momen pertamina institusi berbenar pahanya ledikan mendalam. terjerat terjerat penyimpangan dibersihkan. lakukan transparansi publik depannya pertamina memperbaiki standard pelayanan standard kualitas produknya berharap pertamina bomn cintai bersama."
"Kita juga mampir pada videonya, makanya nonton sehingga habis ke Siting Jauh Lawik Oh, om om, apa apa? Itu banyak yang ancur? Iya, temboknya Banyak yang ga nabrak Ini dikongen ini udah melahir kan berapa Youtube channel coba? Iya, berapa Youtube channel? Berapa Youtuber? Oke, nih, kita coba sekarang Sisi belakang Oke, nanya! Ada rasanya mas kali!",6,"mampir videonya, nonton habis siting lawik oh, om, apa? ancur? iya, temboknya nabrak dikongen melahir youtube channel coba? iya, youtube channel? youtuber? oke, nih, coba sisi oke, nanya! mas kali!"
"In this economy aku nama satu pembap yang gunanya itu gak cuma buat ngelabapin kulit aja tapi juga bisa ngasih manfaat mencerahkan kulit sekaligus mudarin bekas jawa Hemet banget kan? Nah produk yang kemaksud adalah MS Glow Simuai 377 Moisturizer Kandungan pencerahnya tuh lengkap Ada Simuai 377, Nice in the mind, dan ada talik sampe acid juga Dan iya ini masih aman dipakai buat memulai Teksturnya oh my god enak banget Tipe jalan moisturizer yang agak tick tapi pas dibawarin di kulit tuh langsung meleleh Dan dia benar-benar kunci kelembapan kulit gak ada kesan lengket, gara atau pun gak nyaman Untuk hasilnya sesuai apentasiah bilang sih Setelah 2 minggu pemakaian, keliatan ya Bekas jawa aku tuh lumayan memudak Dan walaupun kulitnya keliatan lebih hidup dan lebih cerah Ya intinya melihat aku produk ini harus viral sih Sayang banget kalau orang-orang pernah gak tau Kalau produk ini ada di dunia",6,"economy nama pembap gunanya ngelabapin kulit aja ngasih manfaat mencerahkan kulit mudarin bekas jawa hemet banget kan? produk kemaksud glow simuai moisturizer kandungan pencerahnya tuh lengkap simuai nice mind, talik sampe acid iya aman dipakai teksturnya god enak banget tipe jalan moisturizer tick pas dibawarin kulit tuh langsung meleleh benarbenar kunci kelembapan kulit kesan lengket, gara nyaman hasilnya sesuai apentasiah bilang sih minggu pemakaian, keliatan bekas jawa tuh lumayan memudak kulitnya keliatan hidup cerah intinya produk viral sih sayang banget orangorang produk world"
"Hai guys, kalian inget gak dulu aku pernah beli ikan leleban tetsi ikan yai Nah ini dia dulu aku beli sekitar mei tahun 2024 panjangnya sekitar 30 cm Sini-sini aku tunjukin kayak gimana dia sekarang Taraaa, karena dia memang hidup bareng sama ikan koi aku jadi dia ikut makan pelet Sebenernya banyak banget penghobi predakor yang udah kasih warning ke aku Ada ungkapan jangan percaya mulut RTC Saking rakuusnya dia dan berpotensi makan ikan yang lainnya Sejauh ini sih dia baik-baik aja ya sama ikan ikan aku yang lain mungkin karena sizenya memang jauh agak berbeda Anyway dia emang rakuus banget sehari aku kasih makan dia 2 kali pagi dan sore Hari ini aku emang mau mengangkat dia dan ngecek seberapa besar sih dia tumbuh dan jangka waktu 10 bulan Ternyata dia sekarang ukurannya udah 52 cm Aku paling sayang sama ikan yai aku dibandingin sama anak Amis yang lain Gak tau ya kenapa tapi mukanya tuh lucu banget ada sumutnya lagi twing-twing Setelah aku cek ternyata di belakang oper kulumnya ini ada papi lumanya tapi sama ini gak terlalu keliatan Untung aku dokter ikan deh jadi kamu bisa akuobatin sendiri deh Panjang umur ya ya ya aku bakal bikin video terus perkembangan pertumbuhannya 1 tahun sekali Biar kita sama-sama menyiaksikan dia tubuh sampai panjangnya 1 meter Hidup dengan bahagia ya ya ya ku",6,"hai guys, inget beli ikan leleban tetsi ikan yai beli mei panjangnya sinisini tunjukin kayak gimana taraa, hidup bareng ikan koi makan pelet sebenernya banget penghobi predakor kasih warning ungkapan percaya mulut rtc saking rakuusnya berpotensi makan ikan sih baikbaik aja ikan ikan sizenya berbeda anyway emang rakuus banget sehari kasih makan kali pagi sore emang mengangkat ngecek sih tumbuh jangka ukurannya sayang ikan yai dibandingin anak amis mukanya tuh lucu banget sumutnya twingtwing cek oper kulumnya papi lumanya keliatan untung dokter ikan deh akuobatin deh umur video perkembangan pertumbuhannya samasama menyiaksikan tubuh panjangnya meter hidup bahagia"
"Kami capai selamat datang dan juga selamat bergabut. Kepada adik-adik untuk bermain dengan relax, bermain dengan hati, supaya bisa menunjukkan inner-interceptor payanya, supaya bisa terpilih, bisa bermain untuk di Indonesia. Ditimbingan, ditawak di pilihan pelating dan obisial kalian, maka nantinya, kalian akan menjadi pemain pemain nasi-suna yang berhina-dinasi. Terima kasih. Terima kasih.",4,"capai selamat selamat bergabut. adikadik bermain relax, bermain hati, innerinterceptor payanya, terpilih, bermain indonesia. ditimbingan, ditawak pilihan pelating obisial kalian, nantinya, pemain pemain nasisuna berhinadinasi. terima kasih. terima kasih."
"Serius, lenggan kalian masih bergelambir Yuk, ilangin pakai gerakan ini dari rumah aja Yang pertama, kalian bisa lakuin dengan gerakan Dumble Overhead Recept Extension Oh iya, kalau kalian ga punya Dumble di rumah aman, tenang aja Ada alternatif ya kalau kalian bisa pakai Botol Minum Satuliter Ingat di gerakan ini, sikunya ga boleh goyang-goyang ke kiri ke kanan ataupun depan belakang ya Sekejap, gerakan yang kedua, kamu bisa lakuin dengan gerakan TRISEP Kickback kayak gini Kalau di gerakan yang ini, kalian bisa pakai Dumble-nya 2 Dumble kayak gini Tapi kalau ga punya Dumble, berarti pakainya 2 Botol Minum ya Sama, sikunya juga harus stay, diem aja ga boleh goyang-goyang Kalian bisa lakuin gerakan ini sebanyak 12 repetisi di kalim 4 set Nah, eksi yang ketiga, ada gerakan TRISEP Dip Nah, kalau di gerakan ini, ga perlu pakai alat apapun Cuma ini aja sih kursi doang, kalian tinggal ambil kursi Abis itu kalian lakuin gerakannya kayak yang lagi gue lakuin gini Oh iya, di gerakan ini turunnya jangan terlalu bawah banget ya guys Gila-gila rasa aja, turunnya cukup sampai sikuk kita itu sejajar sama bahuk kita nih Kayak yang lagi gue lakuin gini Dan yang terakhir ada gerakan Skool Crusher Balik lagi ya, sekarang pakai alat, bisa pakai Dumble ataupun Botol Minum kamu Aku ingetin lagi ya, lagi-lagi kalau di gerakan TRISEP atau gerakan Lengan itu Sisi kukit kita ga boleh gerak goyang-goyang kiri kanan ataupun depan belakang Jadi lakuinnya tuh kayak gini ya Oke, segitu dulu dan selamat mencoba",7,"serius, lenggan bergelambir yuk, ilangin pakai gerakan rumah aja pertama, lakuin gerakan dumble overhead recept extension iya, dumble rumah aman, tenang aja alternatif pakai botol minum satuliter gerakan ini, sikunya goyanggoyang kiri kanan sekejap, gerakan kedua, lakuin gerakan trisep kickback kayak gini gerakan ini, pakai dumblenya dumble kayak gini dumble, pakainya botol minum sama, sikunya stay, diem aja goyanggoyang lakuin gerakan repetisi kalim set nah, eksi ketiga, gerakan trisep dip nah, gerakan ini, pakai alat apapun aja sih kursi doang, tinggal ambil kursi habis lakuin gerakannya kayak lakuin gini iya, gerakan turunnya banget guys sangatsangat aja, turunnya sikuk sejajar bahuk nih kayak lakuin gini gerakan skool crusher ya, pakai alat, pakai dumble botol minum ingetin ya, lagilagi gerakan trisep gerakan lengan sisi kukit gerak goyanggoyang kiri kanan lakuinnya tuh kayak gini oke, segitu selamat mencoba"
"kalian tahu ga sih kalo satu mangkuk smoothies ini tuh udah mengadu sekitar 30 gram protein dan rasanya ini tuh enak banget yuk langsung aja kita bikin, let's go! masukin 1-2 buah pisang buku ambil 1 scoop BPK dari puru rasa vanilla yang bisa kalian beli dengan kode puru rambut terus tambahkan 1 sendok makan bubu coklat 1 sendok makan selai kacang bubu ya se cukupnya kasih extract vanilla dan seperma 4 gelas susu terus tinggal di blender dan jadidih gimana? gampang banget ambikinnya tinggal seplong-seplong-seplong coba, kalian catanya ga? remake smoothies ini nih kalo ya coba komen di bawah ya atau kalo kalian ada snack favorit lain atau kalian pengen request apa gitu juga ga apa-apa, coba komen di bawah juga ya share video ini kalo berapa A, tetap semangat dan stay hard kanan puru",7,"sih mangkuk smoothies tuh mengadu gram protein tuh enak banget yuk langsung aja membuat, lets go! masukin buah pisang buku ambil scoop bpk puru vanilla beli kode puru rambut tambahkan sendok makan bubu coklat sendok makan selai kacang bubu cukupnya kasih extract vanilla seperma gelas susu tinggal blender jadidih gimana? gampang banget ambikinnya tinggal seplongseplongseplong coba, catanya tidak? remake smoothies nih coba komen snack favorit request gitu apaapa, coba komen share video semangat stay hard kanan puru"
"Kenapa kita itu demen sekali makan nasi? Kenapa kita demen sekali makan tepung-tepungan yang manis-manis, roti dan segala macem? Karena wajar, sugar is addictive. Lunggut, gula itu ada komponen adiksinya disitu. Kalau teman-teman makin sering teman-teman konsumsi, you're addicted to sugars. Lalu itu se-saat bisa kecanduan sekali dengan gula. Kenapa? Karena gula itu menarik dia. Begitu kita konsumsi gula, your blood sugar itu naik, itu ada hubungan sekali dengan dopamine release. Ada hubungan sekali dengan otak kita itu keluarin dopamine dan segala macem. Yang berhubungan dengan rasa happy. Makanya kalau teman-teman melihat teman-teman yang kecanduan dengan rasa manis, dan luarang itu yang demen sekali keklah, roti dan segala macem. Begitu lu konsumsi itu, lu senang gitu lu. Kayak ada sesuatu yang, I feel happy. Kenapa? Ya itu komponen adiksinya disitu.",2,"demen makan nasi? demen makan tepungtepungan manismanis, roti macem? wajar, sugar addictive. lunggut, gula komponen adiksinya disitu. temanteman temanteman konsumsi, youre addicted sugars. kecanduan gula. kenapa? gula menarik dia. konsumsi gula, blood sugar naik, hubungan dopamine release. hubungan otak keluarin dopamine macem. berhubungan happy. temanteman temanteman kecanduan manis, luarang demen keklah, roti macem. konsumsi itu, senang gitu kamu. kayak yang, feel happy. kenapa? komponen adiksinya disitu."
Inilah Service Klas Dunia dilihat dari dekat. Bisakah kamu menahannya?,6,service klas world dekat. menahannya?
"Ada Lipteen yang claimnya 18 jam Welcome to a day in my life Aku hari ini akan full seharian Dan aku akan pakai Lipteen dari Saviosa Peach, please Sekarang saatnya ganti baju Tara, aku udah ganti baju Dan Lipteennya udah menyerap Udah transfer pro Sekarang itu jam 8.48 Let's go Kita lagi di jalan mau meeting Aku lagi minum obat-obatan aku hari yang transfer Sekarang udah jam 8.30 My lips masih ada banget Looking good Kita tes Setengah dua dan aku belum taca, pelitin aku sama sekali Dan kita akan lanjut ke meeting ke dua kita Sekarang udah jam 4 sore Udah 7 jam Kita akan lanjut ke meeting terakhir OMG Udah jam 6 sore Dan aku bisa makan bambar-bambar banget Udah saatnya untuk touch atahan dari jam 8 pagian Sampai jam 6 sore Dengan makan yang bambar Keren banget Saviosa Mantap Keren banget Saviosa Mantap",4,"lipteen claimnya jam welcome day life full seharian pakai lipteen saviosa peach, please ganti baju tara, ganti baju lipteennya menyerap transfer pro jam lets jalan meeting minum obatobatan transfer jam lips banget looking good tes taca, pelitin meeting jam sore jam meeting omg jam sore makan bambarbambar banget touch atahan jam pagian jam sore makan bambar keren banget saviosa mantap keren banget saviosa mantap"
"ini adalah mobil yang sangat langka di seluruh dunia hanya ada 15 unit dan sekarang ada di Indonesia di Ivans Motor ini adalah Audi R8 GT edisi perpisahan dari Audi yang tidak lagi akan memproduksi Audi R8 dan dia sangat spesial karena di seluruh dunia hanya di produksi 333 unit tapi yang stirkanan dengar-dengar hanya ada 15 unit di dunia lebih istimewa lagi R8 GT ini bukan hanya dibuat untuk sekedar kosmetik saja tapi memang dibuat untuk track performance yang lebih baik makanya bobotnya lebih ringan 20 kg dibandingkan R8 Standard dengan karbon fiber dimana-mana spion front spoiler, side skirt, rear spoiler, diffuser, bahkan di interiornya juga serta walaupun dia berpenggerak belakang yang biasanya tenangnya itu di kecilkan oleh Audi tapi R8 GT ini memakai mesin yang paling bertenaga dari R8 yang biasanya hanya ada di varian All Wheel Drive interiornya juga eksklusif dengan jok yang khusus dibuat untuk R8 GT dengan laburan alkan tara serta kulit, stir alkan tara tuas transmisi alkan tara karbon fiber di dalam dan ini adalah varian yang sangat spesial untuk mengahiri era dari Audi R8 untuk keterangan lebih lanjut mengenai mobil ini silakan tonton videonya di channel Pitra Erick",6,"mobil langka world unit indonesia ivans motor audi edisi perpisahan audi memproduksi audi spesial world produksi unit stirkanan dengardengar unit world istimewa sekedar kosmetik track performance bobotnya ringan dibandingkan standard karbon fiber dimanamana spion front spoiler, side skirt, rear spoiler, diffuser, interiornya berpenggerak tenangnya kecilkan audi memakai mesin bertenaga varian wheel drive interiornya eksklusif jok khusus laburan alkan tara kulit, stir alkan tara tuas transmisi alkan tara karbon fiber varian spesial mengahiri era audi keterangan mobil silakan tonton videonya channel pitra erick"
"ini semua masyarakat Indonesia yang namanya kattenbat itu kagak boleh lu pake masukin sampai ke dalam kuping kattenbat itu cuma boleh dipakai di dua tempat satu kuping bagian luar, satu lagi udahl jangan dimasukin ke bagian dalam telinga kalau kagak gelin gendang telinga lu bisa jadi bolong gue ini ya hari ini aja udah dapet pasien 3 biji dengan keluhan telinganya beredenging, keluar secara daging telinga sama punya rewet mengorek bagian telinga dengan kattenbat biasanya abis mandi, katanya gato nah pas gue liat, udah gendang telinganya bolong padanya infeksi yang namanya taiteling atau cong ya dia tuh bisa keluar sendiri, dari loman, di lawu, dulu miring kanan kering, dia bisa keluar sendiri cuma kalau misalkan emang terasa numpuk dan nyumbat udah kepusket pas aja nanti ada alatnya kita buat gak berkesin dan itu gratis kalau lu pake BPJS nah jangan dimasukin pake kattenbat karena kattenbat itu dia bisa tiba-tiba musuk nih ke bagian gendang telinganya gendang telinganya jadi api, jadi robek, jadi infeksi kalau udah kayak gitu pengobatannya susah-susah gampang lu bisa aja dikujukkan doa terespecialis buat penang lebih lanjut apalagi telinga tuh deket sama api deket sama otak kan, bukan deket sama ginjal lu bayangin kalau otak lu kenapain api jadi kagak usah, kagak usah yang hidi-hidi masukin kattenbat ke telinga udah kattenbat itu buat bagian luar doang sama bagian udel, udel, stop",7,"masyarakat indonesia namanya kattenbat kagak pake masukin kuping kattenbat dipakai kuping luar, udahl dimasukin telinga kagak gelin gendang telinga bolong aja dapet pasien biji keluhan telinganya beredenging, daging telinga rewet mengorek telinga kattenbat habis mandi, gato pas liat, gendang telinganya bolong infeksi namanya taiteling cong tuh sendiri, loman, lawu, miring kanan kering, emang numpuk nyumbat kepusket pas aja alatnya berkesin gratis pake bpjs dimasukin pake kattenbat kattenbat tibatiba musuk nih gendang telinganya gendang telinganya api, robek, infeksi kayak gitu pengobatannya susahsusah gampang aja dikujukkan doa terespecialis penang telinga tuh deket api deket otak kan, deket ginjal bayangin otak kenapain api kagak usah, kagak hidihidi masukin kattenbat telinga kattenbat doang udel, udel, stop"
"Ada sedikit masalah kawan, jadi kami kan mau lintas border dari Thailand ke Cambodia. Masalahnya tuh lagi heboh berita perang. Ini sekarang kami mau cari info buat masin dulu. Bisa nyebrang atau enggak. So ya, wish us luck. Pada event sebelumnya, kami sudah keliling negara Malaysia, kemudian kita main ke Singapura, dan akhirnya nyetir kembali untuk ke Malaysia menyemperang ke Thailand lewat border. Nah, pasti border itu kita harus pilih border exit-nya dari awal. Nah, itu ada beberapa opsi. Ini saya keliling exit kembali ke Malaysia, atau mau exit via negara Laos atau exit ke Cambodia. Kemudian sudah banyak isu tentang keliling border itu sebagai keliling konflik. Cuma kami ngobrol sama agennya. Di border katanya sih, konflik itu cuma di border bagi utara. Selatannya itu aman. Makanya kami ngomong oke, kami habis Thailand mau exit ke Cambodia. Masalahnya, Hamil satu pas bongnya berang. Muncul konflik lagi, main tembak-tembak kan. Ngaranya sudah keperang. Emang sih, pas kami jalan ke bordernya ke Cambodia, itu sudah ada banyak posentara dan pemisian. Tapi itu oke. Nah, sampai di border Cambodia, kami sudah mulai mikir, kayaknya ada kemungkinan. Itu kayak banyak koruk lah, atau mungkin banyak biaya-bian tambahan. Ternyata di luar dukaan ya border Cambodia, sangat lama. Kami happy banget karena satu sangat-sangat ngebantu banget, dan enggak ada biaya apapun. No pungli-pungli, kita dibantu dan orangnya sepenuh dengan senyuman. So ya keserfetama kami ya menuju ke Cambodia, di border bagi selatan, itu sangat happy. Masalahnya di sini nih ya, kebahagian kami hanya terjadi di awal. Pas masuk Cambodia, dan dapat isi deng yang bisa kamu cek di IG-nya bang Liduan ya. Detailnya akan kami ceritain nanti oke, sekarang kami mau nyetir dulu.",6,"kawan, lintas border thailand cambodia. tuh heboh berita perang. cari info masin dulu. nyebrang enggak. ya, wish luck. event sebelumnya, keliling negara malaysia, main singapura, menyetir malaysia menyemperang thailand border. nah, border pilih border exitnya awal. nah, opsi. keliling exit malaysia, exit via negara laos exit cambodia. isu keliling border keliling konflik. ngobrol agennya. border sih, konflik border utara. selatannya aman. ngomong oke, habis thailand exit cambodia. masalahnya, hamil pas bongnya berang. muncul konflik lagi, main tembaktembak kan. ngaranya keperang. emang sih, pas jalan bordernya cambodia, posentara pemisian. oke. nah, border cambodia, mikir, kayaknya kemungkinan. kayak koruk lah, biayabian tambahan. dukaan border cambodia, lama. happy banget sangatsangat ngebantu banget, biaya apapun. punglipungli, dibantu orangnya sepenuh senyuman. keserfetama cambodia, border selatan, happy. nih ya, kebahagian awal. pas masuk cambodia, isi deng cek ignya bang liduan ya. detailnya ceritain oke, menyetir dulu."
"Pertama-tama bersyukur ya Alhamdulillah bisa menyelesaikan pertandingan dua tur ini dengan lumayan baik Terima kasih juga buat semua pendukung yang sudah mendohakan, mendukung kami berdua, kada hati-hati nya dan juga spesialnya buat legend badminton Indonesia itu juga dari Bandung, dari kota kami berdua juga sama yang telah berpulang, Alhamdulillah di minggu ini ya semoga beri awal khusus, khus nul kut ini Yang pasti kuncinya dari serdiki yakinan pada diri sendiri, komunikasi dilapangan antara sesejian dengan apajar, dengan pelakih juga dan banyak kunci kemenangannya memang bisa juga nganyangkan jadi bingung jawab apa-apa Yang pertama saya mengusahkan puji suku Alhamdulillah bisa menjuali kejuaran ini dan terima kasih banyak untuk semua berbeda kongan dan sebut Yang pasti kondisi satu kok dan kondisi lapangan di sini memang cukup menguntungkan kami berdua, kami adalah tipe permainan playmaker dan di sini lapangan ini cukup berangin Jadi memang tidak ada bola rally-really panjang yang membuat power itu ada tapi di sini, di Cina Open ini bagaimana caranya kita bermain depan Jadi siapapun yang bermain depan saya, Ria, Pikri bisa mengatasinya Saya pribadi ada keyatiran bahwa kami bisa menang karena dari awal pertama ke Cina juga komunikasi kami berdua dengan pelati juga sudah enak Jadi antara kami pelati, pelati bisik, selalu berkondisi dengan baik, saling percaya, strategi pelati dan kami juga saling berkomunikasi yang baik Mau turun di lapangan dan juga di hotel, kadang-kadang sambil kami berbicara biasa tapi kami juga kadang-kadang membahas nyusun strategi buat ketanikannya",6,"pertamatama bersyukur alhamdulillah menyelesaikan pertandingan tur lumayan terima kasih pendukung mendohakan, mendukung berdua, kada hatihati nya spesialnya legend badminton indonesia bandung, kota berdua berpulang, alhamdulillah minggu semoga khusus, khus nul kut kuncinya serdiki yakinan sendiri, komunikasi dilapangan sesejian apajar, pelakih kunci kemenangannya nganyangkan bingung apaapa mengusahkan puji suku alhamdulillah menjuali kejuaran terima kasih berbeda kongan kondisi kondisi lapangan menguntungkan berdua, tipe permainan playmaker lapangan berangin bola rallyreally power sini, cina open bermain bermain saya, ria, pikri mengatasinya pribadi keyatiran menang cina komunikasi berdua pelati enak pelati, pelati bisik, berkondisi baik, percaya, strategi pelati berkomunikasi turun lapangan hotel, kadangkadang berbicara kadangkadang membahas nyusun strategi ketanikannya"
"kalau ngomong blush yang paling basalar ya, kalau untuk liquid blushnya Chanel ini tergolong sangat-sangat basalar ya kalau di Chanel dia tuh ada 4 warna sih, ada si light peach, ada light pink, ada warm pink dan intense coral kalau ditanya yang paling basalar yang mana sih? 4 nya basalar, karena 4 warna ini bakal masuk ke old skin tone kamu dan warnanya itu semua natural banget kamu satu palm aja, kayak sedikit aja palm yang keluar itu langsung keluar banget warnanya sih ini after aku swass ya, kamu bisa lihat ya, warna-warna yang cantik yang light peach juga cantik banget light pink juga, warm pink juga kalau kalian suka warna-warna ngera-ngerakennyut gitu boleh aja warm pink intense coral itu juga bagus banget dia kayak warna coral, terus warnanya kayak warna ke pink, peachy, coral gitu",7,"ngomong blush basalar ya, liquid blushnya chanel tergolong sangatsangat basalar chanel tuh warna sih, light peach, light pink, warm pink intense coral basalar sih? nya basalar, warna masuk old skin tone warnanya natural banget palm aja, kayak aja palm langsung banget warnanya sih swass ya, lihat ya, warnawarna cantik light peach cantik banget light pink juga, warm pink suka warnawarna ngerangerakennyut gitu aja warm pink intense coral bagus banget kayak warna coral, warnanya kayak warna pink, peachy, coral gitu"
"Mau tahu kulit kering dan sensitif kalau lagi kumat kayak gimana Dry patches, redness, bisa ngelupas guys Tapi kalau udah kayak gini, skin tiffy yang mana nih yang dipakai? Ini yang baru guys, skin tiffy for sensitif skin terus dia warnap ini Itu dari vitamin B12nya itu sendiri, sudah kayak ada clinical testnya Dan 7 hari bisa membantu merdakan kemerahan Emergenci use aku kalau kulit aku flaky dan ada dry patches kayak gini Kalau dia aku pribadi sih 3 hari aja udah oke Kemerahan udah hilang, aman Selain ada vitamin B12, di sini juga ada seramite nya Ada alantoin, bisabolo dan ektoin yang jadi hero ingredients Kalau si bisabolo itu untuk rasa kemerahan Dan biasanya tuh suka ada gatel gitu kalau kulit sensitif Kalau ektoin itu bagus untuk memperbaiki skin barrier dari external stressor Contohnya, taparan cingar mata hari, perubahan cuhu, darahnya Ini salah satu produk yang okey banget, menurut aku Anhyder Good Products from Skin Tific, paling aku suka yang mana Number one is the blue one, kalau misalnya kulit sensitif aku lagi gak kumat Number two is yang ini, sensitif skin ini kalau kulit aku lagi kumat Tapi karena sekarang lagi kumat, ini yang jadi number one aku oke Sekejap deh guys",7,"kulit kering sensitif kumat kayak gimana dry patches, redness, ngelupas guys kayak gini, skin tiffy nih dipakai? guys, skin tiffy sensitif skin warnap vitamin bnya sendiri, kayak clinical testnya membantu merdakan kemerahan emergenci use kulit flaky dry patches kayak gini pribadi sih aja oke kemerahan hilang, aman vitamin seramite nya alantoin, bisabolo ektoin hero ingredients bisabolo kemerahan tuh suka gatel gitu kulit sensitif ektoin bagus memperbaiki skin barrier external stressor contohnya, taparan cingar mata hari, perubahan cuhu, darahnya salah produk okey banget, anhyder good products skin tific, suka number one blue one, kulit sensitif kumat number two ini, sensitif skin kulit kumat kumat, number one oke sekejap deh guys"
"Kemarin pas ngonten di lantut beberapa kali aku ngeliat adik-adik pakai baju hitam putih ini lewat Lharinya keren banget jadi benar saran nih Yuk langsung aja kita tanyain Adik namanya siapa? Aku Yusof Yusof Saya Caryf Caryf Yusof Klas apa? Aku kelas 11 Klas 11 dimana? Nggak sih, semanti, semanti ini Klas 10 juga di semanti? Semanti Ini kejuraan apa aja ya udah pernah dirai? Saya bubat di kap 1500 meter, jualan 1 2025, banyak keharangan dikeput, potensi alam 4 Isjavara Ninfest juga potensi alam 4 Terima kasih, Yusof Jualan apa aja udah? Di bubat di kap juga, 5000 meter jualan 2 Itu di stadion ya? Ya, di stadion Tahun? 2025, sama ke eventnya ini Oh, sekarang berarti ya? Senang nggak ada ini? Senang banget ya? Saya rasa stadion juga dibangun gitu ya? Ya, benar-benar Bilang lo, berarti Terima kasih, terima kasih Alamdulillah, terima kasih banget Sementara berarti kan dekat nih Dimanfaatkan sebaik mungkin Pengennya setelah ini gimana, adekannya? Adekannya terlatihkan dulu, nanti ikut kejuraan-kejuraan Ini ada kejuraan apa lagi? Nanti mau ini funeran yang di unisatu Oh iya, aku ikut nanti Nah ini sampai ketemu ya, nanti kita montain lagi Ini program latihannya apa aja, sementara ini? Tadi, aku tes Tempo 3 kilo Tempo 3 kilo terus? Dapat 11 menit, 8 meskip Setelah ini tambahin latihan lagi nggak setelah ini? Joking ya, joking Joking, terus? Setelah ini tambahin? Setelah ini kemarin Kemarin, ada jodohan sendiri Ya, ya Oke, semangat, user sama apa? Cari User sama? Cari Oke, tetap semangat ya Di kita atas-atas maksudnya ini harus kita support Biar nanti selalu melecit ke depannya Terima kasih, adek ya Terima kasih, adek ya Terima kasih, balik lanjut lagi",7,"kemarin pas ngonten lantut kali ngeliat adikadik pakai baju hitam putih lharinya keren banget saran nih yuk langsung aja tanyain adik namanya siapa? yusof yusof caryf caryf yusof klas apa? kelas klas dimana? sih, semanti, semanti klas semanti? semanti kejuraan aja dirai? bubat kap meter, jualan keharangan dikeput, potensi alam isjavara ninfest potensi alam terima kasih, yusof jualan aja sudah? bubat kap juga, meter jualan stadion ya? ya, stadion tahun? eventnya oh, ya? senang ini? senang banget ya? stadion dibangun gitu ya? ya, benarbenar bilang kamu, terima kasih, terima kasih alamdulillah, terima kasih banget nih dimanfaatkan pengennya gimana, adekannya? adekannya terlatihkan dulu, kejuraankejuraan kejuraan lagi? funeran unisatu iya, ketemu ya, montain program latihannya aja, ini? tadi, tes tempo kilo tempo kilo terus? menit, meskip tambahin latihan ini? joking ya, joking joking, terus? tambahin? kemarin kemarin, jodohan ya, oke, semangat, user apa? cari user sama? cari oke, semangat atasatas maksudnya support melecit depannya terima kasih, adek terima kasih, adek terima kasih,"
"ini berapa jenis makanan? tugas yang teman-teman yang pertama yang berlaku jangan lihat dulu komposisinya jangan lihat komposisinya di belakang ini lihat aja mereknya lihat merek, teman-teman tulis apakah ini termasuk makanan sehat atau tidak abis itu yang ketua, setelah teman-teman tulis teman-teman di belakang komposisinya di belakang ngutip di ingredients beritahu bagaimana ingredients in this week tulis berapa jenis ingredients di dalam makanan ini setelah itu, yang ketiga teman-teman tulis apakah ini termasuk makanan sehat atau tidak ok, i'm gonna spread this around",0,"jenis makanan? tugas temanteman berlaku lihat komposisinya lihat komposisinya lihat aja mereknya lihat merek, temanteman tulis makanan sehat habis ketua, temanteman tulis temanteman komposisinya ngutip ingredients beritahu ingredients week tulis jenis ingredients makanan itu, ketiga temanteman tulis makanan sehat ok, gonna spread around"
"Banyak yang bilang kalau gak mual berarti gak hamil. Bener gak sih? Awas, ternyata cuma mitos belakang loh mums. Emang sih, sekitar 70-80 persen ibu mengalami morning sickness pada awal kehamilan. Namun, gak mual sama sekali, bukan berarti gak hamil ya mums. Hamil tanpa mual itu normal loh. Perlu mums ketahui perubahan kadar hormon HCG, yaitu hormon yang memicu mual, bisa berbeda-beda pada setiap kehamilan. Berdasarkan studi, kesehatan, kadar HCG yang lebih tinggi, umumnya ditemukan pada ibu hamil yang mengalami mual dan muntah lebih parah. Dan sebaliknya, ibu hamil yang gak mengalami mual dan muntah, justru cenderung memiliki peningkatan kadar HCG yang lebih rendah. Selain dari mual, mums bisa kok, melihat Anda kehamilan lain, seperti telat haid, gampang lelah, sakit kepala, dan sering buang air kecil. Nah kalau masih ragu kenapa bisa gak mual saat hamil, coba konsultasikan ke dokter aja ya mums. Yuk, klik follow dan save video ini biar mums gak ketinggalan informasi penting lainnya seputar kehamilan.",3,"bilang mual hamil. bener sih? awas, mitos loh mums. emang sih, persen mengalami morning sickness kehamilan. namun, mual sekali, hamil mums. hamil mual normal loh. mums ketahui perubahan kadar hormon hcg, hormon memicu mual, berbedabeda kehamilan. berdasarkan studi, kesehatan, kadar hcg tinggi, ditemukan hamil mengalami mual muntah parah. sebaliknya, hamil mengalami mual muntah, cenderung memiliki peningkatan kadar hcg rendah. mual, mums kok, kehamilan lain, telat haid, gampang lelah, sakit kepala, buang air kecil. ragu mual hamil, coba konsultasikan dokter aja mums. yuk, klik follow save video mums ketinggalan informasi seputar kehamilan."
"Umur 50 tahun keatas jangan nge-gim ya Bahaya nanti malah cedera, hatian di rumah aja Doko gitu, sini aku kasih pencerahan Aku lagi di Fithab Cabang Puri Indah Dan kebetulan ada tantang suryani dan tantang temina nih Yang umurnya di atas 40, coba kita tanya ya Tantang temina udah berapa lama latihan di gym? 1 tahun Udah pernah cedera nggak kalau di gym? Kalau cedera belum pernah Justru malah dulu Lutut suka sakit Setiap rutin latihan bebat Sekarang Lutut udah nggak pernah sakit-sakit lagi Terus berat badan stabil Selain itu saya dapet bonus Sangat-sangat ngangkat koper sendiri kalau lagi jalan-jalan Plus ngangkat galon juga kuat Tantang latihan di gym gini nggak takut cedera tantang Gak do, kan di Fithab ini ada trainer Yang kasih tau pakai alatnya gimana Nah bener banget kalau bingung cara pakai alat gym Langsung tanya aja ke personal trainernya Kalau di Fithab personal trainernya udah pasti profesional dan bersetifikat ya Dan kan harus tahu fasilitas di Fithab itu lengkap Selain latihan beban kan juga bisa ikut kelas cardio, pilates, yoga, banyak udah tinggal pilih Untuk yang umurnya 40 tahun keatas Justru wajib latihan beban Supaya tulang dan sendinya sehat Otot wajib kuat kan bisa mulai dari gerakan sederhana dan beban yang ringan dulu Nggak langsung ujuk-ujuk berat Kalau memulai latihan langsung aja klik link di bio Fithab underscore idea Fithab ini cabangnya banyak cari aja yang deket rumah atau deket kantor Udah pasti affordable dan cocok untuk memulai Semoga infirman banget, salam sehat",6,"umur keatas ngegim bahaya cedera, hatian rumah aja doko gitu, kasih pencerahan fithab cabang puri indah tantang suryani tantang temina nih umurnya coba tantang temina latihan gym? cedera gym? cedera lutut suka sakit rutin latihan bebat lutut sakitsakit berat badan stabil dapet bonus sangatsangat ngangkat koper jalanjalan plus ngangkat galon kuat tantang latihan gym gini takut cedera tantang do, fithab trainer kasih pakai alatnya gimana bener banget bingung pakai alat gym langsung aja personal trainernya fithab personal trainernya profesional bersetifikat fasilitas fithab lengkap latihan beban kelas cardio, pilates, yoga, tinggal pilih umurnya keatas wajib latihan beban tulang sendinya sehat otot wajib kuat gerakan sederhana beban ringan langsung ujukujuk berat latihan langsung aja klik link bio fithab underscore idea fithab cabangnya cari aja deket rumah deket kantor affordable cocok semoga infirman banget, salam sehat"
"Shhh! Gue ngerti banget guys, di antara kesibukan kalian untuk nyemputin olahraga atau jil itu susah banget. Apalagi perkembangannya belum kelihatan. Ini 3 hal yang harus kalian perhatikan kalau kalian ngerasap kekembangannya gini-gini aja. Tidur yang cukup. Tidur yang cukup itu penting karena recovery atau pembentukan sel otot baru itu terjadi ketika israhat. Aspen protain. Ibarat bikin rumah tapi batanya kurang. Tanpa protain yang cukup ototmu juga gak bisa dibangun. Yang penting konsisten. Jangan terlalu mematok hasil. Lebih baik bangun habit dulu, hasil pasti akan mengikuti. Dan yang terakhir menurut gue. Tempat gymnya tuh harus nyaman. Alatnya lengkap dan kelasnya banyak. Jadi kalau kalian bosan nge-gym, kalian bisa ikut kelas. Dan semua itu gue bisa temuin di Iki Gae Fitness. Nah, gitu aja dari gue. Umulat gym lagi.",7,"shh! mengerti banget guys, kesibukan nyemputin olahraga jil susah banget. perkembangannya kelihatan. perhatikan ngerasap kekembangannya ginigini aja. tidur cukup. tidur recovery pembentukan sel otot israhat. aspen protain. rumah batanya kurang. protain ototmu dibangun. konsisten. mematok hasil. bangun habit dulu, hasil mengikuti. saya. gymnya tuh nyaman. alatnya lengkap kelasnya banyak. bosan ngegym, kelas. temuin iki gae fitness. nah, gitu aja saya. umulat gym lagi."
"pack lah ini udah gua rekam tapi belum diedit karena saya malas hehehehe yang pertama adalah tinted moisturizer gua masih suka banget sama dia eh tinted sunscreen dia, maaf ya ini diratainya gampang banget karena bernama kayak as you can see tiba-tiba kulit lu kayak merata gitu warnanya tanpa berasa berat sama sekali tapi ada banget efeknya gitu terus concealer gua juga suka banget sama ini karena dia applicatornya ada dua macem ada yang gede, ada yang kecil dan diratainya gampang banget tapi coveragenya juga ada banget as you can see terus senyum dulu, oh gengit banget terus ini adalah blush on kesukaan gua masih sampai sekarang karena dia you have to get this specific color karena warnanya menurut gua adalah perpaduan yang pas banget antara bronzer dan blush on you don't need anything else as you can see senyum lagi, jadugin bener-bener dah terus abis itu ini adalah eyeshadow lokal yang gua lagi suka banget juga karena as you can see dia kayak gampang banget di belainnya dan warnanya ada banget, parah, parabats terus lipstick, yang pertama oh ini engga suka ya oh repot, kita ganti dulu yang kedua apakah ini suka? ini lipstick gua udah dari 7 tahun yang lalu, udah kada luar sana nih oh engga suka juga ya kan yang ketiga, apakah dia suka yang ini? makanya gua suka bingung kalo nanya lipstick gua ini yang terjadi biasanya ya kan udah 3 masih engga suka juga jadi udah engga tau nih warna apa yang terakhir adalah lipstick maite nih gua bilang karena dia pucat banget ya kan, liat tuh parah kita semua akan menjadi maite ya oh dia suka ini ternyata ya kan lipstick maite jatuh kepada dia luar biasa, oh ini mau bersin engga jadi tapi soku aja dan itu adalahnya, bye",4,"pack rekam diedit malas hehehehe tinted moisturizer suka banget tinted sunscreen dia, maaf diratainya gampang banget bernama kayak see tibatiba kulit kayak merata gitu warnanya berasa berat banget efeknya gitu concealer suka banget applicatornya macem gede, diratainya gampang banget coveragenya banget see senyum dulu, gengit banget blush kesukaan get specific color warnanya perpaduan pas banget bronzer blush dont need anything else see senyum lagi, jadugin benerbener dah habis eyeshadow lokal suka banget see kayak gampang banget belainnya warnanya banget, parah, parabats lipstick, engga suka repot, ganti suka? lipstick lalu, kada nih engga suka ketiga, suka ini? suka bingung nanya lipstick engga suka engga nih warna lipstick maite nih bilang pucat banget kan, liat tuh parah maite suka lipstick maite jatuh biasa, bersin engga soku aja adalahnya, bye"
"aku cocok pakai baju-baju pastel, aksesoris warna silver dan make up yang lebih kepi tebak, hasil PC aku apa? wah, akhirnya bisa ikut persenalkan analisis yang diadakan oleh warna di bandung step awal, dicek dulu apak aku, warm, netra, atau cool aku diarahin buat fokus ke bagian under eye, dark spot, dan rahang lihat-liat, warna orange ini bikin kulit aku jadi cerah tapi, warna fusia ini lebih bikin cerah ke kulit aku dong aksesoris warna silver juga lebih cocok di aku dibanding warna gold wah, MG, ternyata warna-wara orange itu malah bikin kurang cocok di aku setelah itu, aku juga dicek warna outfit dan make up yang sesuai dan jeng-jeng, aku seorang netra atau cool dengan color seasonnya sama ah, senang banget kalau udah tau under tone sendiri, coba ada ya kalian PCA juga siapa tau under tone kita sama?",3,"cocok pakai bajubaju pastel, aksesoris warna silver make kepi tebak, hasil apa? wah, persenalkan analisis diadakan warna bandung step awal, dicek apak aku, warm, netra, cool diarahin fokus eye, dark spot, rahang lihatliat, warna orange kulit cerah tapi, warna fusia cerah kulit aksesoris warna silver cocok dibanding warna gold wah, mg, warnawara orange cocok itu, dicek warna outfit make sesuai jengjeng, netra cool color seasonnya ah, senang banget tone sendiri, coba pca tone sama?"
kalian tau ga sih kalo kalian pemula banget dan cuma punya waktu 60 detik buat world war kalian udah bisa ngakuin 5x squad sampe pake dumbbell kecil kayak gini 2 3 4 5 lanjut 5x reverse lunges pake dumbbell gini juga 2 2 3 sorry 6 kali maksudnya lanjut turun ke lantai buat ngakuin 5x nipus up 2 3 4 5 lanjut 10 kali mountain climbers 4 5 6 jub 8 9 10 lanjut berdiri dan sampe pegang kursi gini ngakuin 5x dumbbell roast 2 2 3 4 5 lanjut yang kiri 2 2 3 4 5 dan selesai cukup dengan 1 menit kalian udah bisa ngelatih hampir semua otot di badan kalian walaupun ini bukan world war terbaik tapi di video ini aku mau nunjukin ke kalian kalian tuh sebenernya punya waktu buat world war karena cukup dalam 1 menit aja kalian udah bisa ngelatih berapa gerakan tadi banyak kan share video ini kalo mau nampakat yuk mulai world war karena 1 menit kalian udah bisa lu mulai world war top swanget world war dan stay hot,4,sih pemula banget detik world war ngakuin squad sampe pake dumbbell kayak gini reverse lunges pake dumbbell gini sorry kali maksudnya turun lantai ngakuin nipus kali mountain climbers jub berdiri sampe pegang kursi gini ngakuin dumbbell roast kiri selesai menit ngelatih otot badan world war terbaik video nunjukin tuh sebenernya world war menit aja ngelatih gerakan share video nampakat yuk world war menit world war top swanget world war stay hot
"Benzin RON 98 dari markpur beda, kalau kita coba tarik-tarikan drag kira-kira hasilnya beda nggak sih? Marky Chopting Mobilnya satu, drivernya satu dan sebelumnya udah kita kuras dulu Benzinnya untuk diisi pertama ksturbo dan kita ambil 5 kali data Nah udah gitu dari tekanan angin bannya, jumlah bahan bakarnya itu disamain Dan akan kita coba di kondisi yang sama juga Jadi langsung aja, tarik man! Dari set pertama dengan pertama ksturbo, kita dapet akselerasi 0-100 paling cepat di angka 5.4 detik dan lari 211 meter tercepat di 8.81 detik Nah dirata-rata dari total 5 tarikan, average 0-100 ada di 5.74 detik, sementara lari 200-1 meter dapet 8.97 detik Abis run pertama, kita kuras lagi untuk kemudian nanti diisi sama Shelby Power Nitro Plus Udah gitu, akan dipakai jalan-jalan dulu biar Benzinnya itu, sirkulasi di sistem Jadi abis ini kita pakai derang D2 kondisinya untungnya sama kayak kemarin, terus tekanan angin ban udah disamain juga Jadi langsung aja kita tes pakai Shelby Power Nitro Plus Tarik man! Well kondisinya udah kita usahin, semerik mungkin sampai waktu dan lokasi ngambil data nya Lihat hasil ngegeber pakai Shelby, best time dan average ternyata lebih cepat dari tes awal Susitnya emang tipis, tapi yang menarik kalau ditilik lagi Angkannya itu lebih konsisten dari tarikan awal sampai ke akhir Gimana? Sesuai ekspektasi nggak? Untuk lebih lengkapnya, nonton aja di channelnya MolaDino, oke? Kalau kalian sendiri pakai yang mana nih?",6,"benzin ron markpur beda, coba tariktarikan drag kirakira hasilnya beda sih? marky chopting mobilnya satu, drivernya kuras benzinnya diisi ksturbo ambil kali data gitu tekanan angin bannya, bahan bakarnya disamain coba kondisi langsung aja, tarik man! set ksturbo, dapet akselerasi cepat angka detik lari meter tercepat detik diratarata total tarikan, average detik, lari meter dapet detik habis run pertama, kuras diisi shelby power nitro plus gitu, dipakai jalanjalan benzinnya itu, sirkulasi sistem habis pakai derang kondisinya untungnya kayak kemarin, tekanan angin ban disamain langsung aja tes pakai shelby power nitro plus tarik man! well kondisinya usahin, semerik lokasi mengambil data nya lihat hasil ngegeber pakai shelby, best time average cepat tes susitnya emang tipis, menarik ditilik angkannya konsisten tarikan gimana? sesuai ekspektasi tidak? lengkapnya, nonton aja channelnya moladino, oke? pakai nih?"
kira-kira apakah tommy itu ada sebuah regret ya? tau gitu gua dulu ngajari menteri ngapain gua jadi menteri gitu beliau adalah ngusaha beliau adalah lulusan Harvard saya tuh selalu ngerasa harusnya orang-orang yang pinter orang-orang yang memiliki track record itu harus masuk ke pemerintahan supaya bisa berkontribusi gitu memperbaiki sistemnya tommy itu tidak ada regret tidak ada regret dari mulai awal lingkungannya tau jadi ini salah satu yang paling konservatif tidak mau ambil sesuatu yang berisiko yang tidak perlu semuanya adalah kalkulasi risiko maka terbangun reputasi sebagai orang yang berintegritas orang yang bersih orang yang menyampaikan apa adanya kalau dia tidak konservatif dia udah bangga kali salah satu paling ngeraksaksa hari ini di antara private equity fund ketika dia dilundang untuk menjadi menteri perdagangan speech writer untuk pak presiden lalu akhirnya beliau di BKPM menurut itu semua dikerjakan sebuah bagian republic service bukan karena punya partai karena kompetensi nggak ada tuh disambungkan sama perusahaannya jadi kalau ditanya buat in it for me dia nggak ada in it for me dia lepas tuh baju korporasinya dia menjadi birokrasi kemudian ketika ini terjadi semua yang muncul itu pernyataan justru jangan berhenti mencinta Indonesia itu kata dia jangan lelah mencinta Indonesia cintailah Indonesia tanpa sarat,0,kirakira tommy regret ya? gitu ngajari menteri ngapain menteri gitu beliau ngusaha beliau lulusan harvard tuh ngerasa orangorang pinter orangorang memiliki track record masuk pemerintahan berkontribusi gitu memperbaiki sistemnya tommy regret regret lingkungannya salah konservatif ambil berisiko kalkulasi risiko terbangun reputasi orang berintegritas orang bersih orang konservatif bangga kali salah ngeraksaksa private equity fund dilundang menteri perdagangan speech writer presiden beliau bkpm republic service partai kompetensi tuh disambungkan perusahaannya lepas tuh baju korporasinya birokrasi muncul pernyataan berhenti mencinta indonesia lelah mencinta indonesia cintailah indonesia sarat
"ini aku udah selesai make up aku, sekarang aku mau set all the make up ini gue kasar banget sama muka gue enggak ini tuh.. ini tuh sulap aku menemukan hairspray untuk muka iya, hairspray untuk muka aku pertama taro produk ini karena ngatal sama opi dan aku langsung kayak I need to try that aku bilang ini hairspray buat muka karena ini gak main-main ini bener-bener setting spray tertahan banting, aku gak bisa describe selain ini tuh hairspray untuk muka sampai tadi pas aku sempat, poni aku ikutan, stay gitu loh aku sampai kayak apakah impulsif aku sempat poni aku anyway ini adalah lorella infallables 3 second setting mist di bilang 3 second karena ini 3 detik kering aku belum sempat muka sebelah kanan aku walaupun dia bener-bener hairspray buat muka dan tan banting dia tetap glowy finishnya zoom in on the skin, you see how it's very luminous kaya natural glow tapi kalo dipegang ke ini bener-bener kering itu gak bahasa gitu loh, dan juga ini mistnya perfect banget jadi kalo misalnya berapa masalah dengan muka yang gak mau stay di muka kalian poni stay muka stay this is the way jangan rinaku, jangan aku coba ini sekarang udah lunch di Indonesia jadi gak perlu justif-justif ribet-ribet lagi akhirnya udah available di sini swipe swipe di kuris aku yang kayak luminous ini",6,"selesai make aku, set make kasar banget muka tuh.. tuh sulap menemukan hairspray muka iya, hairspray muka taro produk ngatal opi langsung kayak need try bilang hairspray muka mainmain benerbener setting spray tertahan banting, describe tuh hairspray muka pas sempat, poni ikutan, stay gitu loh kayak impulsif poni anyway lorella infallables second setting mist bilang second detik kering muka sebelah kanan benerbener hairspray muka tan banting glowy finishnya zoom skin, see luminous kaya natural glow dipegang benerbener kering bahasa gitu loh, mistnya perfect banget muka stay muka poni stay muka stay way rinaku, coba lunch indonesia justifjustif ribetribet available swipe swipe kuris kayak luminous"
sempet tau ga sih ada yang viral di billboard loh sunscreennya warda tapi talentnya ga ada denger denger nih sekarang udah ketemu coba yuk kita cek cek dulu updatenya yuk halo halo permisi tanya ini bener warda skin first clinic? bener ini yang launching buat warda sunscreen? warda sunscreen? bener ini? iya bener ii keren banget ada yang kenal ga temen-temen ini gemel aduh malin aku yukikato siapa sih kalo ngetanin? aku face warda sunscreen itu aku itu tuh tuh sunscreen warda talent udah kedenger nanti toh selanjutnya warda sunscreen warda itu memang always ya always mahar dirkan brick true nah salah satunya mengenalkan teknologi terbaru dari sunscreennya warda ultra tinfield yang bisa deliver dua kali lebih ringan lebih tipis dan ga sumuk dan itu cepet banget menyerap hanya dalam waktu 6 detik aduh aku ga mau pakai sunscreen karena berat atau bikin make up aku ga maksimal nge-crack terus white cast dari inset-inset tersebut makanya kita menghasilkan teknologi ultra tinfield teknologi tadi yang menarik dari yang sekarang ini selain teknologi yang ultra tinfield iya dia punya namanya luminescent dia ini zat aktif yang sebenernya kalau kita bilang itu menyulap energi negatif jadi energi positif jadi luminescent ini punya fungsi satu dia menurunkan stress oxidatif yang kedua dia bisa mencerahkan kulit dan yang ketiga dia memberikan efek glowing iya habis ketiganya tuh seperti itu nah terus ada momen dimana aku pakai make up salah satu concern sunscreen itu adalah nanti kayak aduh kalo gue pakai make up tapi pakai sunscreen nanti lodoh nah mukanya lodoh melunturi ya ya kan tapi surprisingly di aku ga itu ga ada cracking terus habis itu di sini smile lines juga ga ada jadi surprisingly it's very ngeket gitu,6,sempet sih viral billboard loh sunscreennya warda talentnya mendengar mendengar nih ketemu coba yuk cek cek updatenya yuk halo halo permisi bener warda skin first clinic? bener launching warda sunscreen? warda sunscreen? bener ini? iya bener keren banget kenal temanteman gemel aduh malin yukikato sih ngetanin? face warda sunscreen tuh tuh sunscreen warda talent kedenger warda sunscreen warda always always mahar dirkan brick true salah satunya mengenalkan teknologi terbaru sunscreennya warda ultra tinfield deliver kali ringan tipis sumuk cepet banget menyerap detik aduh pakai sunscreen berat make maksimal ngecrack white cast insetinset menghasilkan teknologi ultra tinfield teknologi menarik teknologi ultra tinfield iya namanya luminescent zat aktif sebenernya bilang menyulap energi negatif energi positif luminescent fungsi menurunkan stress oxidatif mencerahkan kulit ketiga efek glowing iya habis ketiganya tuh momen dimana pakai make salah concern sunscreen kayak aduh pakai make pakai sunscreen lodoh mukanya lodoh melunturi surprisingly cracking habis smile lines surprisingly ngeket gitu
"Sakit dan gata nya terasa mulai dari area punggung, pinggang, sampai perut di sisi samping sebelah kiri yang sering kali terasa panas dan bahkan nyiri yang tak tertelahankan seperti tertusuk maku Gatalnya itu ada rasa sakit, ada rasa gatal, ini sampai dua bulan, rasanya itu sampai kesarap kita Ini adalah rasa sakit terburuk yang pernah saya rasakan Saya berharap ini tidak terjadi pada siapapun Sebaiknya kita mencegah sebelum terlamat dan jangan biarkan cacar api itu mengganggu moment berharga Anda bersama keluarga Saya masih tidak menyangka bisa terkena cacar api karena saya selalu menjaga kesiatan saya setiap harinya Jangan menyepelehkan cacar api, diskusi cara penjagaannya dengan doktor Anda",6,"sakit gata nya area punggung, pinggang, perut sisi samping sebelah kiri kali panas nyiri tertelahankan tertusuk maku gatalnya sakit, gatal, bulan, kesarap sakit terburuk rasakan berharap mencegah terlamat biarkan cacar api mengganggu moment berharga keluarga menyangka terkena cacar api menjaga kesiatan harinya menyepelehkan cacar api, diskusi penjagaannya doktor"
"Belanda kan tuh sendiri kan, total football kan, melawan Australia kita keteteran. Kita terlalu menyerah, terlalu berani. Akhirnya, nah yang menarik bang, karena pemanggilan Lili Pali. Lili Pali, sebesar apa pengaruhnya kira-kira? Saya rasa Lili Pali yang harus utakan kan bermain sabar sih. Kita tuh sangat tidak sabar ketika lawan Cina pertama. Berarti dengan kata lain, MESS harus duduk dulu di bangkutan kan? Masalahnya ya, kita butuh poin ini soalnya. Tapi satu sisi kita juga butuh pertahanan yang kuat. Kalau saya ya, justru ini bagus juga buat Beckham di Jepang. Tapi kita harus menang besok. Tapi kalau harus dipilih, siapa yang dipilih untuk jadi cadangannya Verdon? Verdon. Saya pertama arahan. Arahan. Dibandingkan sayain pati nama.",0,"belanda tuh kan, total football kan, melawan australia keteteran. menyerah, berani. akhirnya, menarik bang, pemanggilan lili pali. lili pali, pengaruhnya kirakira? lili pali utakan bermain sabar sih. tuh sabar lawan cina pertama. lain, mess duduk bangkutan kan? ya, butuh poin soalnya. sisi butuh pertahanan kuat. ya, bagus beckham jepang. menang besok. dipilih, dipilih cadangannya verdon? verdon. arahan. arahan. dibandingkan sayain pati nama."
"gua menemukan sesuatu yang luar biasa banget, gua ga sengaja menemukan ini ya buat cewe-cewe yang selama ini masih bingung kalo pake baju putih tuh dalemnya apa gua selama ini selalu pake warna nude, warna kulit lo, atau warna abu-abu juga ternyata bagus banget tapi yang tidak gua sangka adalah ini coba lu tebak gua pake daleman warna apa you would never guess this, i'm like merah babe merah semerah merahnya tapi lu harus pilih merah yang agak gelap ya yang lebih gelap dari warna kulit lo, and you can't see shit this is insane gua siok banget pas pertama kali menemukan ini lah kok ilang kok ga keliatan sama sekali, this is genius dan gua google ternyata memang memang seperti itu ilmunya gitu, gua ga ngerti gimana ya tapi memang pake bra atau daleman warna merah gelap untuk baju putih adalah kunci semoga berguna buat semua cewe-cewe di luar sana, amen",6,"menemukan banget, sengaja menemukan cewecewe bingung pake baju putih tuh dalemnya pake warna nude, warna kulit kamu, warna abuabu bagus banget sangka coba tebak pake daleman warna would never guess this, like merah babe merah semerah merahnya pilih merah gelap gelap warna kulit kamu, cant see shit insane siok banget pas kali menemukan ilang keliatan sekali, genius google ilmunya gitu, mengerti gimana pake bra daleman warna merah gelap baju putih kunci semoga berguna cewecewe sana, amen"
"Kalau gue ngeliatnya dengan 11 pemain ini bisa jadi yang menciptakan formula ini bercita-cita ingin membuat liga Indonesia menjadi liga Inggris. Hahahaha. Terlalu sempurna. Iya sempurna aja kita gak tau kan. Wah kayak bagus nih blueprintnya liga Inggrisnya udah pemenasin semua. Supaya sharingnya apa ratingnya tinggi sponsor banyak. Tapi kita gak punya pemain ini dong nanti gak punya pemain lokal yang punya jangka. Engga Inggris persaingan terbuka itu. Oh dua satu Inggris di warna tuh. Kalau lo mampu, kamu bisa bersahit.",6,"ngeliatnya pemain menciptakan formula bercitacita liga indonesia liga inggris. hahahaha. sempurna. iya sempurna aja kan. kayak bagus nih blueprintnya liga inggrisnya pemenasin semua. sharingnya ratingnya sponsor banyak. pemain pemain lokal jangka. engga inggris persaingan terbuka itu. inggris warna tuh. mampu, bersahit."
"Lu DM cewek, ige lu ga ada portonya, lu ga bakal di-respond main. Beliau ini sosok di balik ke suksesan gemonya Prabowo Gibrana. Gak juga sih, banyak yang lain. Tips bagi seorang yang mau membangun personal branding nih. Best practice yang apa dulu yang harus mereka lakukan? Masyarakat harus tahu bahwa ketika barang kita di export ke Amerika, dapet taris 19%, itu yang bayar bukan rakyat kita buka. Betul, betul. Yang bayar itu di sana. Sano, ya. Sementara itu kalau Amerika ke Indonesia, itu less than 1%. Dari profilannya mereka. Tapi itu less than 1 ya. Kalau buat Indonesia mereka, kalau kehilangan Indonesia ya udah ga apa-apa. Masalah kita. Jadi orang di sana pikir loh, ini kontramp kayak begini. Bahaya kalau warnanya yang dikenali. Pen dia kita, crypto wave, itu langsung puji, Pak Prabowo bilang. Ini, di only president yang memperhatikan industri ini. Dengan adanya PP kemaren, mereka semua itu happy loh di industri crypto ini. Pasti download aplikasinya. Masukin dulu aja 10 juta kesimpulannya. Itu paling gampang. Kalau udah cuan, baru ketajian nanti. Kalau udah cuan, baru ketajian. Iya ga? Sekarang ada prediksi harga ga dari seorang? Kalau gitu kita ga pernah di saya menanya sama...",7,"cewek, ige portonya, direspond main. beliau sosok suksesan gemonya prabowo gibrana. sih, lain. tips membangun personal branding nih. best practice lakukan? masyarakat barang export amerika, dapet taris bayar rakyat buka. betul, betul. bayar sana. sano, ya. amerika indonesia, less profilannya mereka. less ya. indonesia mereka, kehilangan indonesia apaapa. kita. orang pikir loh, kontramp kayak begini. bahaya warnanya dikenali. pen kita, crypto wave, langsung puji, prabowo bilang. ini, president memperhatikan industri ini. kemaren, happy loh industri crypto ini. download aplikasinya. masukin aja juta kesimpulannya. gampang. cuan, ketajian nanti. cuan, ketajian. iya tidak? prediksi harga seorang? gitu sama.."
"ini gue mau tunjukin seribet apa makanan gue sehari-hari ini gue bisnari supermarket, kita lagi di kwaygestown newsyland kita bakalan snowboard 4 hari gue sama anak gue jadi apa yang gue beli untuk persediaan makanan kita telor oranges lua susu 100% avocado oil buat masak nasi untuk harpsnya terus kita beli aneels buat masak terus dagingnya gue beli beef and chicken chicken gue beli kijak terus karena kita di motel itu disediain garung jadi gue ngomplik garung terus kita beli cheese yang 100% cheese oke terus gue beli sauce cube sedikit naos-saosan gue masih toleransi kenapa? karena gue pake sedikit oke gak mungkin kita habis satu botol ini sekalipun makan kan paling sedikit dong cuma untuk rasa terus sekali doset kita beli di sauce cube jadi dengan makan model begini gue sekarang beromur 40 tahun ya tapi gue belum pernah rasain yang namanya itu sakit mah good pencerahan gue bermasalah, BAB gue bermasalah gue wasiran, gue gak wasiran everything is good kenapa? karena gue makan itu 99% adalah makanan real food sub indo by broth3rmax",6,"tunjukin seribet makanan seharihari bisnari supermarket, kwaygestown newsyland snowboard anak beli persediaan makanan telor oranges lua susu avocado oil masak nasi harpsnya beli aneels masak dagingnya beli beef chicken chicken beli kijak motel disediain garung ngomplik garung beli cheese cheese oke beli sauce cube naossaosan toleransi kenapa? pake oke habis botol makan doset beli sauce cube makan model beromur rasain namanya sakit mah good pencerahan bermasalah, bab bermasalah wasiran, wasiran everything good kenapa? makan makanan real food sub indo brothrmax"
sedikit tip sih buat kalian yang pengen dapetin 10 dibulangkan atau lebih tapi magre keluar kamar kalian bisa coba ini nih jalan di tempat ya literally treat me no budget ya hahah kalau kalian pengen ga bosan bisa sambil nonton youtube yang hape taruh di tripod kayak gini nih yo kalian coba ya pelagi di luar hujan nih jadi aku ngelakuin ini bener-bener buat dapetin 10 dibulangkan hari ini yo siapa yang tertarik nyobain ini juga nih coba komen di bawah ya share video ini ke temen-temen atau saudara kalian daripada nyobain ini juga stay hard,6,tip sih dapetin dibulangkan magre kamar coba nih jalan literally treat budget hahah bosan nonton youtube hape taruh tripod kayak gini nih coba pelagi hujan nih ngelakuin benerbener dapetin dibulangkan tertarik nyobain nih coba komen share video temanteman saudara nyobain stay hard
"Dan satu pujian yang lebih aku tunggu-tunggu dibanding di puji wangi Yaitu di puji rambut badai Rambut aku tuh sudah mengalami fase kerusakan Selama ampian 3 tahun Akhirnya, era yang terkenal di belakangan ini Baru aku bisa mendapatkan pujian rambut badai lagi Setelah aku menemukan shampoo yang tepat Ini aku nggak dramatisnya, tapi beneran kalau aku lagi mager Aku nggak tau kondisional pun, rambut aku bisa sefluffy Dan shiny ini Shop banget, aku udah yakin banget kalau ini tasya parah sya approve Oh, sweet! Dengan geberakan barunya Dulu tuh yang viral banget ada nginjar itu tuh buat kerontokan Yang aku pakai ada sefluffy volumizing shampoo Yang wanginya itu wind bluebell Wanginya juga enak banget, awet banget, beber summer bug wanginya Kusinya itu untuk fullness, smoothness, hair texture As support for hair growth Itu beneran banget Tapi ya kalau untuk support hair growth, pastinya butuh waktu ya Mungkin dibadai dan sehari tumbuh supaya yang ini gitu nggak Setelah routine makanya ini, aku merasa kayak baru kemarin Rambut aku kayak prosesor Snape, tiba-tiba kalau udah lebih cepat gitu loh panjang ya Yang paling terlihat itu adalah ke shiniannya Dan kefluffyannya yang sangat indah ini Kalau kalian nggak mencari yang untuk hair growth Dia ada dua varian yang lainnya dengan wangi yang berbeda juga Ijo ini wangi osmantus, ini untuk dendra Jadi buat kalian yang ketombang, kalau bisa pakai yang Ijo ini Terus yang satu lagi ini, untuk smoothness, hair texture Dan diperkaya dengan antioksidan dan ini wanginya wangi sakura Tapi aku nggak akan bahas dua ini karena aku tidak menggunakan yang dua ini Yang aku akan bahas adalah yang biru, gong banget wangi wangi bluebell tuh Dan sebenernya kayak mirip sama kalau di summer osmantus yang ginger itu Tapi ini siangkuk, wah gong banget ya, dia yang sangat keren Tantada kepusutan, plafi, indah dan yang paling penting adalah Finally rambut aku bisa di uji rambut badai lagi Tasha healthy hair era is back to highly recommended Harganya itu 170 ribuan, memang agak mahal sih Tapi ini 300 milih dan kalau buat orang-orang kayak aku yang kerap masti Semua kali aja ini awet, kaya kita habis gitu Perfect, ya informasi dari saya Dan semoga ini bisa membantu kalian yang bisa di damage Dan sudah desperate, kalian bisa banget coba ini Rambut seancur aku aja bisa lihat ini Kalau lagi rambut orang yang nggak seancur aku Apalagi rambut orang yang sehat Tapi lepek mau keliatan plafi dan keliatan shai ini Cobain temen-temen, oh sweet, oke?",6,"pujian tunggutunggu dibanding puji wangi puji rambut badai rambut tuh mengalami fase kerusakan ampian akhirnya, era terkenal pujian rambut badai menemukan shampoo dramatisnya, beneran mager kondisional pun, rambut sefluffy shiny shop banget, banget tasya parah sya approve oh, sweet! geberakan barunya tuh viral banget nginjar tuh kerontokan pakai sefluffy volumizing shampoo wanginya wind bluebell wanginya enak banget, awet banget, beber summer bug wanginya kusinya fullness, smoothness, hair texture support hair growth beneran banget support hair growth, pastinya butuh dibadai sehari tumbuh gitu routine ini, kayak kemarin rambut kayak prosesor snape, tibatiba cepat gitu loh shiniannya kefluffyannya indah mencari hair growth varian wangi berbeda ijo wangi osmantus, dendra ketombang, pakai ijo ini, smoothness, hair texture diperkaya antioksidan wanginya wangi sakura bahas bahas biru, gong banget wangi wangi bluebell tuh sebenernya kayak summer osmantus ginger siangkuk, gong banget ya, keren tantada kepusutan, plafi, indah finally rambut uji rambut badai tasha healthy hair era back highly recommended harganya ribuan, mahal sih milih orangorang kayak kerap masti kali aja awet, kaya habis gitu perfect, informasi semoga membantu damage desperate, banget coba rambut seancur aja lihat rambut orang seancur rambut orang sehat lepek keliatan plafi keliatan shai cobain temanteman, sweet, oke?"
ini bagaimana caranya punya motivasi buat workout sudah kalian tuh gak butuh motivasi kalian soalnya butuh ganti baju olahraga gini abis itu kalian pemanasan lihat 3-5 menit lah abis itu udah lakuin apapun lah misalkan push up atau squat atau kalian modal handphone terus cari di youtube simple workout in 5 minutes udah trontek aja tuh videonya di youtube yang penting kalian mulai bergerak dan mulai olahraga bang apa bisa rantin badannya berubah kalau misalnya ngelakuin hal-hal baik gitu ya belum tapi itu tuh bagus banget buat ngebentuk habit kalian yang dari 0 jadi 1 nanti kalau kalian 2-1 mulai tuh naik ke 2-3-4 dengan mau upgrade workoutnya dan apokian sebelum mikir terlalu jauh buat upgrade workoutnya udah mulai dulu aja oke share videonya kalau belum ngefaat tetap semangat dan stay hard wuhu,7,motivasi workout tuh butuh motivasi butuh ganti baju olahraga gini habis pemanasan lihat menit habis lakuin apapun push squat modal handphone cari youtube simple workout minutes trontek aja tuh videonya youtube bergerak olahraga bang rantin badannya berubah ngelakuin halhal gitu tuh bagus banget ngebentuk habit tuh upgrade workoutnya apokian mikir upgrade workoutnya aja oke share videonya ngefaat semangat stay hard wuhu
"Lamborghini bilang ini adalah salah satu mobil masterpiece mereka kenapa bisa begitu? ya kita lihat nama mobil ini adalah Lamborghini Huracan Tektika dan filosofinya adalah memadukan antara kemudahan dan kenyamanan penggunaan harian dari Huracan Evo tapi dengan penggerak yang diambil langsung dari Huracan STO makanya masinnya sama dengan STO 5200 cc, face-pull naturally aspirated engine tenangkan 640 PS, torsi 565 Nm 0-103.2 detik, 0-209.1 detik top speed 335 km per jam bahkan lebih cepat dari STO dia bisa lebih kencang dari STO karena sistem aerodinamikannya tidak se ekstrim mobil yang track focus itu tapi dibandingkan Huracan Evo mobil ini memiliki downforce 35% lebih besar tapi dengan hambatan total 20% lebih minim bahkan bobotnya lebih enteng 20 kg dibandingkan Huracan Evo kurang afdel rasanya kalau ada Lamborghini dan kita tidak dengar suaranya kita dengarin seperti di suara info lebih lanjut tentang mobil ini bisa langsung ke Instagramnya iFanSmotor kalau masih penasaran, tonton videonya di Youtube",6,"lamborghini bilang salah mobil masterpiece begitu? lihat nama mobil lamborghini huracan tektika filosofinya memadukan kemudahan kenyamanan penggunaan harian huracan evo penggerak diambil langsung huracan sto masinnya sto cc, facepull naturally aspirated engine tenangkan ps, torsi detik, detik top speed jam cepat sto kencang sto sistem aerodinamikannya ekstrim mobil track focus dibandingkan huracan evo mobil memiliki downforce hambatan total minim bobotnya enteng dibandingkan huracan evo afdel lamborghini dengar suaranya dengarin suara info mobil langsung instagramnya ifansmotor penasaran, tonton videonya youtube"
"Tablet 2 juta sekarang udah bisa gini. Namanya Redmi Pad 2 ya, Tablet entry level Xiaomi, tapi punya layar 11 inci, resolusinya 2560x1600 pixel, alias 2.5K. Wow, mau baca tulisan kecil di dokumen pun masih jelas, pikselnya padet. Nonton video 1.440p di YouTube, nonton film di Netflix high-res sedap. Apalagi speakernya juga nampol ya, pake sistem quad speaker dengan Dolby Atmos. Staging, bass, detail, sedap, kayak bukan tablet kelas entry level ini. Mau dijadiin teman kerja, extend monitor di desktop, laptop, bisa juga. System Windows, Mac, nyambung semua. Berasa ada extra monitor tambahan loh. Di Windows, Redmi Pad 2 malah bisa dipake buat input ya. Jadi kita bisa gambar di tabletnya pake stylus, terus save filenya di computer, mantep. Baterainya gede di 9000 mAh, nge-chass bisa up to 18W, dan buat mesin Redmi Pad 2 ini pake Helio G100 Ultra. Plus storage 128GB UFS 2.2. Kalau main game ente yang masih bisa, aman, lancar. Kalau main game berat, baru kurang cocok, karena RAMnya cuma 4GB ya, kayak tablet 2 juta lain. Redmi Pad 2 ini paling cocok buat orang yang cari tablet, demi dapetin layar bagus. Ukurannya lega tanpa kompromi di resolusi. Biar pengalaman nonton, baca, main, kerja, belajar, jadi lebih mantap tanpa bikin kantong enggap.",6,"tablet juta gini. namanya redmi pad ya, tablet entry level xiaomi, layar inci, resolusinya pixel, alias .k. wow, baca tulisan dokumen jelas, pikselnya padet. nonton video youtube, nonton film netflix highres sedap. speakernya nampol ya, pake sistem quad speaker dolby atmos. staging, bass, detail, sedap, kayak tablet kelas entry level ini. dijadiin teman kerja, extend layar desktop, komputer jinjing, juga. system windows, mac, nyambung semua. berasa extra layar tambahan loh. windows, redmi pad dipake input ya. gambar tabletnya pake stylus, save filenya computer, mantep. baterainya gede mah, ngechass mesin redmi pad pake helio ultra. plus storage ufs main permainan ente bisa, aman, lancar. main permainan berat, cocok, ramnya ya, kayak tablet juta lain. redmi pad cocok orang cari tablet, dapetin layar bagus. ukurannya lega kompromi resolusi. pengalaman nonton, baca, main, kerja, belajar, mantap kantong enggap."
"kalau kemarin gue bikin AI buat anak gue yang namanya Zyan anak pertama gue sekarang buat anak yang kedua namanya Zyan AI nah ini Zyan AI ini lebih ke analisa data jadi misalkan disini gue punya banyak data, tarol ada 100 data produk gue bisa minta ke Zyan ini mana produk yang terlaris misalnya atau yang punya biskond paling gede nanti kita cobain dan ya ini hasil ngulit kurang lebih 3 hari ya lumayan masih dalam talpengembangan jadi kita coba sekali lagi, let's go ini promnya anjir, tergini gue menegangkan juga promnya ya, saya pengen beli produk 5 produk dengan biskond paling besar kita coba kita lihat, ini kan udah ada data diskonnya, data segalamnya aduh gila, gue gemetaran akhirnya bisa kelar juga ini nah berikut adalah daftar produk dengan diskon terbesar tuh kalian bisa lihat ya, datanya seperti itu dan ini semua berasal dari mana AI nya, berasal dari sini dari home server yang gue punya tutorialnya ada di youtube ya guys ya ini pakai RTX 3060 sama VGA multi GPU ya yang setulah gitu, ini maka kecil ya GT730 gue gabungin biar bisa dapet respon yang lebih cepet lagi masih on progress semuanya, masih ngulik-ngulik sampai gue susah nonton, ya kacau-kacau tapi semoga ini jadi awal yang menarik untuk bermain AI untuk anak-anak gue nanti ke depannya",6,"kemarin anak namanya zyan anak anak namanya zyan zyan analisa data data, tarol data produk zyan produk terlaris biskond gede cobain hasil ngulit lumayan talpengembangan coba lagi, lets promnya anjir, tergini menegangkan promnya ya, beli produk produk biskond coba lihat, data diskonnya, data segalamnya aduh sangat, gemetaran kelar daftar produk diskon terbesar tuh lihat ya, datanya berasal nya, berasal home server tutorialnya youtube guys pakai rtx vga multi gpu setulah gitu, gabungin dapet respon cepet progress semuanya, ngulikngulik susah nonton, kacaukacau semoga menarik bermain anakanak depannya"
"Assofirullahalazim kalian tau ga? Masa temen gue bilang kayak gini Eh, nanti kalo kita buka puasa Kita bukannya pas siang anjir ya Pas magip, takut, fomo Assofirullahalazim kata gue Allahu akibat, kabiru Eh, manusia Itu adalah perintah dari Allah Subh'ana wata'ala Masa itu nih kalo misalkan lo buka puasa siang siang Itu namanya lo terat sarapan Bukan lo berbuka puasa Tapi ya emang begitu, tantangan ada bulan puasa Kalo gaaus ya kita lapar Makanya emang kebutuhan cairan kita tuh bener-bener diperhatikan Maksudnya maka kebutuhan cairan pas puasa itu sama aja Kekbutuhan cairan pas kita ga puasa Makanya pintu-pintu kebagi kita Kalo misalkan kita puasa Ngatur kapan cairan ini masuk Kalo misalkan lo sampai kebutuhan cairan Kayak misalkan dehidrasi Lo kan jadi apa? Jadi lemas, jadi kurang konsentrasi Atau sampai diajak ngomong jadi ngangok Oke, perkantanyaan ya Sebenernya berapa banyak sih kebutuhan cairan yang kita butuhkan setiap harinya Sederhananya 30-50 sec dikalikan dengan berat badan Jadi kalo misalkan orang dewasa itu Itulah kan sekitar 2-3 liter lah setiap harinya Nah, kalo kita lagi puasa 12 caung, 14 pekuka, dan 2 kelas sebelum tidur Nah, teman-teman Biasanya minum air putih Terutama dari seberapa air yang terpilih Kayak dari akua Air yang berasal dari kebutuhan terpilih Biasanya mengandung minyak alami Yang sudah diperkosestek alami oleh batuan Dan diperkosest sederhana Sehingga tetap menggini dan aman untuk dikontomsi Jadi, bantu kembalikan kebutuhan cairanmu Dengan akua dulu",7,"assofirullahalazim tidak? teman bilang kayak gini eh, buka puasa pas siang anjir pas magip, takut, fomo assofirullahalazim allahu akibat, kabiru eh, manusia perintah allah subhana wataala nih buka puasa siang siang namanya terat sarapan berbuka puasa emang begitu, tantangan puasa gaaus lapar emang kebutuhan cairan tuh benerbener diperhatikan maksudnya kebutuhan cairan pas puasa aja kekbutuhan cairan pas puasa pintupintu kebagi puasa ngatur cairan masuk kebutuhan cairan kayak dehidrasi apa? lemas, konsentrasi diajak ngomong ngangok oke, perkantanyaan sebenernya sih kebutuhan cairan butuhkan harinya sederhananya sec dikalikan berat badan orang dewasa liter harinya nah, puasa caung, pekuka, kelas tidur nah, temanteman minum air putih air terpilih kayak akua air berasal kebutuhan terpilih mengandung minyak alami diperkosestek alami batuan diperkosest sederhana menggini aman dikontomsi jadi, bantu kembalikan kebutuhan cairanmu akua"
"abis main badminton tangan sering sakit, enak iya gerakan berulang seperti smash bisa menyebabkan cedera otot atau bisa juga dikarnakan dong ketika jaringan otot berusaha beradaptasi setelah olahraga berat untuk mengatasi nyari otot setelah olahraga biasanya gue lakuin pendinginan atau mengompreng s batu di area yang sakit dan gue juga biasanya minum protein ring dari Pro-HG yang mengandung 8 gram protein dengan rasa yang clear dan gak bikin enak jadi bisa bantu gue rika-free lagi setelah berolahraga gimana udah siap cobain dilapangan? jangan lupa follow ya",4,"habis main badminton tangan sakit, enak iya gerakan berulang smash menyebabkan cedera otot dikarnakan jaringan otot berusaha beradaptasi olahraga berat mengatasi nyari otot olahraga lakuin pendinginan mengompreng batu area sakit minum protein ring prohg mengandung gram protein clear enak bantu rikafree berolahraga gimana cobain dilapangan? lupa follow"
wright ㅋㅋㅋㅋㅋ 매치 Because we need to look for newbibis We don't need a simple but we want to look people We don't have to look for newbibis 맞게 helikoper warned 없 Ec accommodate왕거 можно nла고 Replen,7,wright need look newbibis dont need simple want look people dont look newbibis helikoper warned accommodate replen
"Oh my god kan, hal sebat ini Day 1, Day 5, Aftr 1 bulan Kalo ga sih itu aku dikirimin sama siapa? Aku dikirimin sama timnya bertadiin Hydra Gel Karena timnya ada yang kena bekas ukal bakar Dan penyebuhan yang gila keren banget Kalo kalian ini takut udah kera review Sebenernya ya di tim aku selama 2 bulan pemakaian untuk bekas jerawatnya Hasilnya juga keren banget untuk bekas jerawat yang bukan buat jerawat aktif Ya bukan buat jerawat aktif Karena disini tuh ada Alantoin, Big, Fountainau, dan juga Glittering Yang semuanya tuh bagus untuk memperbaiki skin barrier Makanya jadinya tuh luka bakar dan juga bekas jerawat bisa hilang Terus kalo kalian penasaran teksturnya, teksturnya tuh bening ya Bukan warna kuning seperti betal diin biasanya ya Dan tinggal kalian per-tapin aja Ini dipakai under makeup juga ga apa-apa Tidak ada di aplikasikan seperti ini di wakar jerawat kayak gini Tapi ini hasilnya tuh ga instant Ya aku suka ya, jadi ga instant tapi memuaskan Emang betalinya Hydra Gel ini keren banget Kalian harus cobain buat kalian punya bekas jerawat dan juga bekas luka bakar ya",6,"god kan, sebat day day aftr sih dikirimin siapa? dikirimin timnya bertadiin hydra gel timnya kena bekas ukal bakar penyebuhan keren banget takut kera review sebenernya tim pemakaian bekas jerawatnya hasilnya keren banget bekas jerawat jerawat aktif jerawat aktif tuh alantoin, big, fountainau, glittering tuh bagus memperbaiki skin barrier tuh luka bakar bekas jerawat hilang penasaran teksturnya, teksturnya tuh bening warna kuning betal diin tinggal pertapin aja dipakai makeup apaapa aplikasikan wakar jerawat kayak gini hasilnya tuh instant suka ya, instant memuaskan emang betalinya hydra gel keren banget cobain bekas jerawat bekas luka bakar"
"Pak, ada motor buat orang ganteng, Pak. Apa tuh? Skomadi. Oh, eee, eee, eee. Nih lihat. Ini yang sama nih kayak punya gue nih. Oh, jadi pernah liat nih gue. Ganteng banget kan? Ganteng banget nih. Skomadi yang adventure series. Oh, ya ganteng nih. Jadi dia skutik. Ya kan? Retro. Ya. Tapi bisa buat kota. Terus, ini ada yang versi Frank Sanderson. Frank Sanderson? Jadi yang buat kan namanya Frank Sanderson. Betul? Nah dia bikin yang edisi khusus dia. Oh, ini? Ini motor. Teren warnanya, Pak. Ganteng, kan? Ganteng banget, Pak. Nih, terus. Mana, Pak? Ada yang dewu limited edition. Iya nih, bagus sih, Pak. Iya. Ganteng. Yang masuk sini ada 100. Sekarang tinggal. Dia nggak nyampe 10 katanya. Wah, kuruburuburubu beli, Pak. Jadi beruntung nih yang beli ini. Haaa. Terus ada yang baru. Jadi ini skomadi turismo piccolo. Uh, color your way. Baru launching hari ini. Baru launching hari ini. Dimana dia punya 9 pilihan warna. Ini warnanya? Dan warnanya terinspirasi dari supercar. Wow. Wau, man. Wau, mana begini supercar, Pak. Mulai dari lock-ness, dini metallic. Oh, ini? Majestic, pilot, metallic. Dan kawan-kawan, ya. Coba duduk, Pak. Kayaknya... Duduk dong. Eh, mau dibeli ini gua nih. Kayaknya cakep nih. Haaa. Ah, soal cok ini buat gua, Pak. Ganteng, kan? Ganteng banget, Pak. Terus, tipe yang color your way ini, langsung dapat fly screen. Oh, nggak perlu nambah nih. Sama kalau kita lihat yang belakang. Nah, ini rakh belakangnya. Dia krum juga. Berarti itu, Pak, dapat, Pak? Langsung dapat kalau beli antipok color your way. Ui, cakap, Pak. Mau dibeli ini, Pak? Jadi, Pak. Kan gua bilang, ini motor yang cocok buat orang ganteng. Oh, ya saya nggak ganteng, sih. Banyak gua punya. Oh, iya, Pak. Wau. Nah, sama kalau teman-teman di Gias, beli Skomadi bisa dapat 2 tahun free service. Jadi 2 tahun udah tinggal isi bensin doang. Ui, enak banget ya. Free service yang super part lagi. Ui, mantap, mantap. Jadi buat teman-teman, bisa langsung ke Gias, langsung ke Hall 11C5. Di sini, kalian bisa lihat motor-motor Skomadi, dan kalau beruntung, kalian bisa lihat pala ada di sini. Loh, kok jadi saya? Nggak dibeliin karena saya nggak ganteng nih kejinya. Ah, udah.",7,"pak, motor orang ganteng, pak. tuh? scomadi. oh, ee, ee, ee. nih lihat. nih kayak nih. oh, liat nih saya. ganteng banget kan? ganteng banget nih. scomadi adventure series. oh, ganteng nih. skutik. kan? retro. ya. kota. terus, versi frank sanderson. frank sanderson? namanya frank sanderson. betul? edisi khusus dia. oh, ini? motor. teren warnanya, pak. ganteng, kan? ganteng banget, pak. nih, terus. mana, pak? dewu limited edition. iya nih, bagus sih, pak. iya. ganteng. masuk tinggal. nyampe katanya. wah, kuruburuburubu beli, pak. beruntung nih beli ini. haa. baru. scomadi turismo piccolo. uh, color way. launching ini. launching ini. dimana pilihan warna. warnanya? warnanya terinspirasi supercar. wow. wau, man. wau, supercar, pak. lockness, metallic. oh, ini? majestic, pilot, metallic. kawankawan, ya. coba duduk, pak. kayaknya.. duduk dong. eh, dibeli nih. kayaknya cakep nih. haa. ah, cok saya, pak. ganteng, kan? ganteng banget, pak. terus, tipe color way ini, langsung fly screen. oh, nambah nih. lihat belakang. nah, rakh belakangnya. krum juga. itu, pak, dapat, pak? langsung beli antipok color way. ui, cakap, pak. dibeli ini, pak? jadi, pak. bilang, motor cocok orang ganteng. oh, ganteng, sih. punya. oh, iya, pak. wau. nah, temanteman giias, beli scomadi free service. tinggal isi bensin doang. ui, enak banget ya. free service super part lagi. ui, mantap, mantap. temanteman, langsung giias, langsung hall sini, lihat motormotor scomadi, beruntung, lihat pala sini. loh, saya? dibeliin ganteng nih kejinya. ah, sudah."
"Hai, gue tuh lagi sering banget bolak-balik sosiola, gak tau kenapa kayak bawahnya pengen belanja sesuatu aja gitu Terus kemarin gue menemukan ini, ini kayak blush on terbaru Kayaknya sih baru ya dari Rose All Day, terus kayak Edisi Powerpuff Girls gitu loh, coba sih ya sih Gemaas, terus gue bertahu mereka punya blush on yang kayak gini, risik ga sih? Yang kayak jelly gini, gue tuh dari dulu udah pengen banget beli gini kan Terus akhirnya ada ini di sosiola dan ada testernya kemarin, terus gue coba Dan enak banget cuy, terus beneran dingin banget gitu dipakainya ternyata ya Gue cuma beli satu doang, warna sisters warnanya, jadi dia kayak agak... Gue coba tiga-tiganya, setahu gue sih cuma ada tiga warna yang satu pink banget, yang satu orange banget Dan ini menurut gue agak di tengah-tengah, I got this one Ini belum perang gue pake di muka dan teksturnya tuh beneran kayak jelly tapi yang agak padat gitu Terus dia lebih kayak ke tint gitu Tapi beneran ga ilang tau ga sih, gue mpeh bingung kemarin, gue coba di tangan gue Terus ga ilang, tuh, tuh susah banget ilangnya ini lama-lama kayaknya kalo jadi lip tint juga bisa dah Parah banget ga bisa ilang, jadi gue mau coba dikit aja, ini sebetulnya gue udah selesai make upan Terus kalian ngetes, apakah di atas make up dan bedak dia akan menggeser? Kita coba sekalian, so-dara-so-dara ya kan, kayaknya harusnya diginiin aja ga sih? Terus, aku kakak lebih baik aku pake brush Menurut gue lo harus ngeblend ini, aduh cakabat Ngeblend ini lumayan cepat karena seperti yang terjadi pada jari gue tadi Kalo dia udah ngeset, I don't think it's going anywhere Ya ini sih nyatu, bener-bener nyatu banget sama kulit lo sih, parah sih Bener-bener ga ada trace make up sama sekali, kayak tiba-tiba kulit lo berwarna aja gitu Keliatan lebih berseri ya kan Ini sangat bagus, dan gue suka banget efek coolingnya, I don't even understand how But I really love this",6,"hai, tuh banget bolakbalik sosiola, kayak bawahnya belanja aja gitu kemarin menemukan ini, kayak blush terbaru kayaknya sih rose day, kayak edisi powerpuff girls gitu loh, coba sih sih gemaas, bertahu blush kayak gini, risik sih? kayak jelly gini, tuh banget beli gini sosiola testernya kemarin, coba enak banget cuy, beneran dingin banget gitu dipakainya beli doang, warna sisters warnanya, kayak agak.. coba tigatiganya, setahu sih warna pink banget, orange banget tengahtengah, got one perang pake muka teksturnya tuh beneran kayak jelly padat gitu kayak tint gitu beneran ilang sih, mpeh bingung kemarin, coba tangan ilang, tuh, tuh susah banget ilangnya lamalama kayaknya lip tint dah parah banget ilang, coba dikit aja, selesai make upan ngetes, make bedak menggeser? coba sekalian, sodarasodara kan, kayaknya diginiin aja sih? terus, kakak pake brush ngeblend ini, aduh cakabat ngeblend lumayan cepat jari ngeset, dont think going anywhere sih nyatu, benerbener nyatu banget kulit sih, parah sih benerbener trace make sekali, kayak tibatiba kulit berwarna aja gitu keliatan berseri bagus, suka banget efek coolingnya, dont even understand really love"
"Di gutnya Wuling, kita mau iseng tanya sama salesnya. Wuling R.E.V. Diskondnya berapa? Wuling Bingo E.V. Diskondnya berapa?",6,"gutnya wuling, iseng salesnya. wuling r.e.v. diskondnya berapa? wuling bingo e.v. diskondnya berapa?"
"Lari sendiri bukan berarti gak punya temen. Kalau kita mau punya banyak temen, ikuti arus. Pasti temennya banyak. Tapi kita harus siap, John. Kita gak punya karakter. Kita cuma jadi kerumunan di tenang keramaya. Bes, habis gak, Do? Dan belum tentu temen-temen kita kenal kita karena kita gak punya identitas. Jadi kalau kita mau punya karakter dan identitas, kenali diri kalian. Gak ada salahnya lari sendiri. Ya gak? Ya dong, masa gak?",6,"lari teman. teman, ikuti arus. temennya banyak. siap, john. karakter. kerumunan tenang keramaya. bes, habis tidak, do? temanteman kenal identitas. karakter identitas, kenali kalian. salahnya lari sendiri. tidak? dong, tidak?"
"Olah raga itu dibuat jadi alat pemersatu bangsa dan itu terbukti. Dan sekarang Indonesia meresakan itu. Tapi kata Tim Nas main, gila udah deh, silen semua. Lemu ada masalah apa, masalah apa, udah, Tim Nas.",6,"olah raga alat pemersatu bangsa terbukti. indonesia meresakan itu. tim nas main, deh, silen semua. lemu apa, apa, sudah, tim nas."
"Paya di rumah gue tuh agak aneh ya biasanya pond pepaya tuh kan lurus kata selia bercabang tapi kita lihat di sini jadi pepaya nya cabang tiga tuh liat 1,2,3 terus ada batan lagi yang ngebulet disini agak aneh tuh ini dia kayak ngebulet gitu bercabang lagi ya disini ada percabangan lagi ya bahkan di sebelah sana tuh ada percabangan banyak 1,2,3,4,5 dan tiap cabangnya itu ada daunnya sama ada pepaya nya tuh banyak banget pepaya nya sampai katas banyak banget wah semua rindu baru pertama kali ketemu kepayaan kaya gini dan runiknya ada di rumah sendiri kenapa bisa kaya gitu ya gue juga gak ngerti hehe enak doanya",6,paya rumah tuh aneh pond pepaya tuh lurus selia bercabang lihat pepaya nya cabang tuh liat batan ngebulet aneh tuh kayak ngebulet gitu bercabang percabangan sebelah tuh percabangan cabangnya daunnya pepaya nya tuh banget pepaya nya katas banget rindu kali ketemu kepayaan kaya gini runiknya rumah kaya gitu mengerti hehe enak doanya
"Paling sebal deh sama orang lawan Arus Ada halasnya dulu, bagus, bagus Saya langsung lagi ngelawan Ha, minggir langsung semua",0,"sebal deh orang lawan arus halasnya dulu, bagus, bagus langsung ngelawan ha, minggir langsung"
"lewat kempingan terbarunya on, yaitu soft vans itu, bikin gue bertanya-tanya karena gimana ya sebagai pelarik kita tuh bisa dapet benefit dari sepatu yang soft tapi kita tetap bisa winning nah, tonton reviewnya, kulik-kulikannya di youtube run foot sekarang",7,"kempingan terbarunya on, soft vans itu, bertanyatanya gimana pelarik tuh dapet benefit sepatu soft winning nah, tonton reviewnya, kulikkulikannya youtube run foot"
"Kabarduka datang dari suami jurnalis Najwa Shihab Ibrahim Asegaf, yang baru saja meninggal dunia akibat struk yang menyebabkan pendaraan di otak. Pendaraan otak bisa terjadi karena pembulu darah di otak pecah, apalagi jika tidak segera di atasih, akan membuat kondisi lebih parah. Darah yang keluar ini bisa mengiritasi jaringan otak, menyebabkan pembengkakan dan juga bisa menggumpal, menekan jaringan otak serta mengganggu aliran darah, sehingga supley oksigen terganggu. Sehinggal kondisi tersebut bisa menyebabkan cel-cel otak bisa rusak, bahkan mati. Gejala umum pendaraan otak di antaranya? Sakit kepala hebat mendadak? Lemah pada salah satu sisi tubuh? Kesulitan bicara, melihat, menelan? Linglung, mengantuk, hingga kehilangan kesadaran? Ingat, semua gejala ini adalah kondisi darurat medis yang perlu ditangani secepat mungkin, jadi jangan sampai terlambat ya sobat sehat. Semoga Almarhu mendapat tempat terbaik di sisinya, dan semoga kita semua bisa lebih waspada terhadap gejala strok dan pendaraan otak.",1,"kabarduka suami jurnalis najwa shihab ibrahim asegaf, meninggal world akibat struk menyebabkan pendaraan otak. pendaraan otak pembulu darah otak pecah, atasih, kondisi parah. darah mengiritasi jaringan otak, menyebabkan pembengkakan menggumpal, menekan jaringan otak mengganggu aliran darah, supley oksigen terganggu. sehinggal kondisi menyebabkan celcel otak rusak, mati. gejala pendaraan otak antaranya? sakit kepala hebat mendadak? lemah salah sisi tubuh? kesulitan bicara, melihat, menelan? linglung, mengantuk, kehilangan kesadaran? ingat, gejala kondisi darurat medis ditangani secepat mungkin, terlambat sobat sehat. semoga almarhu terbaik sisinya, semoga waspada gejala strok pendaraan otak."
"Halo sobat pora yang akan dukung Tim Nas di Stadion GPK. Udah tau belum? Uduh and Downs? Sebelum nobar? U si mok? Pastiin kalian pakai baju Tim Nas kesayangan kita ya, Sob. Dan jangan lupa hafalin chanting kita. Pastiin kalian punya tiket ya. Kalau nggak, nggak bakal bisa masuk loh. Buat kalian yang nggak mau ribet-ribet nari parkir, boleh banget loh naik transportasi umum, ada MRT, Traks Jakarta dan lainnya. Sobat pora harus tau ya, ada beberapa barang yang nggak boleh diwalk Stadion loh. Selain barang-barang yang tadi, Sobat pora juga nggak boleh loh, bawa kamera profesional ke dalam Stadion. Ya, ya, ya. Eh mas, mas, mas, mas. Oh, enggak. Bawa kamera profesional aja nggak boleh, apalagi nggak live. Masih ember, masih ember. Ya nggak apa, nikmatin aja pertandingannya. Gijuan. Nah, Sob. Hal terakhir yang nggak boleh dilakuin adalah, merahkok, camping, minimum keras, dan juga narkogat. Karena itu semua bisa mengganggu penampilan orang lain. Nah, itu dia Dua and Downs. Selamat kita nonton Stadion. Yuk kita tatu bersama, dan kita nyaman-nyaman bersama.",2,"halo sobat pora dukung tim nas stadion gpk. belum? uduh downs? nobar? mok? pastiin pakai baju tim nas kesayangan ya, sob. lupa hafalin chanting kita. pastiin tiket ya. tidak, masuk loh. ribetribet nari parkir, banget loh transportasi umum, mrt, traks jakarta lainnya. sobat pora ya, barang diwalk stadion loh. barangbarang tadi, sobat pora loh, bawa kamera profesional stadion. ya, ya, ya. mas, mas, mas, mas. oh, enggak. bawa kamera profesional aja boleh, live. ember, ember. apa, nikmatin aja pertandingannya. gijuan. nah, sob. dilakuin adalah, merahkok, camping, minimum keras, narkogat. mengganggu penampilan orang lain. nah, downs. selamat nonton stadion. yuk tatu bersama, nyamannyaman bersama."
"Tomat itu lu buah, eh, tomat itu bukan sayur. Oh. Nah, terus, yang menurut apa dong? Tik, tik, tik, tik, tik. Yang benar, tomat itu termasuk buah dalam ilmu buah tania, karena tomat berasal dari bunga pohon tomat yang memiliki biji didalamnya. Sama seperti semangka, ceri, timun, yang juga termasuk buah karena ada biji didalamnya. Eh, tapi tomat juga bisa dianggap sayur dalam dunia kuliner loh, karena tomat jendrung asam, mengandung banyak air, dan tidak semanis buah lainnya. Makanya tomat sering dipadukan dengan bahan masakan. Sama seperti buah lain yang dikategorikan sayur, adalah buah atau timun. Nah, jadi kesimpulannya secara ilmiah, tomat itu termasuk buah dan bukan sayur-sayuran ya. Walaupun tomat krisis identitas, justru buah ini bernutrisi banget loh, apalagi buat kulit dan imun tubuh. Kalau menurut sobat sehat gimana?",7,"tomat buah, eh, tomat sayur. oh. nah, terus, dong? tik, tik, tik, tik, tik. benar, tomat buah ilmu buah tania, tomat berasal bunga pohon tomat memiliki biji didalamnya. semangka, ceri, timun, buah biji didalamnya. eh, tomat dianggap sayur world kuliner loh, tomat jendrung asam, mengandung air, semanis buah lainnya. tomat dipadukan bahan masakan. buah dikategorikan sayur, buah timun. nah, kesimpulannya ilmiah, tomat buah sayursayuran ya. tomat krisis identitas, buah bernutrisi banget loh, kulit imun tubuh. sobat sehat gimana?"
"ini adalah retolnya pebusnis dan pekerja profesional ya ini adalah Lenovo Yoga Pro 7i Aura Edition Yoga Pro ini dihadirkan untuk pengguna yang butuhkan performa tinggi dengan port yang banyak untuk produtinvitasnya performa nya super kencang pakai prosesor Intel Core Ultra 9285H yang punya 16 Core jadi nyaman banget dipakai buat multitasking RAM nya langsung 32GB, storage 1TB super lega heh, memainkan di sini wukong juga masih bisa nih editing foto dan video, lancar, tidak ada masalah mau 3D rendering pakai blender juga masih bisa di sini layar juga cakep karena udah pakai Lenovo PureSight Pro OLED resolusi 3K 120Hz 100% DCI P3 dan tinggi keceraian nya hingga 1000 nits masih kurang tenang karena yang saat ini bisa pakai 3 layar tambahan jadi total 4 layar buat kerja dan multitasking jadi makin produktif speaker nya juga keren banget kelas premium dengan 4 speaker baterai nya sudah 84Wh dan punya fitur rapid charge di sini Lenovo bahkan ngasih langganan Adobe Creative Cloud gratis selama 2 bulan sama seperti laptop Yoga lainnya garas nya sampai 3 tahun dengan ADP yang bisa di-claim berkali-kali laptop ini bisa dibeli di Lenovo Official dan Outerrestore melalui online marketplace atau langsung ke toko offline nya di seluruh Indonesia",7,"retolnya pebusnis pekerja profesional lenovo yoga pro aura edition yoga pro dihadirkan pengguna butuhkan performa port produtinvitasnya performa nya super kencang pakai prosesor intel core ultra core nyaman banget dipakai multitasking ram nya langsung gb, storage super lega heh, memainkan wukong nih editing foto video, lancar, rendering pakai blender layar cakep pakai lenovo puresight pro oled resolusi dci keceraian nya nits tenang pakai layar tambahan total layar kerja multitasking produktif speaker nya keren banget kelas premium speaker baterai nya fitur rapid charge lenovo ngasih langganan adobe creative cloud gratis komputer jinjing yoga garas nya adp diclaim berkalikali komputer jinjing dibeli lenovo official outerrestore online marketplace langsung toko offline nya indonesia"
"Akan deh Oh, unang? Oh iya Kayaknya lagi Mantap Mantap Mantap",6,"deh oh, unang? iya kayaknya mantap mantap mantap"
"Ayo guys kita latihan bahu di gym. Sebelum saya lah raga saya pake poshman roll on yang ada 3 varian. Active sport, Active Pro dan Active Cool. Active sport yang ini dua kali lebih kuat lawan baw badan dan punya wangi fresh citrus. Active pro yang kedua udah pasti 5 kali nomor noda di baju, wangi nya lebih masculine tapi tetap classy. Active cool yang rahia punya sensasi dingin menyergalkan waninya fresh exotic. Kalau saya pilih yang Active sport, efektif kurang ikringat berlebih dan baw badan hingga 48 jam. Ada teknologi Active sens yang bikin wangi dan segar tahan lama, lalu cepat kering dan tidak lengket. Gerakan yang pertama adalah shoulder press dengan dumbbell. Untuk mendapatkan performa yang maksimal, saya lakukan 2-3 warm ups set sebelum masuk ke lampas set inti. Lalu diantara set saya lakukan gerakan untuk panaskanur tetakah saya. Gerakan kedua, Side raises dengan plate door it machine yang targetkan bahu bagian samping yang membuat bahu mau kelihatan lebar. Alat ini memungkinkan saya untuk lebih ice plate bahu dibandingkan dengan dumbbell. Gerakan ketiga, Reverse Flies. Favorite saya adalah dengan Reverse Pectek karena saya benar-benar bisa rasakan bahu bagian belakang dibandingkan dengan cable atau dumbbell. Gerakan terakhir, Babel Shrocks. Ini fokus kepundak atau ototrapesius. Yang penting digerakan ini fokus untuk luruskan tangan mu di bawah dan tarik tangan musat atas mungkin supaya range of motion jadi maksimal. Ayo ikuti challenge dari poshman dengan upload foto musat olahraga untuk menangkan hadiah seperti suntuh smartwatch atau earphone Shrocks.",4,"ayo guys latihan bahu gym. raga pake poshman roll varian. active sport, active pro active cool. active sport kali kuat lawan baw badan wangi fresh citrus. active pro kali nomor noda baju, wangi nya masculine classy. active cool rahia sensasi dingin menyergalkan waninya fresh exotic. pilih active sport, efektif ikringat berlebih baw badan jam. teknologi active sens wangi segar tahan lama, cepat kering lengket. gerakan shoulder press dumbbell. performa maksimal, lakukan warm ups set masuk lampas set inti. set lakukan gerakan panaskanur tetakah saya. gerakan kedua, side raises plate door machine targetkan bahu samping bahu lebar. alat ice plate bahu dibandingkan dumbbell. gerakan ketiga, reverse flies. favorite reverse pectek benarbenar rasakan bahu dibandingkan cable dumbbell. gerakan terakhir, babel shrocks. fokus kepundak ototrapesius. digerakan fokus luruskan tangan tarik tangan musat range motion maksimal. ayo ikuti challenge poshman upload foto musat olahraga menangkan hadiah suntuh jam pintar earphone shrocks."
"Erika Carina bikin perfume Hmm... Mark kita review ya, ini kolaborasi bersama Krusita, pertama di sini adalah comfort zone Ini wanginya lebih pagi-pagi, santai Dan di sini, note-note-nya itu ada bergamot, ada all the height Habis itu di middlenya itu ada rose Dan di base note-nya itu ada sandalwood dan white mask Tapi semua note-nya itu tercover oleh si white masknya yang super strong Not my current stand, tapi lo tau banyak orang yang suka Aku kasih skornya ini 6.8 About last night, ini untuk mengingat party semalam Wih, korang yang nungguh tuh gue Di sini top notes-nya itu bergamot dan pink pepper di middle notes-nya Orange blossom, jasmine, dan vanilla Di base notes-nya itu ada sederhut, cafe, dan patchouli Emang yang paling tercum adalah vanilla-nya Mungkin ini lebih ke ara black opium, tapi nggak mirip sama black opium Tapi kayak satu family sama black opium Last but not least, this is my favorite one Talk with you Wanginya indah banget dan ini mengingatkan aku sama wangi serjof yang air bapura Dan notes-note-nya ada di sini adalah bergamot lemon orange Tapi wanginya nggak orange atau citrus-y gitu ya Di middle notes-nya, ruti, dan di base notes-nya, tamburi, mask, dan vanilla Tadi yang about last night ini aku kasih skor 7.5 Talk with you ini aku kasih skor 9, teman-teman Kalau mau apa lagi, aku harus di review, silahkan komen di bawah Ini ada pemelangnya",4,"erika carina perfume hmm.. mark review ya, kolaborasi krusita, comfort zone wanginya pagipagi, santai sini, notenotenya bergamot, height habis middlenya rose base notenya sandalwood white mask notenya tercover white masknya super strong current stand, orang suka kasih skornya last night, party semalam wih, korang nungguh tuh top notesnya bergamot pink pepper middle notesnya orange blossom, jasmine, vanilla base notesnya sederhut, cafe, patchouli emang tercum vanillanya ara black opium, black opium kayak family black opium last least, favorite one talk wanginya indah banget wangi serjof air bapura notesnotenya bergamot lemon orange wanginya orange citrusy gitu middle notesnya, ruti, base notesnya, tamburi, mask, vanilla last night kasih skor talk kasih skor temanteman lagi, review, silahkan komen pemelangnya"
"Pengen workout di rumah tapi kamu tidak punya cukup space, you need to know this. Satu alat ini bisa menggantikan semua alat fitness gym dan tidak perlu banyak space. Karena speedy-ins dari Valfon pakai magnetik sistem di mana beban atau babel sudah tidak dibutuhkan lagi. Dengan speedy-ins kamu bisa melatih semua otot seperti ini. Untuk kamu yang masih pemula bisa akses video-video coach professional supaya workout mau jadi efektif dan aman. Beban tarik kiri dan kalan aptu 100 kilo. Yang bisa diatur di layar atau dengan bluetooth ring. Sehingga tidak harus memindahkan beban saat olahraga. Selain latihan beban speedy-ins juga ada model ski dan rowing. Intinya speedy-ins bisa jadi opsiun untuk kamu yang pengen workout di rumah tapi tidak punya banyak space untuk simpan babel, alat dan beban.",7,"workout rumah space, need know this. alat menggantikan alat fitness gym space. speedyins valfon pakai magnetik sistem beban babel dibutuhkan lagi. speedyins melatih otot ini. pemula akses videovideo coach professional workout efektif aman. beban tarik kiri kalan aptu kilo. diatur layar bluetooth ring. memindahkan beban olahraga. latihan beban speedyins model ski rowing. intinya speedyins opsiun workout rumah space simpan babel, alat beban."
"Bersama mengkopi Mk. Pratikno, kemenpora bersama LPD, PM meluncurkan biasiswa kaolah ragaan, yang ditujukan untuk para atlet, mantan atlet, dan juga tenaga kaolah ragaan. Kita butuh ekspertis, kita pake tiga, ekosistem industri ini, kaolah raga ini masih sangat luas untuk bisa digemakan di Indonesia. Pususnya Pratikno ini merupakan sosok yang sejak awal mendorong LPD ini bisa untuk khusus ke orang ragaan. Jadi, itu kutamu, itu kutamu. Saya senang terhagi ya karena akhirnya luncur juga. Saya bersama perapensiasi untuk memperkenalkan khususnya LPD. Semoga kedepang LPD juga bisa dilihat kemari untuk kepunggatan lainnya. Salat satu, upaya kemurintah di bawah Ketungian Bapak Klesidian, Udara Bozudianto, bagaimana kesihatan terangan dunia mahal raga nanti berjami. Ini tanda bagaimana Bapak Klesidian saat mencintai mahal raga Indonesia. Dan saya harap ini bisa disambut dengan amusias. Terima kasih, Mak Senang ya. Sebenarnya banyak atik juga yang berharap.",4,"mengkopi mk. pratikno, kemenpora lpd, meluncurkan biasiswa kaolah ragaan, atlet, mantan atlet, tenaga kaolah ragaan. butuh ekspertis, pake tiga, ekosistem industri ini, kaolah raga luas digemakan indonesia. pususnya pratikno sosok mendorong lpd khusus orang ragaan. jadi, kutamu, kutamu. senang terhagi luncur juga. perapensiasi memperkenalkan lpd. semoga kedepang lpd kemari kepunggatan lainnya. salat satu, upaya kemurintah ketungian klesidian, udara bozudianto, kesihatan terangan world mahal raga berjami. tanda klesidian mencintai mahal raga indonesia. harap disambut amusias. terima kasih, mak senang ya. atik berharap."
"Ini adalah smartphone paling tipis di dunia, datang dari OPPO, ini adalah OPPO 5N5. Pas pertama pegang aja, gue udah penasaran sih sebetulnya, kok bisa setipis ini ya? Dalamannya kayak gimana ya? Kali ini saya tertarik untuk mengunjungi OPPO Experience Store buat menyaksikan langsung proses tear down perdana OPPO 5N5 di Indonesia. Lokasinya di Margo da City Mall. Di sini ada servisian ternyata OPPO yang ada di dalam storenya mereka. Tempatnya juga nyaman dan saya juga disambut dengan staff-stuffnya yang profesional. Nah langsung aja kita lihat tear downnya. Keliatan sih, agentan OPPO ini udah lancar banget bonkarnya. Skill khusus ini loh. Kalau nggak di-training dengan bener, sulit bonkar beginian tanpa ada kerusakan. Wah, ternyata seru juga ya, bisa lihat dalaman teknologi yang canggih seperti ini. Selain bisa lihat langsung isi dalam OPPO 5N5. Saya juga dapat minuman gratis, screen protector gratis dan bahkan sedikit hadiah. Sebagai pengguna OPPO 5N5, kita bisa dapetin servis dan benefic khusus di servis center OPPO ini. Misalnya, OPPO Care kita jadi bisa ganti layar gratis kalau misalnya rusak. Door-to-door servis, jadi kalau misalnya kita sibuk, nggak sempat mampir ke servis center. Bisa dijemput barangnya. Dan servis center OPPO juga sudah tercover sebanyak 95% profisi di Indonesia. Jadi kurang lebih begini ya, isi dalamannya OPPO 5N5. Sudah di preteli semua, yang menurut saya impresif sih ada di baterainya. Setipis ini, tapi kapasitasnya bisa gede banget. Saya sih selalu sama engineer-engineer yang terlibat di R&D produk ini. Di combo dengan komitmen OPPO yang cukup tinggi dalam perusahaan servis, yang beli OPPO 5N5, jadi nggak perlu khawatir kalau HPnya kenapa-napa. Sejauh ini, menurut saya sih pengalaman after sale OPPO cukup memuaskan, nyaman dan bisa diadalkan. Nah, kalau kalian gimana punya pengalaman dengan after sale OPPO juga nggak? Kalau punya, langsung serah aja di kolom komentar ya.",6,"smartphone tipis world, oppo, oppo pas pegang aja, penasaran sih sebetulnya, setipis ya? dalamannya kayak gimana ya? kali tertarik mengunjungi oppo experience store menyaksikan langsung proses tear perdana oppo indonesia. lokasinya margo city mall. servisian oppo storenya mereka. tempatnya nyaman disambut staffstuffnya profesional. langsung aja lihat tear downnya. keliatan sih, agentan oppo lancar banget bonkarnya. skill khusus loh. ditraining bener, sulit bonkar kerusakan. wah, seru ya, lihat dalaman teknologi canggih ini. lihat langsung isi oppo minuman gratis, screen protector gratis hadiah. pengguna oppo dapetin servis benefic khusus servis center oppo ini. misalnya, oppo care ganti layar gratis rusak. doortodoor servis, sibuk, mampir servis center. dijemput barangnya. servis center oppo tercover profisi indonesia. ya, isi dalamannya oppo preteli semua, impresif sih baterainya. setipis ini, kapasitasnya gede banget. sih engineerengineer terlibat produk ini. combo komitmen oppo perusahaan servis, beli oppo khawatir hpnya kenapanapa. ini, sih pengalaman sale oppo memuaskan, nyaman diadalkan. nah, gimana pengalaman sale oppo tidak? punya, langsung serah aja kolom komentar ya."
"Hai, salah satu pertanyaan yang paling sering gue dapatkan sampai sekarang adalah gue minum suplemen atau kolagen apa dan jawabannya adalah gue gak pernah rutin minum apa-apa selama ini, terutama kolagen karena tiap gue cek kandungannya segala macem ujung-ujungnya semua itu isinya gula doang gitu jadi gue kayak apa gunanya nih, gitu serem juga gue kalau gula mulut ya kan sampai gue mendemukan si Morden View ini ini udah gue minum sekitar sebulan lebih dan sempet gue bahas juga kemarin pas gue baru nyobain dia pakai teknologi Korea super canggih gitu dan molekool kolagennya super kecil jadi dia menyerap lebih efisien ke dalam kulit dan badan lo dia juga pakai fisikolagen yang penyerapannya lebih baik buat kulit lo paket jangkanya kayak gini, ini tinggal dibuka aja dan cara minumnya juga sangat unik tinggal lo buka dan lo taro di bawah lidah, rasanya juga masih seger banget jadi dia gak ribet, gak usah lo campur air, gak usah apa-apa, bisa lo minum kapan pun dimana pun dan setelah sebulan lebih menurut gue ini hasilnya ada banget, nanti gue taro disini before afternya, gue ngerasa kulit gue kayak lebih glowy, lebih basah gitu gue gak pakai apa-apa hari ini, gue belum pakai foundation sama sekali ini kulit gue, itu sangat bagus dan bahkan, gue gak tahu, benar-benar suara gue masih agak binden karena gue baru sembuh batuk pilek ya pancaroba seperti biasa, jadi kulit gue masih agak tidak benar tapi ini pun udah jauh lebih baik dari sebelum gue pakai simur dan view jadi kalau kamu mencari suplemen kolagen, gue bilang, jangan lalu lihat, ini yang menarik",6,"hai, salah dapatkan minum suplemen kolagen jawabannya rutin minum apaapa ini, kolagen cek kandungannya macem ujungujungnya isinya gula doang gitu kayak gunanya nih, gitu serem gula mulut mendemukan morden view minum sebulan sempet bahas kemarin pas nyobain pakai teknologi korea super canggih gitu molekool kolagennya super menyerap efisien kulit badan pakai fisikolagen penyerapannya kulit paket jangkanya kayak gini, tinggal dibuka aja minumnya unik tinggal buka taro lidah, seger banget ribet, campur air, apaapa, minum dimana sebulan hasilnya banget, taro afternya, ngerasa kulit kayak glowy, basah gitu pakai apaapa ini, pakai foundation kulit saya, bagus bahkan, tahu, benarbenar suara binden sembuh batuk pilek pancaroba biasa, kulit pakai simur view mencari suplemen kolagen, bilang, lihat, menarik"
"Nama saya Tritalia Nama saya Nadia Indah Untuk saya sendiri, mendapatkan 2 emas dan 1 perak Emasnya ada di nomor bergul Dan di nomor balik kesimbangan Dan peraknya ada di nomor serba-bisa Untuk saya sendiri, ada 2 emas, 1 perak, 1 perunggu 1 emasnya bergul 1 emasnya lagi all-round Sama peraknya di meja lompat, perunggu nya di palang bertingkat Buat teman-teman, masih bertanding di sana Good luck, semangat, kalian bisa all the best Terima kasih untuk seluruh warga yang kayak Jakarta yang telah mensupport Yang mendoakan kami Jakarta datang, Jakarta menang Sucsas Jakarta untuk Indonesia Da-dah! Ini perolehan medali paling banyak, apa satu? 1, 2, 3, 4, 5, 6, 7, 8, 9, 10 Sip! Kami atas nama pemerintah profing di Dike Jakarta Mengucapkan terima kasih Yang pertama, tentunya kepada atlet Yang sudah berjuang dengan gigi Sehingga bisa membawa nama baik Dike Jakarta InsyaAllah, atlet-atlet yang berlagak di PON Menjadi pintu gerbang Untuk membuat kakak yang berlaku Dan menyebutkan kakak yang berlaku InsyaAllah, atlet-atlet yang berlagak di PON Menjadi pintu gerbang Untuk kesuksesan prestasi di berikutnya Dushi Game, Asian Game, bahkan Olympiadder Yang kedua, mengucapkan terima kasih kepada tim ofisial Dari Senam, yang sudah melakukan pelatihan Pembimbingan, pembinaan Sehingga menghasilkan atlet-atlet yang top Yang dibiliki oleh PEMPROP di Dike Jakarta Dan terima kasih, Dike Jakarta Jaka-dara datang, Jakarta menang Sucses Jakarta untuk Indonesia",2,"nama tritalia nama nadia indah sendiri, emas perak emasnya nomor bergul nomor kesimbangan peraknya nomor serbabisa sendiri, emas, perak, perunggu emasnya bergul emasnya allround peraknya meja lompat, perunggu nya palang bertingkat temanteman, bertanding good luck, semangat, best terima kasih warga kayak jakarta mensupport mendoakan jakarta datang, jakarta menang sucsas jakarta indonesia dadah! perolehan medali banyak, satu? sip! nama pemerintah profing dike jakarta terima kasih pertama, atlet berjuang gigi membawa nama dike jakarta insyaallah, atletatlet berlagak pon pintu gerbang kakak berlaku kakak berlaku insyaallah, atletatlet berlagak pon pintu gerbang kesuksesan prestasi dushi permainan, asian permainan, olympiadder kedua, terima kasih tim ofisial senam, pelatihan pembimbingan, pembinaan menghasilkan atletatlet top dibiliki pemprop dike jakarta terima kasih, dike jakarta jakadara datang, jakarta menang sucses jakarta indonesia"
"Bikin lawan kalian kaget, pake cara terima service kayak gini. Pertama, soal-awalah kita mau menirma service dan akan mengukul dengan kencang. Tetapi di detik-detik akhir kita pukul kok secara perlahan ya, atau kalian bisa juga seperti ini. Soal-awalah kita mau memukul ke arah yang lurus. Tetapi di detik-detik akhir kita belokin arah raket dan koknya ya. Gimana? Udah siap cobain grapangan? Jangan lupa follow ya.",6,"lawan kaget, pake terima service kayak gini. pertama, soalawalah menirma service mengukul kencang. detikdetik perlahan ya, ini. soalawalah memukul arah lurus. detikdetik belokin arah raket koknya ya. gimana? cobain grapangan? lupa follow ya."
"Ternyata, gini caranya buat tau berat-berat kita itu udah idele atau belum. Kalau kalian mau tau juga, konten video ini habisnya nanti cobain juga ya. Pertama kalian bisa buka website tdkalkulator.net. Habis itu tinggal isi aja tuh data-datanya. Misalnya aku nih usia 28 tahun, terus berat-berat 83 kg, tinggi badan ku 179 cm, dan aktivitasnya itu di moderate exercise. Nah buat bodi fat ini optional bisa di situng nggak. Tapi kalau kalian tau diisi aja ya. Terus tinggal pejet kalkulat di bawah ini nih, dan boom! Keluar tuh hasilnya. Nah di bagian ideal wake ini, kalian bisa tau berat-berat ideal kalian itu kisarannya berapa? Kalau diaku berat badannya tuh di 71-76 kg. Tapi kalau mau bentuk otot mendekati potensi maksimalnya, berat badan ku tuh bisa di 79-87 kg. Tegantung bodi fatnya mau berapa persen. Jadi yuk, kalian buka website tdkalkulator.net ini, habis itu isi data-nya, dan komen di bawah ya. Berat badan kalian sekarang berapa dan idealnya tuh ada di berapa? Udah sampai ideal atau belum? Share juga ke temen sodara, bapak, ibu, om, tante, biar mereka juga cobain buka website ini, dan bisa tau berat badannya tuh udah ideal atau belum ya. Stehar!",4,"ternyata, gini beratberat idele belum. juga, konten video habisnya cobain ya. buka website tdkalkulator.net. habis tinggal isi aja tuh datadatanya. nih usia tahun, beratberat kg, badan cuma, aktivitasnya moderate exercise. bodi fat optional situng tidak. diisi aja ya. tinggal pejet kalkulat nih, boom! tuh hasilnya. ideal wake ini, beratberat ideal kisarannya berapa? diaku berat badannya tuh kg. bentuk otot mendekati potensi maksimalnya, berat badan tuh kg. tegantung bodi fatnya persen. yuk, buka website tdkalkulator.net ini, habis isi datanya, komen ya. berat badan idealnya tuh berapa? ideal belum? share teman sodara, bapak, ibu, om, tante, cobain buka website ini, berat badannya tuh ideal ya. stehar!"
"Hello, semuanya! Aku Nazifah dari Kota Bandung. Hello, dari Gila Ro. Aku dari Mokasi dan aku dari sini dari Jakarta. Aku pakai kaca dari Wada, dan juga pakai glasink dari Wada. Sebelum belakang dikeringnya aku pakai, tadi pakai lip balm dari Wada, acong rosinya juga dari Wada, dan juga pakai bedak kabur dari Wada. Aku lagi pakai glasink yang Shadr C045 sama acononya aku pakai lip balm dari Wada. Ini aku lagi pakai lip stick dari glasink lip sticknya Wada, Nomax Shadr C02. Dari bedaknya, dari lip sticknya, pakai color fit. Happy! Perasaan hari ini happy banget, super happy. Dan sangat berkesan untuk aku sendiri, bisa melati kepercayaan diri aku, terus aku juga bisa dapat banyak pelajaran dari para nansumber yang hari ini, dan juga pastinya aku bisa dapat teman baru yang aku baru kenal. Terus aku paling suka, saya senyap tentunya kaputri, karena kaputri one of my role models. Dan happy banget bisa dapat insight yang banyak dari kaputri hari ini. Insight yang banyak aku suka itu, satu show karena bintang tangunya memberikan insight yang sangat bagus. Jadi aku tadi habis kebud di Iway Cham dan aku bikin cham untuk glasink liquid lip aku, dan aku juga kebud make up, dan ini hasilnya aku suka banget sama hasilnya. Aku udah nyemain kenapa kebud ini. Nah tadi aku kebar apa bud, nah untuk bud pertama aku kebud yang ngerankai manik-manik ini, lucu banget dikasih nama custom gitu, bagus banget. Experience yang aku coba di Wada di ambas salu ini adalah di Iway Cham untuk lipglasink lipnya Wada. Dan itu lucu banget karena manik-maniknya pervariasi, terus aku juga bisa kayak susun manik-maniknya susun nama aku. Jadi aku mau ngucampin, terima kasih buat Wada, sudah berikan sebuah Wada untuk kita anak budak. Ngucapkan thank you untuk Wada, makasih banget Wada, sudah siapin Wada. Dutup aku di sini juga bisa banyak belajar, apalagi aku juga pengen jadi kontroliator, selagi aku juga dapat banyak teman-teman baru, experience yang baik jadi. Aku mau bilang makasih banget buat tim Wada karena udah bikin komunitas ini. Dan makasih banyak buat Wada karena udah ngadain acara hari ini yang super happy, super bermanampat. Makasih Wada.",2,"hello, semuanya! nazifah kota bandung. hello, ro. mokasi jakarta. pakai kaca wada, pakai glasink wada. dikeringnya pakai, pakai lip balm wada, acong rosinya wada, pakai bedak kabur wada. pakai glasink shadr acononya pakai lip balm wada. pakai lip stick glasink lip sticknya wada, nomax shadr bedaknya, lip sticknya, pakai color fit. happy! perasaan happy banget, super happy. berkesan sendiri, melati kepercayaan aku, pelajaran nansumber ini, pastinya teman kenal. suka, senyap kaputri, kaputri one role models. happy banget insight kaputri ini. insight suka itu, show bintang tangunya insight bagus. habis kebud iway cham cham glasink liquid lip aku, kebud make up, hasilnya suka banget hasilnya. nyemain kebud ini. kebar bud, bud kebud ngerankai manikmanik ini, lucu banget dikasih nama custom gitu, bagus banget. experience coba wada ambas salu iway cham lipglasink lipnya wada. lucu banget manikmaniknya pervariasi, kayak susun manikmaniknya susun nama aku. ngucampin, terima kasih wada, wada anak budak. ngucapkan thank wada, makasih banget wada, siapin wada. dutup belajar, kontroliator, selagi temanteman baru, experience jadi. bilang makasih banget tim wada komunitas ini. makasih wada ngadain acara super happy, super bermanampat. makasih wada."
"MOP di tenang lagi, temen-temen! Karena setting spraynya cepet abis katanya banyak yang pecinta setting spray ini bilang 2 minggu aja udah abis jangan setih temen-temen karena sekarang kita punya yang big size 3x bigger dan harganya jauh lebih terjangkau yang matte dan yang satin dua-duanya ada big size-nya tapi kalau buat kalian yang kulitnya kering, kalian bisa pakai yang satin kalau kalian putih berminyak, kalian bisa pakai yang matte aku udah pakai dan kalian bisa lihat sepolis apa hasil muka aku dan selalu ngasih apa, udah banyak banget persimoninya bisa langsung cek out yang big size ini dan mistnya semakin super fine mist karena kita pakai mist yang terbaru juga masih continuous dan juga alkohol free, temen-temen tapi kalau kalian mau traveling, jangan khawatir yang mini size juga masih ada dan harganya juga jadi jauh lebih murah jadi jangan teror MOP lagi, buruan cek out aja sekarang ga kaget sih kenapa banyak banget pecinta set inspirer yang mau pe ini karena lihatnya sendiri ya, semakin dispray, semakin glowing dan healthy tapi make up-nya tetep awet up to 16 hour bahkan sebenernya up to 24 hour dipakai yang berenang, apakah yang nyembur, dipakai yang awam walaupun itu akan tetep awet selain itu juga bisa dijadikan skin prep kalian jadi udah ga usah ragu lagi kalau kalian butuh yang big size, langsung cek out sekarang, temen-temen",4,"mop tenang lagi, temanteman! setting spraynya cepet habis pecinta setting spray bilang minggu aja habis setih temanteman big size bigger harganya terjangkau matte satin duaduanya big sizenya kulitnya kering, pakai satin putih berminyak, pakai matte pakai lihat sepolis hasil muka ngasih apa, banget persimoninya langsung cek big size mistnya super fine mist pakai mist terbaru continuous alkohol free, temanteman traveling, khawatir mini size harganya murah teror mop lagi, buruan cek aja kaget sih banget pecinta set inspirer lihatnya ya, dispray, glowing healthy make upnya tetep awet hour sebenernya hour dipakai berenang, nyembur, dipakai awam tetep awet dijadikan skin prep ragu butuh big size, langsung cek sekarang, temanteman"
kalian tau ga sih kalo satu protein barin itu udah mengadur sekitar 30 gram protein dan ini bikinnya gampang banget kalo kalian mau tau caranya gimana langsung aja liat video ini yuk let's go pertama tuang 2 scoops oatmeal terus satu scoops way protein rasa vanilla dari puro 2 cendol teh selai kacang masukin sedikit madu setengah cendol teh extract vanilla satu cendol makan cokut chips dan kuncinya disini nih kasih air sedikit-sedikit bila diperlukan biar tekstur adonannya bisa kayak gini terus satu dituang di talan-talan yang udah dikasih ke tas baking antilenket ditekentekan sampe tipis begini biar enak nanti gigitnya nah buat topping ini aku pake dar chocolate yang udah di delihin terus dioles-oles diatas adonannya terus masukin ke freezer dan tubuh sampe beku ya gimana? gampang banget bikinnya? dan intrasnya juga enak banget loh ya langsung kita makan sebenernya dimanjirain jadi tipis jadi lebih enak ga keras dan gampang unyanya kalo kalian tertarik buat remake snack ini coba komen di bawah ya atau kalo misalkan kalian ada ide snack 3 protein yang lain coba komen di bawah juga ya share video ini kalo mau nangfaat taro semangat bikin snack 3 protein kayak gini dan... stay hard,6,sih protein barin mengadur gram protein bikinnya gampang banget gimana langsung aja liat video yuk lets tuang scoops oatmeal scoops way protein vanilla puro cendol teh selai kacang masukin madu cendol teh extract vanilla cendol makan cokut chips kuncinya nih kasih air sedikitsedikit tekstur adonannya kayak gini dituang talantalan dikasih tas baking antilenket ditekentekan sampe tipis enak gigitnya topping pake dar chocolate delihin diolesoles diatas adonannya masukin freezer tubuh sampe beku gimana? gampang banget bikinnya? intrasnya enak banget loh langsung makan sebenernya dimanjirain tipis enak keras gampang unyanya tertarik remake snack coba komen ide snack protein coba komen share video nangfaat taro semangat snack protein kayak gini dan.. stay hard
"Kemarin tuh ada yang bilang ternyata orang Indonesia itu bagi mereka tuh cantik banget Karena kemarin kan keharasan foto kan, foto lah sama Karo Terus aku kayak menunggu dia foto, aku sambil duduk bengong gitu Terus tiba-tiba ada 3 orang cewe cewe itu kayak nyamperin aku Terus kayak aku bingung kan apa ini, aku sambil duduk terus ngeliat mereka berdiri gini Apa ini kok tiba-tiba nyamperin aku, terus mereka cuman bilang Hey you're so pretty like a doll, saltinglah aku Soal itu di depan foto Yang Pak Mega juga duduk tapi ngadep ke sana, terus Pak Mega bingung kenapa-kenapa gitu loh Terus Karo juga, yang diperada Yang diperada, aku gak tau yang diperada Janjela foto tiba-tiba ada nasi bingung, kayaknya orang-orang pokoknya ternyata mau diperadir Oh iya, nah kalau itu kan keharasta jadi Gak tau sih, aku sebenernya gak tau itu keharasta apa aku, pokok intinya kemarin itu pas di Gelato Itu ada 2 kejadian yang pertama, tiba-tiba ada orang kayak mau raktir gitu Kayaknya sebelumnya keharasta deh gitu Terus habis itu kayak mereka, intinya mungkin terkesimah ya dengan kecantikan Indonesia ini WD Terus habis itu kayak mau raktir Gelato gitu, terus habis itu udah kan kita di Antriang Tiba-tiba ada cowok gitu, tiba-tiba dia berhenti di depan ku kak Berhenti di depan ku terus habis itu bilang, hey you are so pretty kayak gitu Kan kayak, makasih, makasih gitu kan, lucu banget Ternyata orang Indonesia kecantikan disini tuh kita laku guys",6,"kemarin tuh bilang orang indonesia tuh cantik banget kemarin keharasan foto kan, foto karo kayak menunggu foto, duduk bengong gitu tibatiba orang cewe cewe kayak nyamperin kayak bingung ini, duduk ngeliat berdiri gini tibatiba nyamperin aku, cuman bilang hey youre pretty like doll, saltinglah foto mega duduk ngadep sana, mega bingung kenapakenapa gitu loh karo juga, diperada diperada, diperada janjela foto tibatiba nasi bingung, kayaknya orangorang pokoknya diperadir iya, keharasta sih, sebenernya keharasta aku, pokok intinya kemarin pas gelato kejadian pertama, tibatiba orang kayak raktir gitu kayaknya keharasta deh gitu habis kayak mereka, intinya terkesimah kecantikan indonesia habis kayak raktir gelato gitu, habis antriang tibatiba cowok gitu, tibatiba berhenti kak berhenti habis bilang, hey pretty kayak gitu kayak, makasih, makasih gitu kan, lucu banget orang indonesia kecantikan tuh laku guys"
"Sesuai target, sebenarnya karena yang pasti satu kita ingin mencapai juara umum dan kedua apa namanya rayaan Menda Lima, tetap kita pertahankan walaupun memang ada mungkin satu-dua nomor yang sebenarnya kita targetan ada lepas lah, tapi tetap kita bisa mencapai prestasi tinggi gitu. Awalnya itu karena ya biasa kalau di sekolah itu kan ada temen ngajak ayo main giliar bareng kayak gitu. Terus yaudah ya main-main-main tapi saat itu bener-bener... Terus berapa waktu itu? Oh udah mulus. Bila itu bisa menumbukan industri, sport industri yang cukup baik yang berkembang gitu karena hampir semuanya bisa kemudian dibuat peralatan ya. Ada coknya itu ya yang banyak. Itu juga banyak perenikan agam. Ini senior? Senior tuh kemana arti kita Pak? Siapa Pak? Iya itu hampir 60. Wah luar biasa. Dapat mas ya? Dua mas aja.",7,"sesuai target, mencapai juara namanya rayaan menda lima, pertahankan satudua nomor targetan lepas lah, mencapai prestasi gitu. sekolah teman ngajak ayo main giliar bareng kayak gitu. yaudah mainmainmain benerbener.. itu? mulus. menumbukan industri, sport industri berkembang gitu peralatan ya. coknya banyak. perenikan agam. senior? senior tuh kemana arti pak? pak? iya biasa. mas ya? mas aja."
"Nothing. Nothing. Nothing. Mari kita swatch new product dari something. Ini Forever Stay Comfort Lip Glace dan aku punya semuanya disini. Ada 9 shade disini dan aku akan swatch semuanya di bibir aku. So wish my lips luck. Sesuai namanya ini Forever Stay. Jadi claimnya ini long wearing banget dan transfer proof. Aku akan tes bibir yang keren ini gak ada apa-apa di bibir aku. Aku udah apus di produk aku. Wow pigmentasinya. Gak main-main. Dari sini uangnya enak banget. Ruti banget kayak paman. Mereka simpohannya kalo misalnya kalian tipu orang yang suka li produk yang tetep ada shine-nya kayak gini. Tapi mau nantangan banting, kiss proof, eat proof, drink proof, transfer proof. Karena kalian magereplay. Coba ini. Ini kayak the best of both worlds. It's classy but it's also tahan banting. Aku gak tau cara ngasih arti gimana cuma aku swatch di tangan aku ini posisnya awkward banget.",6,"nothing. nothing. nothing. mari swatch new product something. forever stay comfort lip glace disini. shade swatch bibir aku. wish lips luck. sesuai namanya forever stay. claimnya long wearing banget transfer proof. tes bibir keren apaapa bibir aku. apus produk aku. wow pigmentasinya. mainmain. uangnya enak banget. ruti banget kayak paman. simpohannya tipu orang suka produk tetep shinenya kayak gini. nantangan banting, kiss proof, eat proof, drink proof, transfer proof. magereplay. coba ini. kayak best worlds. classy also tahan banting. ngasih arti gimana swatch tangan posisnya awkward banget."
"ini sunscreen apa apaan sih? lagi di blend bukan hanya keputaran kulit malah bergabung warna kayak gini gak sopan banget jadi ini adalah sunscreennya Tavi yang dimana dia tuh kayak ada teknologi kalau changingnya yang sekali pakai aja bekas jogawa sama kemerahan tuh langsung pati tesamarekan kayak gini SPA 50 PA++++ dan kalau dilatihkan kamera ini benda-benda memproteksi kulit ya emang sih pas di blend dia tuh gak langsung nyawa ke putaran kulit dalam sekejap mata tapi finishnya oh my god ini ngasih efek kayak no make up, makeup look tapi cocok banget buat kamu yang pengen keluar rumah tapi malah sepak make up dan sunscreen ini aman dibakai buat kulit pejerawat karena dia mengandungkan dungan yang fokusnya tuh buat menenangkan kulit highly highly recommended",4,"sunscreen sih? blend keputaran kulit bergabung warna kayak gini sopan banget sunscreennya tavi dimana tuh kayak teknologi changingnya pakai aja bekas jogawa kemerahan tuh langsung pati tesamarekan kayak gini spa dilatihkan kamera bendabenda memproteksi kulit emang sih pas blend tuh langsung nyawa putaran kulit sekejap mata finishnya god ngasih efek kayak make up, makeup look cocok banget rumah sepak make sunscreen aman dibakai kulit pejerawat mengandungkan dungan fokusnya tuh menenangkan kulit highly highly recommended"
"Enak dan viral! Donat atis ini lagi rame banget di review nih! Ada yang bilang lembut, ada juga yang bilang kayak odading. Dari pada pusing mikirinnya, mending kita cari tahu aja yuk, berapa sih? Kalori donat? Satu donat kecil aja, ternyata mengandung 60 kalori loh! Apalagi, donat berukuran besar, kalorinya lebih tinggi sekitar 174 kalori. Itupun donat yang belum dikasih topping ya? Beda lagi, kalau donatnya udah dikasih meses atau gula halus, total kalorinya bisa mencapai 80 kalori donat kecil dan 194 kalori donat besar nih. Karena donat terbuat dari tepung dan digoreng pakai minyak, jadinya bikin tinggi lemak jenuh dan gula darah naik. Akibatnya bikin cepat lapar dan beben naik deh. Nah makanya sobal saya makan donat, secukupnya aja ya! Jangan lupa diikuti olahraga biar nggak obesitas. Jadi, ada yang udah beli donat viral ini? Bagi reviewnya di komentar ya!",0,"enak viral! donat atis rame banget review nih! bilang lembut, bilang kayak odading. pusing mikirinnya, mending cari aja yuk, sih? kalori donat? donat aja, mengandung kalori loh! apalagi, donat berukuran besar, kalorinya kalori. itupun donat dikasih topping ya? beda lagi, donatnya dikasih meses gula halus, total kalorinya mencapai kalori donat kalori donat nih. donat terbuat tepung digoreng pakai minyak, lemak jenuh gula darah naik. akibatnya cepat lapar beben deh. sobal makan donat, aja ya! lupa diikuti olahraga obesitas. jadi, beli donat viral ini? reviewnya komentar ya!"
ekspresi pendukung inter kira-kira kalau bisa de-ekspresikan mukanya seperti apa sekarang gimana? oh gitu begini begini ah gitu babak pertama kiko babak pertama kiko pas 2 kosong pas 2 kosong oh 1 kosong dulu 1 kosong gini 1 kosong oke 2 kosong 2 kosong hahahahahaha terus intipinti doang kalau inter kalau inter nyerang giluh hahahahahaha jangan kelihatan mamat tadi kan skornya 2 kosong ekspresinya nah sekarang dari 3 kosong gimana? 3 kosong? iya 3 kosong oh no mo udah no mo hahahahahaha udah begitu belum matiin ya jadi sambil denger-denger suara kalau ini 4 kosong ekspresinya seperti apa? tadi kan tidur gitu pas ke varadona parat tak oh matiinti dimatiin tv dia intipinti matiin tv mo matiin ac omatin tv,6,ekspresi pendukung inter kirakira deekspresikan mukanya gimana? gitu gitu babak kiko babak kiko pas kosong pas kosong kosong kosong gini kosong oke kosong kosong hahahahahaha intipinti doang inter inter nyerang giluh hahahahahaha mamat skornya kosong ekspresinya kosong gimana? kosong? iya kosong hahahahahaha matiin mendengarmendengar suara kosong ekspresinya apa? tidur gitu pas varadona parat matiinti dimatiin intipinti matiin matiin omatin
"Hai, hari ini kita punya produk terbaru dari The Origin Note yang mana adalah cushion gemus banget Dalamnya kayak gini dan gue dapet 3 warna padahal sebenarnya mereka ada 12 warna jadi harusnya lo akan bisa menemukan shade lo karena ini udah cukup banyak banget pilihannya Dan lo juga dapat pouch gemus banget bisa buat naro cushionnya atau naro apapun yang lo mau This is very cute and very very handy Jepit dulu biar gue nggak emosi ya Pakejinya kayak gini, nggak berisik sama sekali warnanya juga kalem banget Dan dalamnya tentunya ada kaca, ada puff-nya dan ada produknya Ini udah kotor karena udah saya pake Tapi buat nunjukin aja kalau pasti ada seggle-nya pas lo beli Jadi jangan khawatir Yang gue pake warnanya light neutral Seperti yang gue bilang warnanya ada banyak banget pilihannya So I'm sure you can find whichever shade you need Dipakainya juga gampang banget dan coverage-nya ada banget-bangetan I would say this has like a medium to full coverage Dan bener-bener bisa lo build sampai jadi bener-bener full Ini gue pake dikit doang, udah nutup luar biasa Ya nggak sih? Kekemerahan gue udah tertutupi semua, para banget Nama produknya sendiri adalah sih high cover serum cushion And I cannot agree more Karena ini bukan cuma cushion doang, emang ada skin care-nya Karena dia ada vitamin C, ada niacinamide dan ada rose-nya And I'm telling you, this smells like rose Maka gue suka banget, para Finishnya velvet matte, which is perfection Karena kayak bener-bener nggak dewy, nggak matte banget gitu Jadi pas di tengah-tengah, just like how you want your skin to look like Kayak keliatan agak lembab duwi sehat gitu Dan semuanya tercover dengan sempurna tanpa berasa berat So I'm assuming this can be used by all skin types Karena kayak pas di tengah-tengah gitu Gue udah selesai make upan dan ini masih keliatan duwi sehat dari dalam gitu Tapi masih mendutup sempurna dan gue tiba-nblush on segala macem juga nggak geser Semuanya masih tertutup full coverage dan masih nggak berasa berat I really really like this",3,"hai, produk terbaru origin note cushion gemus banget dalamnya kayak gini dapet warna warna menemukan shade banget pilihannya pouch gemus banget naro cushionnya naro apapun cute handy jepit emosi pakejinya kayak gini, berisik warnanya kalem banget dalamnya kaca, puffnya produknya kotor pake nunjukin aja segglenya pas beli khawatir pake warnanya light neutral bilang warnanya banget pilihannya sure find whichever shade need dipakainya gampang banget coveragenya bangetbangetan would say like medium full coverage benerbener build benerbener full pake dikit doang, nutup sih? kekemerahan tertutupi semua, banget nama produknya sih high cover serum cushion cannot agree cushion doang, emang skin carenya vitamin niacinamide rosenya telling you, smells like rose suka banget, finishnya velvet matte, perfection kayak benerbener dewy, matte banget gitu pas tengahtengah, like want skin look like kayak keliatan lembab duwi sehat gitu tercover sempurna berasa berat assuming used skin types kayak pas tengahtengah gitu selesai make upan keliatan duwi sehat gitu mendutup sempurna tibanblush macem geser tertutup full coverage berasa berat really really like"
"Teru banget bisa winter course ke Australia gini Siapa yang mau juga nih, konten videonya sampai habis ya Jangan lupa, Rajin skin kenan juga nih Pak ke rangkaian Wardah Perfect Bright Berry series ini Apalagi kalau cooling bright jelly fashion foam ini Itu udah sensasi dingin-dingin deh gitu loh, udah berasa lagi winter gitu Dengan-dengan 4 kali bright berries, wajah bakal glowing setiap saat Udah glowing ini jadi lebih fairer nih Berry bright ready to glow Buat kalian yang mau ke Australia juga nih yuk Ikutan Wardah Berry Bright Winter Course Caranya tuh gampang banget tinggal registrasi di link ini Bikin video challenge terus ikutin deh semua prosesnya Aku tahu ya kenapa kalian maju banget ikut Soalnya bakal banyak banget, manfaat dan hadiah menarik yang bisa kalian berpikir Jadi jangan sampai kelewatan ya, registrasi terakhirnya itu di February Sambal 3.23 Kutlappetis!",2,"teru banget winter course australia gini nih, konten videonya habis lupa, rajin skin kenan nih rangkaian wardah perfect bright berry series cooling bright jelly fashion foam sensasi dingindingin deh gitu loh, berasa winter gitu dengandengan kali bright berries, wajah glowing glowing fairer nih berry bright ready glow australia nih yuk ikutan wardah berry bright winter course tuh gampang banget tinggal registrasi link video challenge ikutin deh prosesnya maju banget banget, manfaat hadiah menarik berpikir kelewatan ya, registrasi terakhirnya february sambal kutlappetis!"
"Salamuala Raga, Jaya. Salamualaikum warahmatullahi wabarakatuh. Saya Lexindo Hakim, ketemu perbasi DKI Jakarta kepada seluruh teman-teman basket di Jakarta, masyarakat DKI Jakarta, anak basket DKI Jakarta. Kami memohon doa dan memohon dukungan. Semoga tim bola basket DKI Jakarta baik 55 putri dan putri, serta tri-x tri-putra dan putri bisa meraih mas pada gelaran pond Aceh Sumut 2024 mendatang karena Jakarta datang, Jakarta menang.",6,"salamuala raga, jaya. salamualaikum warahmatullahi wabarakatuh. lexindo hakim, ketemu perbasi dki jakarta temanteman basket jakarta, masyarakat dki jakarta, anak basket dki jakarta. memohon doa memohon dukungan. semoga tim bola basket dki jakarta putri putri, trix triputra putri meraih mas gelaran pond aceh sumut jakarta datang, jakarta menang."
"ini adalah suatu kendaraan di Gias yang jognya cukup keras dan gak bisa diatur maju mundur declining, sama sekali gak bisa ah tapi ada layar teka dan masing-masing kanan kiri dapet layar sendiri-seniri ada switches nya juga banyak, gak tau buat apaan modinya karbon ini namanya X-Peng S2 Sky Traveller adalah suatu mobil yang terbang ini lagi, ini lagi bukan mobil sih, ini drone yang bisa ngakut manusia lagi-lagi mundur gitu",6,"kendaraan giias jognya keras diatur maju mundur declining, layar teka masingmasing kanan kiri dapet layar sendiriseniri switches nya banyak, modinya karbon namanya xpeng sky traveller mobil terbang lagi, mobil sih, drone ngakut manusia lagilagi mundur gitu"
"Ini jatwal latihan full Bali Workout di rumah, Unitaurus. Untuk Workout ini kita hanya butuh 2 bottle air dan 1 handuk. Hari pertama dimulai dengan gerakan squats yang fokus ke tubuh banyang bawah, lalu push up untuk otot dada, bahu dan triceps. Next, Superman dengan handuk yang targetkan otot back, selanjutnya side raises untuk isolasi bahu bagian samping, lalu gerakan curls untuk otot biceps. Dan hari pertama ditutup dengan knee raises untuk menguatkan otot pro. Hari kedua dimulai dengan gerakan lungjes yang melatih otot kaki. Next, close grip push up yang lebih dominan otot triceps, lalu single reverse flies untuk bahu bagian belakang. Wide squats untuk otot kaki dan glutes. Selanjutnya triceps over at extension yang melatih otot triceps, dan hari kedua ditutup dengan plank. Hari ketiga dimulai dengan side lungjes yang fokus ke otot kaki. Next, wide grip push up yang lebih dominan otot dada, behind the next Superman untuk otot back, shoulder press untuk bahu bagian depan, reverse flies yang targetkan bahu bagian belakang, dan hari ketiga ditutup dengan reverse lungjes untuk otot kaki. Jatuh alat yang enggak ada di caption, so check it out.",4,"jatwal latihan full bali workout rumah, unitaurus. workout butuh bottle air handuk. gerakan squats fokus tubuh banyang bawah, push otot dada, bahu triceps. next, superman handuk targetkan otot back, side raises isolasi bahu samping, gerakan curls otot biceps. ditutup knee raises menguatkan otot pro. gerakan lungjes melatih otot kaki. next, close grip push dominan otot triceps, single reverse flies bahu belakang. wide squats otot kaki glutes. triceps extension melatih otot triceps, ditutup plank. ketiga side lungjes fokus otot kaki. next, wide grip push dominan otot dada, behind next superman otot back, shoulder press bahu depan, reverse flies targetkan bahu belakang, ketiga ditutup reverse lungjes otot kaki. jatuh alat caption, check out."
"kenapa orang-orang yang punya penyakit metabolik contoh diabetes hipertensi? kadang ngomongin seperti ini, coba tetap menerbaca dulu mereka bilang itu ga ada gejala gitu inilah menurut gua sinisternya itu penyakit-penyakit metabolik seperti diabetes hipertensi, obesitas, gincang gagal, liver luber masalah, dan segala macem karena perubahan gejalannya itu, dikit-dikit dalam jangka waktu yang tahunan berbeda dengan kalau kita itu contohnya batuk pilih, serangan tenggorokan itu dalam waktu beberapa jam, kita langsung tahu bahwa tenggorokan kita itu enak karena dalam waktu 12 jam, dalam waktu 24 jam, kita langsung demam jadi gejalannya itu drastis gitu sederhana kalau kita ngeliat penyakit metabolik, contoh bilang aja diabetes atau hipertensi gitu itu mulai gatel-gatel, terus mulai ngantukan, terus mulai sakit kepala terus dan kita itu punya alasan, nanti kita ngomongnya gini, ah enggak, dari dulu emang gua mulai gatel-gatel oh dari dulu mata gua itu mulai ada sedikit bermasalah gitu, emang dari dulu iya dari dulu emang kepala gua itu mulai-mulai sakit-sakit terus emang dari dulu itu gua agak sedikit ngantukan emang gua dari dulu itu emang apa, pengen kencingmu lu nah jadi sebenarnya itu gejalannya udah banyaknya luar biasa cuma karena terjadi dikit-dikit dalam tahunan kita itu anggap bahwa itu bukan sesuatu yang bermasalah sampai akhirnya lu kena stroke serangan jantung dan kondisi-kondisi yang lebih fatal gitu",6,"orangorang penyakit metabolik contoh diabetes hipertensi? kadang ngomongin ini, coba menerbaca bilang gejala gitu sinisternya penyakitpenyakit metabolik diabetes hipertensi, obesitas, gincang gagal, liver luber masalah, macem perubahan gejalannya itu, dikitdikit jangka tahunan berbeda contohnya batuk pilih, serangan tenggorokan jam, langsung tenggorokan enak jam, jam, langsung demam gejalannya drastis gitu sederhana ngeliat penyakit metabolik, contoh bilang aja diabetes hipertensi gitu gatelgatel, ngantukan, sakit kepala alasan, ngomongnya gini, enggak, emang gatelgatel mata bermasalah gitu, emang iya emang kepala mulaimulai sakitsakit emang ngantukan emang emang apa, kencingmu gejalannya banyaknya dikitdikit tahunan anggap bermasalah kena stroke serangan jantung kondisikondisi fatal gitu"
"Sebelumnya, pasertah top 10 move your hustle, business on the go competition sudah mempersentasikan proposal ide bisnisnya. Kini, juri akan berdiskusi untuk memilih pemenangnya. 10 ide bisnis, 3 juri ahli, satu misi mencari 3 terbaik. Kreativitasnya itu benar-benar diluar nalar. Banyak sekali ide-ide yang menurut saya itu bisa sangat mudah di aplikasikan dan bisa dibantu dengan gehadiran Wuling Mitra EV. Corelasi yang sangat menarik antara Wuling EV dengan bisnis-bisnis terserta tadi, misalkan bagaimana mengandalkan renewable energy, mengandalkan bagaimana sustainable environment. Overall semua desainnya menarik ya dan mereka itu punya utility masih ngasing, itu menjadikan omong-mongol ini unik, custom dan memang sudah disesuaikan dengan bisnisnya. Setelah melihat semua ide bisnis, akhirnya kami menemukan pemenangnya. Siapakah top 3 move your hustle? Tunggu pengumannya di 31 Juli pada saatias 2025.",4,"sebelumnya, pasertah top move hustle, business competition mempersentasikan proposal ide bisnisnya. kini, juri berdiskusi memilih pemenangnya. ide bisnis, juri ahli, misi mencari terbaik. kreativitasnya benarbenar diluar nalar. ideide mudah aplikasikan dibantu gehadiran wuling mitra ev. corelasi menarik wuling bisnisbisnis terserta tadi, mengandalkan renewable energy, mengandalkan sustainable environment. overall desainnya menarik utility ngasing, menjadikan omongmongol unik, custom disesuaikan bisnisnya. ide bisnis, menemukan pemenangnya. top move hustle? tunggu pengumannya juli saatias"
"jadi perempuan itu nggak deng, jadi perempuan itu seru banget eh tapi juga penutantangan harus kuat kerja keras tampil cantik sabar glowing all in one package selamat dikacak, nampir bagus dan dibalik itu semua gue percaya sih setiap perempuan tuh punya kehebatannya masing-masing nostaliga dikit nih dari kecil gue kalo beli sabun lax aja mikir-mikir tiap nonton iklannya di tv yang ada tuh selalu atak jubh gila, keren banget ya mereka dan akhirnya gue bisa jadi newsnya lax 100 years tau nggak guys, dari jam 6 pagi nih gue udah make up, tekstuit, lancar bahkan proper tisetnya tuh diatur biar pas buat gue udah gitu bisa satu sin bareng Erika Ricardo Dela Clarissa dan woman crush gue Luna Maya oh, MG, secakup itu dan super hamba definisi kewe alpha karena walaupun di hantam banyak cobaan tapi tetap bisa bersinar, acantic dan berdiri sendiri inspirasional banget ya kan akhirnya gue bisa menangin varian barunya lax magical orchid wanginya tuh mewah seksi alala cewek girl boss independent perpaduan wangi black orchid, spice dan amber beres mandi, wanginya tetep nempel thank you lax gue bakal dateng dan ngajakin temen-temen buat rayain bareng lax 100 years di jakarta x beauty tanggal 5 juli jam setengah 7 malam jus danan yang cantik, jangan sampai ketinggalan",6,"perempuan deng, perempuan seru banget penutantangan kuat kerja keras tampil cantik sabar glowing one package selamat dikacak, nampir bagus dibalik percaya sih perempuan tuh kehebatannya masingmasing nostaliga dikit nih beli sabun lax aja mikirmikir nonton iklannya tuh atak jubh sangat, keren banget newsnya lax years guys, jam pagi nih make up, tekstuit, lancar proper tisetnya tuh diatur pas gitu sin bareng erika ricardo dela clarissa woman crush luna maya oh, mg, secakup super hamba definisi kewe alpha hantam cobaan bersinar, acantic berdiri inspirasional banget menangin varian barunya lax magical orchid wanginya tuh mewah seksi alala cewek girl boss independent perpaduan wangi black orchid, spice amber beres mandi, wanginya tetep nempel thank lax dateng ngajakin temanteman rayain bareng lax years jakarta beauty tanggal juli jam malam jus danan cantik, ketinggalan"
"truthils lupa ha ya jela Glori, Glori! 15 kilo Bihe, ada unicornin's clothe. Bit Changsha, Beri linje한 Urup, personas ini kelompok Masa saya kena Maka's spiritually Kumpul bersama teman Kumpul bersama dan bersenang Senang",2,"truthils lupa jela glori, glori! kilo bihe, unicornins clothe. bit changsha, linje urup, personas kelompok kena makas spiritually kumpul teman kumpul bersenang senang"
"Jakarta Rebut Perak 6 Aerobik Dikai Jakarta memperoleh medali Perak 6 Aerobik pon Aceh Sumatra Utara. Berlangsung di gedung Serbaguna di Sporasu, Jalan Pancing, Deliserdang, Ninggu, 8 September 2024. Medali Perak Dikai Jakarta melalui triowulan Septiani, Gregorius Agum Iswarabawa, Budi Kirong. Menurut aku sih pertandingan ini sangat luar biasa ya, karena semua orang sudah berlatih lama dari 3 tahun sebelumnya sudah berjuang dan di hari ini kita harus mengawarkan sepaksimal mungkin untuk mendapatkan asian terbaik. Oke terima kasih untuk pertandingan hari ini, untuk kategori putranya. Saya menebarkan perang, terima kasih atas semua. Ini kerja keras dari kita bertiga sama-sama dan juga para pelati yang telah menemani kita 3 tahun ini dan juga pembindahan dari Koni Dikai Jakarta. Terima kasih. Jadi saya sendiri, Alhamdulillah, Shukur Alhamdulillah, sampai titik ini karena ini perjalanan yang cukup panjang 3 tahun dimana kita dibina di latih sama pelati yang memang luar biasa. Dan Alhamdulillah kita bisa mendapatkan perak di triowulan dan mudah-mudahan. Ini bisa memacu buat teman-teman kita di klub. Terima kasih. Terima kasih untuk para pelati dan teman-teman semua yang sudah dongong kami. Terima kasih. Pertandingan final minggu pagi disaksikan sekitar 200 penonton termasuk rombongan dari Koni Dikai Jakarta seperti Alwin Drahadian, Henki Silatang, Bayu Krisina, Yusran Arif, Hadameon Aritonang, dan staf lain. Untuk nomor perorangan Putra, medali Perat dirai atlet Dikai Jakarta Gregorius Agung Iswara Bawa diikuti atlet asal jam di aprilian Anggara yang mengunci medali perunggu. Terima kasih.",7,"jakarta rebut perak aerobik dikai jakarta memperoleh medali perak aerobik pon aceh sumatra utara. gedung serbaguna sporasu, jalan pancing, deliserdang, ninggu, september medali perak dikai jakarta triowulan septiani, gregorius agum iswarabawa, budi kirong. sih pertandingan ya, orang berlatih berjuang mengawarkan sepaksimal asian terbaik. oke terima kasih pertandingan ini, kategori putranya. menebarkan perang, terima kasih semua. kerja keras bertiga samasama pelati menemani pembindahan koni dikai jakarta. terima kasih. sendiri, alhamdulillah, shukur alhamdulillah, titik perjalanan dimana dibina latih pelati biasa. alhamdulillah perak triowulan mudahmudahan. memacu temanteman klub. terima kasih. terima kasih pelati temanteman dongong kami. terima kasih. pertandingan final minggu pagi disaksikan penonton rombongan koni dikai jakarta alwin drahadian, henki silatang, bayu krisina, yusran arif, hadameon aritonang, staf lain. nomor perorangan putra, medali perat dirai atlet dikai jakarta gregorius agung iswara bawa diikuti atlet jam aprilian anggara mengunci medali perunggu. terima kasih."
Emang ada di sini yang di rumah juga pakai sunscreen atau lagi masak pakai sunscreen Gak ngaruh Yang pertama di rumah itu gak pakai sunscreen itu gak masalah banget ya Apalagi kalau kalian tuh susah banget nyari sunscreen yang cocok di muka kalian gak usah Tapi kalau kalian mau keliatan fresh aja yang gak masalah lah ya pakai sunscreen tapi itu gak fungsi juga Setelah lagi kalian masak pakai sunscreen buat apa biar flagnya gak muncul itu juga gak ngaruh Kalian harus pakai maskar supaya nahan panasnya itu Kalau misalnya sunscreen doang tetap aja wapanasnya kena muka kan Jadi tetap aja memicu flagnya muncul lagi atau melas maklian muncul lagi Jadi pakai maskar ketika masak ya,4,emang rumah pakai sunscreen masak pakai sunscreen ngaruh rumah pakai sunscreen banget tuh susah banget nyari sunscreen cocok muka keliatan fresh aja pakai sunscreen fungsi masak pakai sunscreen flagnya muncul ngaruh pakai maskar nahan panasnya sunscreen doang aja wapanasnya kena muka aja memicu flagnya muncul melas maklian muncul pakai maskar masak
RAPED BERSAMA Komisi 10 DPR Ering Terkait Persetujuan Penambahan Anggaran Kemenporat tahun 2026 Kemenporat Kemenporat tahun 2026 Kemenporat Kemenporat tahun 2026 Kemenporat Kemenporat tahun 2026,6,raped komisi dpr ering terkait persetujuan penambahan anggaran kemenporat kemenporat kemenporat kemenporat kemenporat kemenporat kemenporat
"Kamu berada di dekat dan ingin menyerang lawan, berlipat adalah teknik. Volley forehand. Pertama, lakukan split step. Gerakan ke arah bola, usahkan memberat dikastikan nanda, tipok freket di atas, yang kan raked ke depan, lalu kontak dengan bola di depan tubuh. Lalu, lakukan follow-through seperti ini. Follow-in komen-common video, dan kasih tahu kita, ke submit apa lagi yang mau kalian lihat.",6,"menyerang lawan, berlipat teknik. volley forehand. pertama, lakukan split step. gerakan arah bola, usahkan memberat dikastikan nanda, tipok freket atas, raked depan, kontak bola tubuh. lalu, lakukan followthrough ini. followin komencommon video, kasih kita, submit lihat."
"Eh, eh, apa nih lucu banget ngelebar skin care gemes lagi? Yuk, kali ini dari Emina yang mau terjal. Ini tuh moisturizer Emina yang baru launching. Mubah satu-satu ya, yang pingin ini cocok buat kalian yang kulitnya kusat, hori purinnya besar, dan banyak bakas jerawat. Kalau aku oi liat neprons, suka banget sama yang kalming. Teksturnya clear gel, dia tuh rasanya adem banget di pulau. Jadi dia meranangkan kemerahan, mengurangi jerawat, dan mengurangi sebuah berlebihan. Nah, buat yang kulitnya kering, kadang sering mengelupas, aku saranin pakai yang bari yang rebalansi ngejalin. Jadi ini bakal mengunci kelembapan sampai 14 jam, dan memperbaiki skin barrier. Aku sudah selalu tulis ini tuh cuma ada 1000 pitchers. Jadi buat yang mau, kalian harus war 12-12 antik. Tanah sampai ketinggalan ya.",6,"eh, eh, nih lucu banget ngelebar skin care gemes lagi? yuk, kali emina terjal. tuh moisturizer emina launching. mubah satusatu ya, pingin cocok kulitnya kusat, hori purinnya besar, bakas jerawat. liat neprons, suka banget kalming. teksturnya clear gel, tuh adem banget pulau. meranangkan kemerahan, mengurangi jerawat, mengurangi berlebihan. nah, kulitnya kering, kadang mengelupas, saranin pakai bari rebalansi ngejalin. mengunci kelembapan jam, memperbaiki skin barrier. tulis tuh pitchers. ingin, war antik. tanah ketinggalan ya."
"mau ujan, mau panas, gak ada alasan karena bisa dilakukan di rumah. 4 sehat 5 gerakan yang bisa dilakukan body max dan wing bow. Yang pertama, chin, pulse buat latihan pundek kalian biar makin kuat memikul kehidupan. Yang kedua, kita sekuat kuatin kaki-kaki biar gak sering masuk benkel, John. abis kelar latihan bisa kita taruh di sela-sela ruang karena alat ini simple banget dan gak makan banyak space. Sikat John!",4,"ujan, panas, alasan rumah. sehat gerakan body max wing bow. pertama, chin, pulse latihan pundek kuat memikul kehidupan. kedua, sekuat kuatin kakikaki masuk benkel, john. habis kelar latihan taruh selasela ruang alat simple banget makan space. sikat john!"
"Assalamualaikum warahmatullahi wabarakatuh, saya Andrian Shah, kepala dinas pemuda dan olahraga provinsi Dk Jakarta mengajak seluruh masyarakat Jakarta untuk ikut mendukung dan mendoakan kontingen Dk Jakarta yang akan berjuang dalam perhelatan dan mengajak para limpia de nasional ke 17 tahun 2024. Semoga atlit-atlit Dk Jakarta selalu dalam keadaan sehat, kuat, penuh semangat sehingga dapat meraih prestasi yang terbaik. Selamat bertanding, Junjung Tinggi Sportivitas, sukses Jakarta untuk Indonesia. Assalamuala raga jaya, wabillahi topik wali daya, wassalamualaikum warahmatullahi wabarakatuh.",7,"assalamualaikum warahmatullahi wabarakatuh, andrian shah, kepala dinas pemuda olahraga provinsi jakarta mengajak masyarakat jakarta mendukung mendoakan kontingen jakarta berjuang perhelatan mengajak limpia nasional semoga atlitatlit jakarta sehat, kuat, penuh semangat meraih prestasi terbaik. selamat bertanding, junjung sportivitas, sukses jakarta indonesia. assalamuala raga jaya, wabillahi topik wali daya, wassalamualaikum warahmatullahi wabarakatuh."
"memasang kaca film untuk bullying bingo evi tidak boleh sembarangan pernah ada kejadian, customer pasang kaca film depan kemudian air menetes dalam celah dashboard masuk ke komponen elektroniknya dan mobilnya jadi error untungnya saya pasang kaca film bingo evi saya ini di solar guard dimana mekaniknya sudah terlatih semua dan aware mengenai masalah ini jadi alhamdulillah semuanya lancar, pemasangannya rapi dan mobil tidak ada tapi pasalah untuk kaca filmnya sendiri, saya pasang solar guard Black Phantom dengan kegelapan 40% untuk bagian samping dan belakang yang bikin tampilan mobil jadi keren untuk bagian depan, saya pasangkan solar guard premium LX 70 dengan kegelapan hanya 20% yang tidak mengganggu visibilitas dan penolakan panas kedua kaca film ini luar biasa bikin kabin sekarang jadi Adam kemudian kalau kabin Adam itu kinerjaasi yang menjadi lebih ringan dan untung-muntungnya pemakaian energi menjadi lebih kehemat Anda pengen Adam? pasang solar guard dan untuk keterangan lebih lanjut, silakan Anda ke Instagram solar guard id",4,"memasang kaca film bullying bingo evi sembarangan kejadian, customer pasang kaca film air menetes celah dashboard masuk komponen elektroniknya mobilnya error untungnya pasang kaca film bingo evi solar guard dimana mekaniknya terlatih aware alhamdulillah lancar, pemasangannya rapi mobil pasalah kaca filmnya sendiri, pasang solar guard black phantom kegelapan samping tampilan mobil keren depan, pasangkan solar guard premium kegelapan mengganggu visibilitas penolakan panas kaca film kabin adam kabin adam kinerjaasi ringan untungmuntungnya pemakaian energi kehemat adam? pasang solar guard keterangan lanjut, silakan instagram solar guard"
"ini adalah mobil paling kencang di Gias 2024 tenaga nya 1224 PS dan 0-100 kmh tuntas dalam 1,9 detik ini adalah hi-tech SSR Supercar Full Electric dari GAC Aion sudah dijual di Kiongkok tapi di Indonesia dipamerkan oleh Aion sebagai showcase teknologi mereka mobil ini memiliki baterai 74,68 kWh yang bisa melajukan hingga 500 km penggiraknya all-wheel drive dan untuk mengurangi bobot bodi setasasi terbuat dari carbon fiber bentar sebelum kita lanjutkan, AOS juga nih disana minum nggak? terima kasih Alhamdulillah segernya memang lebih seger kalau yang dari Pucuk jadi lebih seger lagi untuk menemani di Gias hmm apa lagi? Tepucuk ini adalah official T-Partnernya Gias terima kasih nih wow interiornya putur resist lihat ini panah-panah di atas dan untuk menutupi setiap setiap pencet satu tombol ada layar 14,6 inci untuk multimedia dan 8,8 inci untuk instrumentnya dan ini kursinya maju setelah pintunya menutup posisi berkendarnya rendah selayaknya Supercar ini layout nya driver focus dan materia-materia kabin dibuat dari bahan-bahan ramah ringkongan sayang sekali mobil ini belum dijual di Indonesia tapi setidaknya menunjukkan teknologi yang sudah dimiliki oleh GAC Aion",6,"mobil kencang giias tenaga nya kmh tuntas detik hitech ssr supercar full electric gac aion dijual kiongkok indonesia dipamerkan aion showcase teknologi mobil memiliki baterai kwh melajukan penggiraknya allwheel drive mengurangi bobot bodi setasasi terbuat carbon fiber bentar lanjutkan, aos nih disana minum tidak? terima kasih alhamdulillah segernya seger pucuk seger menemani giias hmm lagi? tepucuk official tpartnernya giias terima kasih nih wow interiornya putur resist lihat panahpanah menutupi pencet tombol layar inci multimedia inci instrumentnya kursinya maju pintunya menutup posisi berkendarnya rendah selayaknya supercar layout nya driver focus materiamateria kabin bahanbahan ramah ringkongan sayang mobil dijual indonesia teknologi dimiliki gac aion"
"gue D-Tennis Enfousiasnya ini gue dengan coach Andran Terandang dan kali ini gue akan membahas teknik kohen untuk newbie atau beginner gue jelasin dulu ya, abis ini ya oke, continental grip karena menghukulnya biasanya simpok dia mau ke dari tarik belakang terus ke depan tarik belakang terus ke depan jadi hanya linear ke depan nah yang kedua yang memang banyak nggak melakukan sekarang juga ya itu instant grip nah instant grip juga sama tarik belakang ke depan dan memang dia sama juga linear ke depan jadi ini baru bisa involokkan nah yang banyak dilakukan sekarang adalah semi-western semi-western grip jatuhnya angular ya keluar ya jadi tarik belakang keluar dan disetap dan ininya mengadap ke belasan dan yang terakhir western grip western grip namanya jarang pertama dia seke depan dan tarik sama juga seperti semi-western dan belakang ini, adap terus ke depan tetep ikutin gue terus ya video-video gue yang akan datang sampai jumpa lagi baik-baik sub indo by broth3rmax",6,"dtennis enfousiasnya coach andran terandang kali membahas teknik kohen newbie beginner jelasin ya, habis oke, continental grip menghukulnya simpok tarik tarik linear instant grip instant grip tarik linear involokkan semiwestern semiwestern grip jatuhnya angular tarik disetap ininya mengadap belasan western grip western grip namanya jarang seke tarik semiwestern ini, adap tetep ikutin videovideo jumpa baikbaik sub indo brothrmax"
Habis servis? Jangan diam! Kalian bisa langsung ngangkat raket dan kaki siap bergerak seperti ini ya? Gimana? Udah siap cobain dilapangan? Jangan lupa follow ya!,6,habis servis? diam! langsung ngangkat raket kaki bergerak ya? gimana? cobain dilapangan? lupa follow ya!
"Berenang adalah warna yang paling menyenangkan dan sangat efektif Sebelum kita belajar tentang beberapa gaya dalam berenang Angkah baiknya kita belajar tentang teknik dasar dalam berenang Berikut ada beberapa step untuk belajar tentang teknik dasar berenang Teknik pertama adalah teknik berenafas Teknik berenafas ini bisa disebut dengan bubble Teknik berenafas bisa dilakukan dengan tarik nafas dari mulut Jadi di dalam air bisa dibuang lewat hidung Yang kedua, teknik meluncur Teknik meluncur bisa dilakukan dengan posisi tangan streamline Kemudian kaki menendang ke dinding kolam Lakukan gerakan untuk meluncur ke depan Yang ketiga, teknik kaki Teknik kaki ini bisa kalian lakukan untuk kemula belajar tentang kaki gaya bebas Ataupun bagaimana kalian melakukan tentang kaki gaya dada Teknik dasar yang keempat adalah teknik tangan Teknik tangan untuk kemula, kalian bisa belajar terlebih dahulu Dengan melakukan tangan gaya bebas Ataupun dengan tangan gaya dada Buat kalian yang mau tahu lebih lanjut atau mau belajar renang Untuk pemula atau punya baru Bisa bergabung di Bina Renang Tangka Spot Center",7,"berenang warna menyenangkan efektif belajar gaya berenang angkah baiknya belajar teknik dasar berenang step belajar teknik dasar berenang teknik teknik berenafas teknik berenafas bubble teknik berenafas tarik nafas mulut air dibuang hidung kedua, teknik meluncur teknik meluncur posisi tangan streamline kaki menendang dinding kolam lakukan gerakan meluncur ketiga, teknik kaki teknik kaki lakukan kemula belajar kaki gaya bebas kaki gaya dada teknik dasar keempat teknik tangan teknik tangan kemula, belajar tangan gaya bebas tangan gaya dada belajar renang pemula bergabung bina renang tangka spot center"
"Hati-hati! Genzit bisa terkenakan kanker loh, kok bisa? Iya, bisa! Jenis kankernya disebut kanker kolorektal. Merupakan kanker yang berasal dari usus besar, kemudian bisa menyebar ke dalam rektum dan sebaliknya. Bukan hanya golongan usia tua, jenis kanker ini bisa menyerang usia muda juga nih. Mayoritas penyebabnya pun karena gaya hidup tidak sehat, kurang aktivitas fisik dan pola makan tidak seimbang. Gejalah kanker ini ditandai dengan perubahan pola buang air besar, darah dalam vases, berat badan turun dan perut begah, serta nyeri. Masih muda nggak mau terkena kanker kan? Makanya yuk, ubah pola makan dan hidup kamu lebih sehat ya!",6,"hatihati! genzit terkenakan kanker loh, bisa? iya, bisa! jenis kankernya kanker kolorektal. kanker berasal usus besar, menyebar rektum sebaliknya. golongan usia tua, jenis kanker menyerang usia muda nih. mayoritas penyebabnya gaya hidup sehat, aktivitas fisik pola makan seimbang. gejalah kanker ditandai perubahan pola buang air besar, darah vases, berat badan turun perut begah, nyeri. muda terkena kanker kan? yuk, ubah pola makan hidup sehat ya!"
"Sekarang tidak pernah ada mengukur kecerdasan guru, mengukur kompetensi guru dari lulusannya. Di uji kompetensinya dari apa? Dari administrasinya, nulis absennya bener atau tidak? Engga ada tes. Ada tapi tesnya ngacok. Soal untuk mengetes guru tidak berkompeten. Orang soalnya masih ada panggiran di penuh guru meninggal pada tahun. Dan guru di bimbal selalu lebih baik daripada guru di sekolah. Apa karena itu mereka memang lebih sejatra juga ya? Karena guru di bimbal dipaksa untuk mengajar. Sedangkan guru di sekolah dipaksa jadi tata usaha. Temen saya, guru gak pernah masuk kelas karena sibuk untuk ngurusin administrasi. Dan dia karena administrasinya lengkap, dia dinobatkan guru paling favorit dan guru terbaik di kelasi. Ya di sekolah. Fakta. Gini nih pendidikan itu bukan untuk kerja. Pendidikan itu untuk meningkatkan kualitas diri sampai kita layak untuk orang-orang maksa kita bekerja sama dengan mereka. Setuju sih soalnya itu. Isalnya dikasih power dan juga bisa ngerubah pendenggakan hukum atau sistem pendidikan di Indonesia. Hal pertama yang bakal dilakuin tuh apa? Bikin ormas.",0,"mengukur kecerdasan guru, mengukur kompetensi guru lulusannya. uji kompetensinya apa? administrasinya, nulis absennya bener tidak? engga tes. tesnya ngacok. mengetes guru berkompeten. orang panggiran penuh guru meninggal tahun. guru bimbal guru sekolah. sejatra ya? guru bimbal dipaksa mengajar. guru sekolah dipaksa tata usaha. teman saya, guru masuk kelas sibuk ngurusin administrasi. administrasinya lengkap, dinobatkan guru favorit guru terbaik kelasi. sekolah. fakta. gini nih pendidikan kerja. pendidikan meningkatkan kualitas layak orangorang maksa mereka. setuju sih itu. isalnya dikasih power ngerubah pendenggakan hukum sistem pendidikan indonesia. dilakuin tuh apa? ormas."
"Sempol, sempol, sempol, sempol, sempol, sempol Carpegus sama keseh Sebenernya sempol lebih banyak dari ini ya, tapi ini doang yang aku simpen Mau buat apa sih, Mitasha Farasya? Cara pembuatan produk ini Skin Merge, Matzi, Boosting Retinol, Chroma Version Dan selain yang di aku, di sini juga ada campur tangan dokter Abelina Alias dokter Inko, Mitasha Pematosi Dan pasti ini juga sama tim Skin Merge Jadi kalian bisa bayangin guru haranya kayak gimana, kayak Duar! Finally produk ini release Dan ternyata banyak banget yang suka Tapi mas 1-1 masalahan yang ini tuh PO Mulu Tahu ga kenapa PO Mulu? Karena setiap mau reorder lagi, mereka itu uji lab lagi Jadi kualasannya, antriannya tuh kanjang banget untuk mendapatkan produk ini Dan sebelum kita bahas-bilang, jut aku mau kasih lihat dulu hasil uji labnya Btw, kenapa ini uji retinol? Karena di Indonesia belum ada uji retinol ya Dan ini adalah hasil uji di manusianya Meretikan sekarang kenapa produk ini gong banget Selain itu, aku itu bener-bener concern banget sama tekstur dari produknya Karena menurut aku Skin Care itu selain ingredientsnya, teksturnya itu juga mempengaruhi banget Kalau teksturnya bisa melembapkan buat kenyal, tuh efek memuaskannya lebih dapet gitu Nah, kalian harus lihat teksturnya si Endok ini Aku minta teksturnya dia tuh bener-bener kayak gel yang dikit gitu Biar apa? Biar kulit kalian tuh terasa banget glowing, shimmering, splendidnya pada saat memakai Dan di pagi hari pada saat bangun tidurnya itu, kulit kalian akan tetap glowing, shining, shimmering, splendid Lihat dulu aku before, udah sehat banget ya, udah healthy banget Karena aku juga pake selama ini, dan sekarang aku akan aplikasiin Ini agak dramatis sambilnya ngosok baik ini ya temen-temen Pertikan kenapa aku pilih teksturnya seperti ini Biar kalian tuh bisa mendapatkan glass skin effect gitu dari teksturnya Selain disini adalah retina, pastinya yang 11 kali lebih poten dari retino Dan harganya cuma 100 ribu, disini tuh juga ada beberapa ingredient selain yang di infuse ya Biar bisa membantu melembapkan kulit, menambahkan efek mencerahkan kulit dan menyamarkan noda-noda hitam Jadi ini tuh ditujukan untuk siapa, hampir untuk semua jenis kulit Yang pertama buat kalian yang punya bakar jerawat, flak, ada tanda-tanda penuaan, keriput kulitnya kusam Kalian semua bisa pake ini Disini tuh ada niacinamide, alfaarbutin, haraguna ekstra, pedium hyaluronat, romabrai Dan masih banyak ingredients lain yang di infuse disini, walaupun memang main fokusnya itu adalah retinalnya Jadi bener-bener ini adalah moisturizer yang diciptakan untuk multi-function Jadi kesimpulan akhirnya apakah ini tasha-tasha approf, buka tasha-tasha approf lagi Ini ada tasha-tasha blog, karena selain aku pake dan ini hasil penggunaan aku Aku juga involved dalam produk ini ya Jadi aku penasaran banget pendapat kalian gimana setelah mencoba produk ini Kalian bisa banget komen di bawah gimana hasilnya menurut kalian dan gimana teksturnya Terenang saran banget aku menurut kalian gimana Suka gak sih teksturnya moisturizer yang kayak gini? Kalian bisa komen di bawah, oke?",6,"sempol, sempol, sempol, sempol, sempol, sempol carpegus keseh sebenernya sempol ya, doang simpen sih, mitasha farasya? pembuatan produk skin merge, matzi, boosting retinol, chroma version aku, campur tangan dokter abelina alias dokter inko, mitasha pematosi tim skin merge bayangin guru haranya kayak gimana, kayak duar! finally produk release banget suka mas masalahan tuh mulu mulu? reorder lagi, uji lab kualasannya, antriannya tuh kanjang banget produk bahasbilang, jut kasih lihat hasil uji labnya btw, uji retinol? indonesia uji retinol hasil uji manusianya meretikan produk gong banget itu, benerbener concern banget tekstur produknya skin care ingredientsnya, teksturnya mempengaruhi banget teksturnya melembapkan kenyal, tuh efek memuaskannya dapet gitu nah, lihat teksturnya endok teksturnya tuh benerbener kayak gel dikit gitu apa? kulit tuh banget glowing, shimmering, splendidnya memakai pagi bangun tidurnya itu, kulit glowing, shining, shimmering, splendid lihat before, sehat banget ya, healthy banget pake ini, aplikasiin dramatis sambilnya ngosok temanteman pertikan pilih teksturnya tuh glass skin effect gitu teksturnya retina, pastinya kali poten retino harganya ribu, tuh ingredient infuse membantu melembapkan kulit, efek mencerahkan kulit menyamarkan nodanoda hitam tuh siapa, jenis kulit bakar jerawat, flak, tandatanda penuaan, keriput kulitnya kusam pake tuh niacinamide, alfaarbutin, haraguna ekstra, pedium hyaluronat, romabrai ingredients infuse disini, main fokusnya retinalnya benerbener moisturizer diciptakan multifunction kesimpulan tashatasha approf, buka tashatasha approf tashatasha blog, pake hasil penggunaan involved produk penasaran banget pendapat gimana mencoba produk banget komen gimana hasilnya gimana teksturnya terenang saran banget gimana suka sih teksturnya moisturizer kayak gini? komen bawah, oke?"
"ini bukan ceroki bukan karena grillnya ada 10, bukan 7 tapi kelihatan sini karena ini adalah Mogi Picang Jeep Komance tunggu videonya di channel Komogi",6,ceroki grillnya mogi picang jeep komance tunggu videonya channel komogi
"Hi guys, I just got a present from Baddinscarves and I cannot wait to unbox this with you guys. First of all, packaging is super special and feels so exclusive. Okay, let's see what's inside. I'm very excited to see what's inside. Ah, look at this bag! It's so cute! I love it! It's so cute! There's some hand-painted butterflies on it. And this is the lucky star. The design is so cute. It's so me. I absolutely love the color also because I really like the neutral color. I mean, who doesn't want to have this cute bag? Thank you so much Baddinscarves for the present. I love it!",4,"guys, got present baddinscarves cannot wait unbox guys. first all, packaging super special feels exclusive. okay, lets see whats inside. excited see whats inside. ah, look bag! cute! love it! cute! theres handpainted butterflies it. lucky star. design cute. me. absolutely love color also really like neutral color. mean, doesnt want cute bag? thank much baddinscarves present. love it!"
"ini adalah X-Force SUV compact dari Mitsubishi yang dirakit di Indonesia selain bentuknya menarik, X-Force ini dalam keadaan standar sudah mendapatkan kaca film OEM Solar Guard Black Phantom artinya dari line-up premium mereka dan untuk itu saya ucapkan selamat untuk Solar Guard yang kembali dipercaya oleh Mitsubishi menjadi kaca film OEM mobil mereka dan itu adalah berita baik untuk konsumen dari X-Force karena Solar Guard terkenal memiliki penolakan panas yang sangat baik juga memberikan tampilan mobil yang menjadi lebih keren dan mewah serta menjaga privacy apalagi dengan garansi 5 tahun membuat berkendara menjadi aman dan hatinya man mobil yang fenomenal dengan kaca film yang fenomenal pengen adem, iya pakai Solar Guard",4,"xforce suv compact mitsubishi dirakit indonesia bentuknya menarik, xforce standar kaca film oem solar guard black phantom lineup premium ucapkan selamat solar guard dipercaya mitsubishi kaca film oem mobil berita konsumen xforce solar guard terkenal memiliki penolakan panas tampilan mobil keren mewah menjaga privacy garansi berkendara aman hatinya man mobil fenomenal kaca film fenomenal adem, iya pakai solar guard"
"kalian tau asli kalo rutin jalan kaki 8-12 ribu langkah per hari atau lebih setiap harinya itu bisa menurunkan resiko kematian sampai 50% dibandingin sama orang yang jalan kaki yang kurang dari 3500 langkah per hari ini ada studi yang dari Ahepaluk DKK tahun 2022 yang membandingkan 15 studi yang berbeda dari berbagai negara makanya sejak 1925 sampai sekarang jemba langkah ku perharinya segini nih rata-ratanya yuk share video ini ke orang-orang cerita kalian biar pada mulai jalan kaki yang agak jauhan dikit gitu 5000 langkah dulu pun gapapa yang penting mulai aja dulu oke, stay hard",4,"asli rutin jalan kaki ribu langkah harinya menurunkan resiko kematian dibandingin orang jalan kaki langkah studi ahepaluk dkk membandingkan studi berbeda negara jemba langkah perharinya segini nih rataratanya yuk share video orangorang cerita jalan kaki jauhan dikit gitu langkah gapapa aja oke, stay hard"
"Di boot cooling Gias 2025 ini ramai sekali, karena baru saja kita melakukan pengumuman pemenang dari pembentisi business move your hustle bersama Wuling Mitra IV Ya, ini artisiasmennya luar biasa banget menurut saya Minggu lalu kita tuh melakukan penjuriat Itu lebih kayak investor day Jadi kayak ayo invest di tempat kita, karena menyakitkan semua Selamat japan ya Da-dah Kebetulan saya adalah jurinya dan kemarin Sekitar beberapa minggu lalu kita sudah melakukan penjuriat itu seru banget Kayak investor day dibandingkan sebuah kompetisi business Rasanya kayak kita pakai chip in ke dalam Di sini kita juga bisa lihat Wuling Mitra IV yang sudah dimodifikasi sesuai dengan kebutuhan business anda Gue berharap dengan rekompetisi ini, itu bisa memutulkan pesa-pesa baru yang gak cuma mikir businessnya keren doang, tapi juga se-state dan bisa berkembang di Jakap Anjan Jangan lupa buat teman-teman yang penasaran dengan Wuling Mitra IV Bisa cek web satunya Wuling di Wuling.id",4,"boot cooling giias ramai sekali, pengumuman pemenang pembentisi business move hustle wuling mitra ya, artisiasmennya banget minggu tuh penjuriat kayak investor day kayak ayo invest kita, menyakitkan selamat japan dadah jurinya kemarin minggu penjuriat seru banget kayak investor day dibandingkan kompetisi business kayak pakai chip lihat wuling mitra dimodifikasi sesuai kebutuhan business berharap rekompetisi ini, memutulkan pesapesa mikir businessnya keren doang, sestate berkembang jakap anjan lupa temanteman penasaran wuling mitra cek web satunya wuling wuling.id"
"Glory, glory, give it to people! Baru selesai ngerjain program latihan 10 kilo pagi ini Enak banget meskipun cuma iziran Gue yakin sih banyak yang bilang ya elah lari pagi-pagi Lebih penting ngerjain yang lain Mungkin lari itu gak begitu penting buat sebagian orang Tapi buat gue analoginya adalah ketika hal kecil Mampulu bisa selesai kan di pagi hari Artinya kesuksesan hari itu semakin besar terasa Buh, gue okil gak tuh analogi yang amazing Sama halnya dengan MU nanti malam Kalau hal kecil gak mampu diselesaikan nanti malam Jangan pernah berharap bicara liga champion sesen depan Bener gak? iyalah Lawannya kan MU hal kecil itu buat MU John Mas, mas, emang MU itu gak ingin sepatu lagi? Sshh, jangan ngomongin posisi!",2,"glory, glory, give people! selesai ngerjain program latihan kilo pagi enak banget iziran sih bilang elah lari pagipagi ngerjain lari orang analoginya mampulu selesai pagi kesuksesan buh, okil tuh analogi amazing halnya malam diselesaikan malam berharap bicara liga champion sesen bener tidak? iyalah lawannya john mas, mas, emang sepatu lagi? sshh, ngomongin posisi!"
"Tips ini akan membantu kalian untuk belajar bernang Yuta, let's go! Kalian lagi belajar bernang Coba yang tips ini guys Ini paling penting kalau lagi belajar bernang Yuta, let's go! Yang pertama kalian kuasain dulu benar-benar bubbling guys Caranya ambil nafas dari mulut Di bawah keluarin pakai idung Karena bubbling itu salah satu peranan paling penting Kalo kalian lagi bernang biar nggak keselak guys Lanjut latihan body position juga guys Jadi lurusin tahan kalian dan relax Lalu sambil latihan bubbling guys Boleh sambil latihan kaki juga guys Saksibu kebebas atau mupun kaki gede ada Next latihan ambil nafas kesamping guys Jadi kalo kalian lagi ambil nafas Gerakin badan kalian sampe miring seperti ini guys Nah kenapa badan harus gerak Agar memudahkan nafas kalian guys Jadi nggak usah tinggi tinggi ambil nafasnya Cukup kalian tengokin aja sedikit Sampai pelipis dan telinga kalian nyentuh di air guys Gampang kan? Terima kasih kalau kalian nonton kembangan Bermant Fat Coba komen di bawah tips apa lagi guys Yuta, let's go!",4,"tips membantu belajar bernang yuta, lets go! belajar bernang coba tips guys belajar bernang yuta, lets go! kuasain benarbenar bubbling guys ambil nafas mulut keluarin pakai idung bubbling salah peranan bernang keselak guys latihan body position guys lurusin tahan relax latihan bubbling guys latihan kaki guys saksibu kebebas mupun kaki gede next latihan ambil nafas kesamping guys ambil nafas gerakin badan sampe miring guys badan gerak memudahkan nafas guys ambil nafasnya tengokin aja pelipis telinga nyentuh air guys gampang kan? terima kasih nonton kembangan bermant fat coba komen tips guys yuta, lets go!"
"Harga Mitsubishi Destinator akhirnya diungkannya di Gias 2025 Dan harganya mulai dari Rp385 juta saja Kalian sudah bisa mendapatkan mesin C500CC Turbo dan transmisi CVT Automatic Kalau pengen yang lebih tinggi, tipe Exit itu di Rp405 juta Dan tipe Ultimate yang tertinggi itu di Rp465 juta Nah, ada juga varian yang premium Dimana harganya Rp30.5 juta dibandingkan dengan tipe Ultimate biasa Nah, ini kebetulan kita masuk ke dalam yang Ultimate Premium Bidaknya apa saja, kalau Ultimate Premium kita dapat Power Backdoor Terus dapat Electric Seat Sama, audio-nya sudah pakai Yamaha Premium Sound Tapi, kalau kalian beli Mitsubishi Destinator Solar Guard sudah dipercaya Mitsubishi untuk menjadi kaca film OEM dari Mitsubishi Destinator Jadi, langsung dapat kaca film Solar Guard yang bisa bikin Adam dan tampilan mobil jadi lebih keren Solar Guard sendiri merupakan bagian grup dari Sain Gobet Yang Bruce Yang sudah lebih dari 360 tahun Sedangkan, Solar Guard sendiri di Indonesia sudah 30 tahun lebih ada di sini Solar Guard sendiri memberikan garansi 5 tahun Udah gitu, dia ada banyak, ada di 76 kota di Indonesia Dan ada 167 outlet yang bisa kalian datang Jadi, gimana? Asik kan? Sudah pembilihan Destinator, sudah langsung dapat kaca film Solar Guard Ready to feel comfortable to your next destination",7,"harga mitsubishi destinator diungkannya giias harganya juta mesin turbo transmisi cvt automatic tinggi, tipe exit juta tipe ultimate tertinggi juta nah, varian premium dimana harganya rp. juta dibandingkan tipe ultimate nah, masuk ultimate premium bidaknya saja, ultimate premium power backdoor electric seat sama, audionya pakai yamaha premium sound tapi, beli mitsubishi destinator solar guard dipercaya mitsubishi kaca film oem mitsubishi destinator jadi, langsung kaca film solar guard adam tampilan mobil keren solar guard grup sain gobet bruce sedangkan, solar guard indonesia solar guard garansi gitu, banyak, kota indonesia outlet jadi, gimana? asik kan? pembilihan destinator, langsung kaca film solar guard ready feel comfortable next destination"
"Hai, di video kali ini aku mau nunjukkan proses kreaterapi pada ikan biasanya kreaterapi digunakan untuk treatment pada kulit manusia atau mamalia karena pada ikan seri sekali ada tonjolan pada bagian kulit yang sangat sulit hilang jadi aku memakai metode kreaterapi ini pada ikan di luar negeri metode ini sudah digunakan dari lama di Indonesia sepertinya baru aku yang menggunakan metode ini untuk ikan jadi kreaterapi adalah tindakan medis yang menggunakan suhu dingin yang ekstrim untuk membekukan dan mengangkat jaringan abnormal cairan yang digunakan ini adalah nitrogen cair ya jaringan abnormal seperti ini yang tumbuh pada kulit ikan biasanya akan tumbuh kembali walaupun sudah dipotong menggunakan gunting atau skalpel itulah mengapa penggunaan metode kreaterapi ini aku rasa sangat cocok aku gunakan untuk mengangkat jaringan abnormal pada ikan keuntungan metode ini sebenarnya banyak banget loh bisa mengurangi respon rada, mengurangi pendarahan dan menurut jurnal ikannya juga merasa tidak terlalu sakit tapi selama proses pengobatan berjalan ikan tetap aku bius ya setelahnya pun aku tetap memberikan obat-obatan seperti antibiotik, antiradang dan vitamin setelah ikannya sadar ikannya langsung swim happily semoga tonjolannya udah gak tumbuh-tumbuh lagi ya ikan",7,"hai, video kali nunjukkan proses kreaterapi ikan kreaterapi treatment kulit manusia mamalia ikan seri tonjolan kulit sulit hilang memakai metode kreaterapi ikan negeri metode indonesia metode ikan kreaterapi tindakan medis suhu dingin ekstrim membekukan mengangkat jaringan abnormal cairan nitrogen cair jaringan abnormal tumbuh kulit ikan tumbuh dipotong gunting skalpel penggunaan metode kreaterapi cocok mengangkat jaringan abnormal ikan keuntungan metode banget loh mengurangi respon rada, mengurangi pendarahan jurnal ikannya sakit proses pengobatan berjalan ikan bius setelahnya obatobatan antibiotik, antiradang vitamin ikannya sadar ikannya langsung swim happily semoga tonjolannya tumbuhtumbuh ikan"
"G-Class yang di belakang saya ini sudah jauh lebih ekstrim Tiatampilannya seperti ini Body ini doff dan dipenuhi dengan carbon fiber Bahkan panel ini lebih lancar dibandingkan G-Class biasa Lihat betapa ekstrimnya ada spoiler di belakang Banyak 24 inch Dan ini penampilannya jauh lebih ekstrim dibandingkan G-Class biasa Jadi ini adalah Mercedes-AMG G63 Mansory Gronos Evo S Bagian dalamnya juga dipenuhi dengan carbon fiber Carbon fiber kemudian dengan kulit yang kualitas tinggi motive diamond Dan kursinya bilang di sebelah kanan hitam, di sebelah kiri putih Ini adalah kenal potnya dan sekarang kita dengerin suaranya Eh, bukan cuma suaranya yang sangat tapi di serangan mesin itu jauh Karena Jumlah- bolts V8, kilometers 4000 ccyang sekarang sudah mengeyas Rendah 900hp dan torsi 120050Nm 0-100 dalam 3,3 detik ya sepertinya ini adalah G-Class yang paling ekstrim yang ada di Indonesia sekarang kalau anda ingin keterangan lebih lanjut mengenai mobil ini silakan datangin Instagramnya, Evans Motor",6,"gclass ekstrim tiatampilannya body doff dipenuhi carbon fiber panel lancar dibandingkan gclass lihat betapa ekstrimnya spoiler inch penampilannya ekstrim dibandingkan gclass mercedesamg mansory gronos evo dalamnya dipenuhi carbon fiber carbon fiber kulit kualitas motive diamond kursinya bilang sebelah kanan hitam, sebelah kiri putih kenal potnya dengerin suaranya eh, suaranya serangan mesin bolts kilometers ccyang mengeyas rendah torsi detik gclass ekstrim indonesia keterangan mobil silakan datangin instagramnya, evans motor"
"Pengen punya mobil istrik tapi nggak mau ngecas-kecas pas lagi keluar kota Nah, ini dia jawabannya JQJ8RD Super Hybrid System Dia adalah SUV yang besar, mewah, nyaman Plot bodinya, wah tebel Perendaman kabinet juga numero uno Nah, jadi pertanyaan yang mau bersegera gini, pasti lemot dong, nggak 0-100 ya, tutas dalam waktu 5.4 detik saja Wow, kenceng banget Kalau misalkan kita cas, dia bisa jalan 200 km Tanpa menggunakan bensin sama sekali, hanya baterai saja Jadi buat dalam kota, dia kayak mobil istrik Tapi kalau misalkan kita tiba-tiba mendadak, ada urusan keluar kota Atau kita misalkan, aduh, lupa semalam nggak ngecas Gak bisa jalan dong, tenang Dia bisa diisi bensin, dan kalau misalkan bensinnya full dan baterainya full Itu bisa sampai sehingga 300 kilo, sekali penuh Nah, kenapa bisa gitu? Karena dia punya mesin hybrid yang irid Dia ada satu mesin bensin, dan ada 3 motor listriknya Di gias ini juga ditampilin model yang mudah dimodifikasi Tuh lihat, dia pekembang ekstrim, depannya dikasih besi lagi sama lampu Terus diatasnya dikasih roof rack sama ada roof boxnya Keren banget kan, tapi ini nggak cuma sekedar cosplay Karena dia bisa overwrite beneran, dia punya penggerak all wheel drive Dengan sistem artist yang didesain sama jaguar land rover Terus, nggak cuma itu doang, dia juga punya drive mode yang banyak Plus suspensinya, nyaman sekali karena dia pakai suspensi CDC Magnetic Suspension Pop kan? Dan kalau misalkan kalian pakai ini full listrik, dia juga punya Jko G5 Dan bisa dipesan dari sekarang Dia nggak cuma ganteng, tapi tenangannya besar, kayak J8 Engine powernya 142 PS, motor powernya 203 PS Dan torsi enginenya itu 215 jm karena pakai turbo Dan motor listriknya punya torsi 310 jm Tak cuma itu, harganya juga lebih terjangkau J8 harganya 850 juta rupiah Kalau yang ini, harganya 499,9 juta rupiah saja Dan di gis ini kita nggak cuma bisa lihat-lihat mobilnya aja Tapi bisa test drive juga Yuk, kita langsung ke tempat test drive Bicuk banget, udah habis 8.000 Ini kayaknya bisa 100 kalau kita kanjutin Aman nggak ya kalau kita kebanjir-banjiran, kena air, ada EV water obstacle Apaan dong? Betul saja Jadi buat teman-teman bisa langsung aja ke Hall 9 SBSD Selama gas berlangsung dan datengin bootnya Jko DCD",7,"mobil istrik ngecaskecas pas kota nah, jawabannya jaecoo super hybrid system suv besar, mewah, nyaman plot bodinya, tebel perendaman kabinet numero uno nah, bersegera gini, lemot dong, ya, tutas detik wow, kenceng banget cas, jalan bensin sekali, baterai kota, kayak mobil istrik tibatiba mendadak, urusan kota misalkan, aduh, lupa semalam ngecas jalan dong, tenang diisi bensin, bensinnya full baterainya full kilo, penuh nah, gitu? mesin hybrid irid mesin bensin, motor listriknya giias ditampilin model mudah dimodifikasi tuh lihat, pekembang ekstrim, depannya dikasih besi lampu diatasnya dikasih roof rack roof boxnya keren banget kan, sekedar cosplay overwrite beneran, penggerak wheel drive sistem artist didesain jaguar land rover terus, doang, drive mode plus suspensinya, nyaman pakai suspensi cdc magnetic suspension pop kan? pakai full listrik, jko dipesan ganteng, tenangannya besar, kayak engine powernya ps, motor powernya torsi enginenya pakai turbo motor listriknya torsi itu, harganya terjangkau harganya juta rupiah ini, harganya juta rupiah gis lihatlihat mobilnya aja test drive yuk, langsung test drive bicuk banget, habis kayaknya kanjutin aman kebanjirbanjiran, kena air, water obstacle dong? temanteman langsung aja hall sbsd gas datengin bootnya jko dcd"
"Selama ini aku kemana aja, baru nemui hidden gel face wash lokal yang bikin cerah instan Setiap hari aku tuh kena debu dan polusi, kulit jadi makin kusam dan berminyak Sejujur aku tuh butuh face wash yang bukan cuma bersihin, tapi juga ngelindungi dan biasanya aku pakai brand luar Tapi pas nemui brand lokal ini, gak bercaendah beda banget sih hasilnya, nih aku tunjukin Aku mau pakai dulu ya, di wardah C.D.Fan's Vitamin C plus Panteneau Dia ini gentle creamy wash yang bisa ngelindungi kulit dari polusi plus cerahin kulit Berbeda-beda sesuai kebutuhan aku Nah ini udah aku bilang, biar cuma dipurifying tapi langsung kerasa segar dan lembab Dan yes ini gak bikin kulit kering ketari, buat kamu yang lagi seragal sama kulit kusam This is your sign, upgrade face wash kamu",6,"kemana aja, nemui hidden gel face wash lokal cerah instan tuh kena debu polusi, kulit kusam berminyak sejujur tuh butuh face wash bersihin, ngelindungi pakai brand pas nemui brand lokal ini, bercaendah beda banget sih hasilnya, nih tunjukin pakai ya, wardah c.d.fans vitamin plus panteneau gentle creamy wash ngelindungi kulit polusi plus cerahin kulit berbedabeda sesuai kebutuhan bilang, dipurifying langsung kerasa segar lembab yes kulit kering ketari, seragal kulit kusam sign, upgrade face wash"
"tau kenapa saya ga suka mobil ini harganya berapa? harganya berapa? yang menurut atau metik? yang metik itu 530 470 kan? oh iya 470 apa? 530 itu apa? salarga ok, sendar saya kalau mau beli ini langsung dapet ini kan? bisa langsung dapet ga? bisa, bisa iya makasih itu alasannya",6,"suka mobil harganya berapa? harganya berapa? metik? metik kan? iya apa? apa? salarga ok, sendar beli langsung dapet kan? langsung dapet tidak? bisa, iya makasih alasannya"
"Inci Denu berupan Tartrek yang berujung maut bukan sekali atau dua kali kejadian terlepas dari siapa yang lalai perantirir under-and protection di kendaraan besar, kelihatannya penting juga ya, Ching sederhananya sih ini bumper belakang, truck di tujukan supaya mobil-mobil lebih kecil nggak langsung ngolong ketika terjadi kecelakaan sealanya pos turbokong yang tinggi bakal ketemu langsung sama pilar mobil penumpang, ngeri, apalagi di cara truck-truck dan trailer besar nah dari tes IHS di Amerika, seganya nunjukin dengan desan yang tepat bisa mencegah terjadinya kecelakaan fatal mau itu full frontal atau overwrap samping, well di kita juga ada aturannya kok, cuma mungkin perlu diperketat lagi soal rancangan dan kewajiban pasangnya biar yang pasang nggak sebatas formalitas asal ada tapi yang jelas di sini paling penting adalah awareness semua pengguna jalan, tetep kudutau diri tau aturan dan hati-hati soalnya safety bukan cuma buat diri sendiri, di sini ada yang pernah ngalami ngolong ke pantai truck, jangan sampai deh ya",7,"inci denu berupan tartrek berujung maut kali kejadian terlepas lalai perantirir underand protection kendaraan besar, ya, ching sederhananya sih bumper belakang, truck tujukan mobilmobil langsung ngolong kecelakaan sealanya pos turbokong ketemu langsung pilar mobil penumpang, ngeri, trucktruck trailer tes ihs amerika, seganya nunjukin desan mencegah kecelakaan fatal full frontal overwrap samping, well aturannya kok, diperketat rancangan kewajiban pasangnya pasang sebatas formalitas awareness pengguna jalan, tetep kudutau aturan hatihati safety sendiri, ngalami ngolong pantai truck, deh"
"Wow, mobil yang dipaman kan di Gias banyak sekali dan semuanya terawat serta kintrong-kintrong Nah bagian depan rancang yang ga pakein kalah kintrong sama mobil-mobil di Gias, saya kasih tau tipsnya Yang pertama, gunakan facial wash yang kurumulannya ga bikin kulit kering dan ketarik seperti kaffee wash ini Mobil aja sering dicuci, jangan wokal lah Setelah cuci muka, jangan lupa pakai sunscreen untuk melindungi dari matahari ibaratnya seperti pasang o-ting untuk di mobil Nah, Anda bisa pakei sunscreen stick dari kaffee ini, praktis dan ga bikin kulit kering Kalau mobil aja pakei pawagi mobil, apalagi badan kita, manu dong udah ganteng masa bau badan Nah, Anda bisa pakei kaff di odoran ini produk terbaru dari kaff, yang bisa mencegah bau badan, tidak menibulkan irritasi dan tidak meninggalkan noda di baju Nah bagian yang ga pakein salah kintrong sama mobil-mobil yang ada di Gias, main kebut kaff karena selama Gias ada promo discount hingga 30%",6,"wow, mobil dipaman giias terawat kintrongkintrong rancang pakein kalah kintrong mobilmobil giias, kasih tipsnya pertama, facial wash kurumulannya kulit kering ketarik kaffee wash mobil aja dicuci, wokal cuci muka, lupa pakai sunscreen melindungi matahari pasang oting mobil nah, pakei sunscreen stick kaffee ini, praktis kulit kering mobil aja pakei pawagi mobil, badan kita, manu ganteng bau badan nah, pakei kaff odoran produk terbaru kaff, mencegah bau badan, menibulkan irritasi meninggalkan noda baju pakein salah kintrong mobilmobil giias, main kebut kaff giias promo discount"
"yang mau jadi bagian dari Warda Yotan Besador sini deh ngumpul sebagai alumni WIA Bitch 2 aku mau kasih tips secaranya supaya lelos jadi WIA Tips pertama kerjain challenge-nya sekretif mungkin karena kan sayangannya banyak jadi semaximal mungkin video kamu tuh harus lebih kreatif dan meneksi ke 2 kalau misalkan video kamu udah menarik peluang kamu buat lelos itu semakin besar waktu tahun lalu sih aku ada 2 tahap ya ahat registrasi dan challenge konten kalau udah lelos tuh banyak banget benefit yang bisa kita dapetin bisa dapetin produk gratis dan juga kita dikasih kelas tiap kurang lebih 2 bulan sekalipun temen yang berbeda-beda tips make up laulos, tips menjaga kasiatan kulian triknya supaya konten kamu menarik kebetulan waktu itu aku berkesempatan jadi mode di laptop di kelas online WIA yang pertama terakhir kalau kamu udah rajin buat konten itu bakal jadi nilai plus buat kamu berkesempatan lelos di WIA Bitch 3 buruan daftar sebelum registrasinya ditutup",6,"warda yotan besador deh ngumpul alumni wia bitch kasih tips secaranya lelos wia tips kerjain challengenya sekretif sayangannya semaximal video tuh kreatif meneksi video menarik peluang lelos sih tahap ahat registrasi challenge konten lelos tuh banget benefit dapetin dapetin produk gratis dikasih kelas teman berbedabeda tips make laulos, tips menjaga kasiatan kulian triknya konten menarik berkesempatan mode komputer jinjing kelas online wia rajin konten nilai plus berkesempatan lelos wia bitch buruan daftar registrasinya ditutup"
"bawa apa ajaan? yaa, perang kapasitator ini, mesti jasujan, sarung, sepatu masuk semua bagasi yaa masuk banget lah, kan bagasi ini ini lumayan 18,6 liter ini kalau itu karamati kecil, ini gede lho betul, mantep ini kapasitator itu, bisa masuk semua asik yang lagi di belakang sini ini ada behel yang panjang yaa, panjang dan flat akhirnya bisa dipakai buat naro barang lagi ini dan masang tas juga bisa di belakang nih ini bisa buat naro barang tambahan juga ini saya mau naro jasujan disini yang keluangan kecil kan, poinnya lebih gede nih lebih gede dan asiknya tinggal dikit ke pegelnya kan, aman gitu itu, itu, oke ya kemudian juga nambah ini kan, tambah asik tengah jadi baju-baju ada beberapa yang taruh disini, proboper interlamping juga taruh disini juga dan asiknya ini karena ada penggaitnya ya, telah ada dua dintipan sama di belakang jadi dia gak kampang kabur-kabur kecukupan juga lebar, tapi gak terlalu terganggu lah lumasnya asik aja masih lg ya, enak ya? mantap terus yang lupa, ada tempat buat naro botol minum di Bahasetang jadi minuman bisa taruh disini kan yang kecil juga bisa diselipin, diselipin kontak bisa dikampingin dikit lah kira cuma bisa buat naro, ini doang apa namanya? seluruh tangan, apa lagi? oh bisa, kecil bisa",7,"bawa ajaan? yaa, perang kapasitator ini, mesti jasujan, sarung, sepatu masuk bagasi yaa masuk banget lah, bagasi lumayan liter karamati kecil, gede lho betul, mantep kapasitator itu, masuk asik behel yaa, flat dipakai naro barang masang tas nih naro barang tambahan naro jasujan keluangan kan, poinnya gede nih gede asiknya tinggal dikit pegelnya kan, aman gitu itu, itu, oke nambah kan, asik bajubaju taruh disini, proboper interlamping taruh asiknya penggaitnya ya, dintipan kampang kaburkabur kecukupan lebar, terganggu lumasnya asik aja ya, enak ya? mantap lupa, naro botol minum bahasetang minuman taruh diselipin, diselipin kontak dikampingin dikit naro, doang namanya? tangan, lagi? bisa,"
"Standard kesantikan sekarang tuh telah bergeser sekarang kita udah gak jadi saman Peran media sosial juga sangat penting sekalipun 10 tahun belakang ini kita melihat dan menyadari bahwa bagaimana kita nyaman sama diri kita sendiri bagaimana kita merayakan keunikan kita sendiri Mungkin kita bisa cakap, oh kecantikan tuh jati diri, confidence tapi gak semua yang understand, ya apa confident itu So with the platform that we have, we can at least visualize dan macam, oh confident itu bisa menunjukkan flaws bisa menerima diri kita I think it's more important Bagi saya, diri kita adalah tanggungjawab kita So kita harus cari maknus sendiri How we define beauty Katanya, my beauty standard is being confident with my own skin problem and proud with my skin color Standard kecantikan versi saya itu tidak ada ukuran Menjadi manusia yang bahagia dan bermanfaat untuk orang lain itu adalah titik cantik untuk saya Jadi, teruslah bersinar, luar dan dalam yakin diri bahwa kamu itu cantik Kita kasih tepang tangannya, untuk kembang daya bakar",4,"standard kesantikan tuh bergeser saman peran media sosial menyadari nyaman merayakan keunikan cakap, kecantikan tuh jati diri, confidence understand, confident platform have, least visualize macam, confident flaws menerima think important saya, tanggungjawab cari maknus define beauty katanya, beauty standard confident skin problem proud skin color standard kecantikan versi ukuran manusia bahagia bermanfaat orang titik cantik jadi, teruslah bersinar, cantik kasih tepang tangannya, kembang daya bakar"
"nggak semua orang nyari full coverage cushion nah buat kalian yang nyari coverage cushion light to medium kalian harus cobain pixie filter free airy serum cushion aku akan kasih lihat ke kalian ya dia tuh typical cushion yang sangat skin light dan gitu dia pake mesh jadi lebih irit aku pake yang shade N23 light beige aku akan pake sebelah dulu biar kan bisa lihat ya kalau ini tuh sebenernya seperti kulit anda ngerti kan? coveragenya sangat light banget langsung mempel ke kulit aku inget banget dulu makin glow cushion ada soal satu cushion favorit aku apakah ini bisa menjadi soal satu cushion favorit aku juga oke ini dia perbandingannya ini yang udah, ini yang belum mempel banget ke kulit dan sedikit ada rasa dingin gitu pada saat kalian tap tapin ke kulit nah ini setelah aku apply full face seperti yang kalian bisa lihat di sini aku ada bokas jerawat dan bokas jerawatnya itu masih keliatan ya karena memang dia coveragenya itu lebih light to medium dan bener-bener lihat dong glownya kan dik banget udah gitu ini tuh infuse pake 2% ya cinemai hyaluronic acid dan juga ceramai kayak ada ingredients skincare yang bisa membantu melembapkan dalam cushion ini nah aku akan selesaikan dupe makeup aku sambil kita akan tes oxidasinya sama aku tap di sini dan ini warnanya tuh banget sama kulit aku ya by the way and here are the final look keliatan ya kulitnya tuh kayak masih satin, healthy skin gitu terus ada imperfection jadi keliatan super natural tapi healthy glow bagus banget sih memang kalau di kamera juga terlihat sangat cantik gitu ya ini kayak photoshoot material juga deh terakhir kita tinggal cek oxidasinya lah deh ini dari tadi warnanya kayak gini nggak berubah sama sekali ini warna yang dari mungkin satu jam yang lalu dan aku akan aplikasiin di sini pada warnanya nyaris tidak ada perubahan sama sekali jadi sangat mengembangkan hati ya lah deh ini di tangan aku jadi keliatan sehat banget pake cushion ini jadi kesimpulannya apakah pink sea airy seroom cushion ini tuh sop kerasya uproot yes buat kalian yang suka makeup natural dan buat kalian yang suka cushion dengan lightweight finish ini uproot banget tapi kok kalian cari yang full coverage karena aku cari cushion lain",7,"orang nyari full coverage cushion nyari coverage cushion light medium cobain pixie filter free airy serum cushion kasih lihat tuh typical cushion skin light gitu pake mesh irit pake shade light beige pake sebelah lihat tuh sebenernya kulit mengerti kan? coveragenya light banget langsung mempel kulit inget banget glow cushion cushion favorit cushion favorit oke perbandingannya sudah, mempel banget kulit dingin gitu tap tapin kulit apply full face lihat bokas jerawat bokas jerawatnya keliatan coveragenya light medium benerbener lihat glownya dik banget gitu tuh infuse pake cinemai hyaluronic acid ceramai kayak ingredients skincare membantu melembapkan cushion selesaikan dupe makeup tes oxidasinya tap warnanya tuh banget kulit way final look keliatan kulitnya tuh kayak satin, healthy skin gitu imperfection keliatan super natural healthy glow bagus banget sih kamera cantik gitu kayak photoshoot material deh tinggal cek oxidasinya deh warnanya kayak gini berubah warna jam aplikasiin warnanya perubahan mengembangkan hati deh tangan keliatan sehat banget pake cushion kesimpulannya pink sea airy seroom cushion tuh sop kerasya uproot yes suka makeup natural suka cushion lightweight finish uproot banget cari full coverage cari cushion"
"sedikit tips buat kalian nih yang pengen unlock muscle up pertama tapi belum bisa bisa coba ikutin dua cara simple versi kuni yang pertama, rutini latihan pull up pake beban dan dips pake beban nah kalau udah punya kekuatannya bisa lanjut ke cara kedua nih jadi itu berguru sama anak atau coach kalisthenik yang udah bisa muscle up kalau udah ada kekuatannya, begitu lihat mereka muscle up dan dikasih tips, tekniknya gimana aku jami langsung bisa saat itu juga udah sih itu aja, gampang kok guys buat unlock tuh yang susah tapi seru itu rapiin form muscle upnya tapi itu rusantarlah ya, yang penting unlock dulu aja gimana, tetapi gak buat latihan muscle up? coba komen di bawah ya atau kalau kalian ada yang udah bisa muscle up dan punya cara lain biar bisa muscle up juga, komen di bawah juga share video ini kalau udah mau faat, stay hard",7,"tips nih unlock muscle coba ikutin simple versi kuni pertama, rutini latihan pull pake beban dips pake beban kekuatannya nih berguru anak coach kalisthenik muscle kekuatannya, lihat muscle dikasih tips, tekniknya gimana jami langsung sih aja, gampang guys unlock tuh susah seru rapiin form muscle upnya rusantarlah ya, unlock aja gimana, latihan muscle up? coba komen muscle muscle juga, komen share video faat, stay hard"
"Tim kulit sensitif, sering kemerahan, bahkan punya specific skin conditions, sini berkumpul Aku pun juga punya skin problems yang sama, but worry not, karena aku punya 3 tips buat jadi solusinya Solusinya adalah laras moseh CK Plus, bomb B5 Plus Pertama, kalian bisa pakai sebagai moisturizer topper Aku bilang sih ini super ampuh untuk ngesil semua skincare yang udah kita pakai dan bisa memperkuat skin berry kita Yang kedua, kalau kulit kalian lagi ada redness, irritasi, atau dry patches Bisa pakai ini juga sebagai spot treatment, soalnya ini bisa ngetekal banyak bal skin problems Dan kalian bisa tinggalin however long you want, minimum 15 minutes Dan lastly yang ketiga, kalian yang kulitnya gampang irritasi atau kering karena makeup Kan bisa pakai ini sebagai primer, jadi makeup will look like your second skin and blend seamlessly with the finish Nah untuk testurnya, dia tuh balm kayak gini, safe for dry irritated sama sensitive skin Pakain aja keseluruh muka, tinggal ratain, gak greasy menurut aku Dan produk ini tuh sejental itu sampai bisa dipakai sama babies juga loh That's it, as simple as that Aku gak tau udah ngabisin berapa tub, tapi ini bener-bener salah satu moisturizer yang harus selalu ada untuk tipe kulit sensitif kayak aku Please try it yourself",7,"tim kulit sensitif, kemerahan, specific skin conditions, berkumpul skin problems sama, worry not, tips solusinya solusinya laras moseh plus, bomb plus pertama, pakai moisturizer topper bilang sih super ampuh ngesil skincare pakai memperkuat skin berry kedua, kulit redness, irritasi, dry patches pakai spot treatment, ngetekal bal skin problems tinggalin however long want, minimum minutes lastly ketiga, kulitnya gampang irritasi kering makeup pakai primer, makeup look like second skin blend seamlessly finish testurnya, tuh balm kayak gini, safe dry irritated sensitive skin pakain aja keseluruh muka, tinggal ratain, greasy produk tuh sejental dipakai babies loh thats it, simple ngabisin tub, benerbener salah moisturizer tipe kulit sensitif kayak please try"
"Dikari Jakarta Tarbut emas longcat indah. Dikari Jakarta mempertahankan dominasinya. Melalui Triangoro Putra dan Aditya Restu Putra Jakarta sukses mempertahankan medali emas longcat indah nomor synchronisasi papan 3 meter Putra pada pekan pon Ace Sumatra Utara 2024. Berlangsung di kolom renang Selayang, Medan, Ninggu, 8 September 2024. Medali emas direbut setelah Triangoro dan Aditya memukau hakim yang bertugas dengan mencapai nilai teringi 329,88. Sejak awal keduanya, tampil kompak dengan selalu mendapat nilai teringi dari total 6 loncatan. Sebelumnya tim Putri Synchro menarap Putri, pasangan Maulidina Harisma Putri dan Nur Mufidah Sudirman mendapatkan medali perat. Alhamdulillah hasil hari ini sih so far sesuai sama target kita. Insya Allah besok masih ada lagi pertandingan doain bisa lebih baik lagi hasilnya. Alhamdulillah sesuai sama target kita diberikan hasil yang terbaik yang memuaskan juga dan sayangannya sih semuanya bagus menurut saya semuanya fight. Semuanya kita sama-sama latihan bareng tanding juga sama-sama fight jadi semuanya menurut saya rata semua. BENDUM KONI DECAY JAKARTA HADAMEON ARITONANG MEMBERIKAN UANG PENGARGAAN Dari Koni Dekai Jakarta sebesar 10 juta rupiah kepada kedua atlet loncat Indah Putra. Baik terima kasih atas prestasi yang dirai oleh atlet loncat Indah pada hari ini Putra dan Putri kami dari Pengurus Koni Dekai Jakarta sangat bangga. Dan terima kasih kepada teman-teman para atlet ini semoga atlet-atlet kabar lainnya mengokir prestasi mendapatkan medali-medali untuk Dekai Jakarta sehingga apa yang kita ceritakan untuk atlet-atlet dari profisinya Dekai Jakarta kita bisa mendapatkan juara umum untuk PON 2024. Medan AC yang itulah salah satu yang diharapkan oleh pemerintah profisinya Dekai Jakarta maupun dari DPRD maupun Koni Profisinya Dekai Jakarta. Terima kasih. Terima kasih.",6,"dikari jakarta tarbut emas longcat indah. dikari jakarta mempertahankan dominasinya. triangoro putra aditya restu putra jakarta sukses mempertahankan medali emas longcat indah nomor synchronisasi papan meter putra pekan pon ace sumatra utara kolom renang selayang, medan, ninggu, september medali emas direbut triangoro aditya memukau hakim bertugas mencapai nilai teringi keduanya, tampil kompak nilai teringi total loncatan. tim putri synchro menarap putri, pasangan maulidina harisma putri nur mufidah sudirman medali perat. alhamdulillah hasil sih far sesuai target kita. insya allah besok pertandingan doain hasilnya. alhamdulillah sesuai target hasil terbaik memuaskan sayangannya sih bagus fight. samasama latihan bareng tanding samasama fight semua. bendum koni decay jakarta hadameon aritonang uang pengargaan koni dekai jakarta juta rupiah atlet loncat indah putra. terima kasih prestasi dirai atlet loncat indah putra putri pengurus koni dekai jakarta bangga. terima kasih temanteman atlet semoga atletatlet kabar mengokir prestasi medalimedali dekai jakarta ceritakan atletatlet profisinya dekai jakarta juara pon medan salah diharapkan pemerintah profisinya dekai jakarta dprd koni profisinya dekai jakarta. terima kasih. terima kasih."
Aku ada anak cowok 2.5 tahun dan pengen ajak dia eksperimen science yang visualnya keren. Ada saran gak? Kamu bisa ajak dia bikin letusan gunung berapi dari campuran baking soda dan cuka. Letusan gunung berapi kayaknya asik tuh. Bahannya apa aja dan cara bikinnya gimana? Ini bahan dan cara membuatnya. Bahan. Baking soda. Cuka. Pohoran makanan merah atau orangnya? Botol plastik kecil. Takah. Main yuk. Main. Main. Pasir. Kita tuang pasir mau. Tuang. Tuang. Wah miring. Ini aja miring. Yang terakhir. Ini. Botol. Kita maskin cuka. Takah mau merah atau ungu? Tret. Tret? Oke. Pencet. Nah. Dah kita tuang berdua ya. Takah pegang ya. Hrghh. Uuh. Gunungnya. Keluar apa tuh? Terus. Lihat. Ah. F6 mau coba? Gak. Gak. Gak. Gak. Gak. Uuh. Abis. Wow. Ternyata bisa gitu ya. Terima kasih gemini. Sama-sama. Senang bisa membantu.,6,anak cowok ajak eksperimen science visualnya keren. saran tidak? ajak letusan gunung berapi campuran baking soda cuka. letusan gunung berapi kayaknya asik tuh. bahannya aja bikinnya gimana? bahan membuatnya. bahan. baking soda. cuka. pohoran makanan merah orangnya? botol plastik kecil. takah. main yuk. main. main. pasir. tuang pasir ingin. tuang. tuang. miring. aja miring. terakhir. ini. botol. maskin cuka. takah merah ungu? tret. tret? oke. pencet. nah. dah tuang berdua ya. takah pegang ya. hrghh. uuh. gunungnya. tuh? terus. lihat. ah. coba? tidak. tidak. tidak. tidak. tidak. uuh. habis. wow. gitu ya. terima kasih gemini. samasama. senang membantu.
"Ini dulu adalah acne spot andalan kita semua Teman-teman, dari skit-skit kita sudah banyak yang tahu Terus toko-tonya sama mereka di discontinue dan ramai banget yang dima-dema kepada kecewa semuanya Karena ini di discontinue Long, Ma! Bang banget! Tahu-tau mereka comeback dengan packaging yang lebih mewah Dan juga formula yang lebih gong Yang sekarang mereka mengeluarkan lagi acne spot treatment Yang bisa diandalkan juga dengan ingredients yang lebih potent Karena sekarang ada 3 times acidnya di sini Yaitu salicylic acid, lactic acid, dan blue conolactone Semuanya pastinya untuk merendakan jerawat Tapi berhunggu aku lagi nggak ada jerawat sekarang Ini cuma ada kayak bekas-bekasnya Aku cuma akan ngasih tahu aja informasi ke kalian Waktu apa ada jerawat? Ini bisa membantu menghampaskan jerawat aku dalam waktu 3 hari Dan kejadinya waktu itu kayak Oktober, tahun lalu Tapi buat kalian yang sering ada hormonal acne atau jerawat yang suka batu-batu mendadak Ini bisa banget dijadikan skin care rescuer Karena ini bagus banget salah satu acne spot treatment yang bagus banget Menurut aku dari skintifik Dan cocok banget untuk menggantikan ini Karena memang paling bagus ini, menurut aku sejauh ini acne spot dari skintifik Jadi daripada kalian mencet-mencetin jerawat Lebih baik kalian totalin jerawat kalian dengan menggunakan produk ini Seperti ini, super simple ya Sebenernya gitu dan kalian",7,"acne spot andalan temanteman, skitskit tokotonya discontinue ramai banget dimadema kecewa discontinue long, ma! bang banget! tahutahu comeback packaging mewah formula gong mengeluarkan acne spot treatment diandalkan ingredients potent times acidnya salicylic acid, lactic acid, blue conolactone pastinya merendakan jerawat berhunggu jerawat kayak bekasbekasnya ngasih aja informasi jerawat? membantu menghampaskan jerawat kejadinya kayak oktober, hormonal acne jerawat suka batubatu mendadak banget dijadikan skin care rescuer bagus banget salah acne spot treatment bagus banget skintifik cocok banget menggantikan bagus ini, acne spot skintifik mencetmencetin jerawat totalin jerawat produk ini, super simple sebenernya gitu"
coba kamu bisa ga kokokoyoknya yang berdua gitu coba lagi lagi azik sekali lagi azik sekali lagi hasn,2,coba kokokoyoknya berdua gitu coba azik azik
"Om, kamu nggak ada sih? Dimana dia? Ya enak kalian ini. Maman, apa? Bukan ini di depan. Berhenti tutup lagi peki. Enak banget.",2,"om, sih? dimana dia? enak ini. maman, apa? depan. berhenti tutup peki. enak banget."
"Mobin yang lebih tua katanya mesti pakai Oli yang lebih kental, emang bener? Sehingga ada dua faktor yang paling penting untuk diperhatikan. Pertama, fiskositas Oli yang mana sudah termasuk di dalam rekomendasi manual book, Berserta rentang alternatif yang aman. Kalau misalnya Oli terlalu kental, bisa jadi menurunkan efisien si bantak bakar karena kinar jam esen jadi lebih berat. Perhatikan EPS service pada Oli. Kalau dari beberikan harus pakai EPS service SN, pakailah yang sesuai. EPS service SN juga, jangan pakai yang lebih rendah. FYI ya, EPS service SN itu udang yang paling tinggi di mesin Benzin. Yang terakhir pilih-pilih oleh mesin sesuai kebutuhan dan umur mobil. Biasanya mobil-mobil umuran muda cocok sama Oli Full Synthetis karena untuk mendukung performa dan efisienci. Sementara yang lebih lawas, biasanya masih cocok untuk pakai mineral. Tapi apapun Olinya, pasti ini dapat yang original ya. Tapi kan mahalan. Masih anyem 2 meterim? Masih lagi. Pake yang ini nih. Belanja di e-commerce, pakai kode promo BND Pertamina, langsung dapet diskon 1 juta. Syaratnya, minimal pemilihan 1,5 juta. Dan bisa pilih tenor sampai dengan 24 bulan. Cuma di tuaga.id kita bisa berni-berni produk kredit kart sesuai dengan kebutuhan. Dan sekalian apply juga. Gapro Kawatirugi pasti dibantuin untuk dapetin kredit kart yang sesuai dengan kebutuhan. Jadi cek dulu aja di tuaga.id.",7,"mobin tua mesti pakai oli kental, emang bener? faktor diperhatikan. pertama, fiskositas oli rekomendasi manual book, berserta rentang alternatif aman. oli kental, menurunkan efisien bantak bakar kinar jam esen berat. perhatikan eps service oli. beberikan pakai eps service sn, pakailah sesuai. eps service juga, pakai rendah. fyi ya, eps service udang mesin benzin. pilihpilih mesin sesuai kebutuhan umur mobil. mobilmobil umuran muda cocok oli full synthetis mendukung performa efisienci. lawas, cocok pakai mineral. apapun olinya, original ya. mahalan. anyem meterim? lagi. pake nih. belanja ecommerce, pakai kode promo bnd pertamina, langsung dapet diskon juta. syaratnya, minimal pemilihan juta. pilih tenor bulan. tuaga.id berniberni produk kredit kart sesuai kebutuhan. apply juga. gapro kawatirugi dibantuin dapetin kredit kart sesuai kebutuhan. cek aja tuaga.id."
"Bu-ibu yang punya anak luar sana dan anaknya kejang, jangan panik. Tenang, kalau bisa videoin anaknya. Videoin beneran cuma buka kamera, terus kayak cek like, buka video. Sambil anaknya diapain, anaknya diberingkanan atau beringkiri, sambil dilonggarin bajunya, pakayannya, celananya supaya tuh dadanya tidak keempat. Sama kita tujuan memberingkan itu supaya tidak ada makanan yang masuk ke dalam mulutnya atau air apa segala macam yang bisa menyumbat saluran angkvasnya. Jangan ente masukin pakai sendok atau taburin bubuk pakai kopi. Jangan, jangan beritu. Jadi ketimbang kita panik, mendingan tarik nafas, buang nafas. Oke, kita pelan-pelan cari solusinya. Sambil di videoin. Kenapa perlu di videoin supaya nanti ketika berobat ke rumah sakit, dokternya tahu tipe kejangnya kayak gimana, kemudian durasinya gimana, kesadaran pas kejangnya tuh gimana. Jadi biar jelas. Jadi biar tahu beneran ini kejang atau bukan. Nah, terus abis itu kunci daripada semuanya sebenarnya adalah tenang. Iya kan? Tenang dan tenang itu didapatkan dari apa? Dari pengatauan, pengatauan didapatkan dari apa? Dari belajar. Dan kalau misalkan memang punya obat-obat yang anti kejang atau anti panas, jadi rumah boleh diberikan contohnya misalkan yang dari pantat itu obat anti kejangnya. Jangan tiri-tiriak panik, atas segala macam ngejar. Iya, pasti panik kita paham pasti akan panik. Cuma maksudnya kalau kita panik, kalau kita tiri-tiriak tidak akan menyelesaikan sebuah masalah. Makannya kita harus tetap kenang ambil nafas, buang nafas, dan kita cari solusinya. Itu tadi. Jangan lupa untuk tetap belajar. Dan menjadi orang tua, kuncinya adalah belajar. Oke?",6,"buibu anak anaknya kejang, panik. tenang, videoin anaknya. videoin beneran buka kamera, kayak cek like, buka video. anaknya diapain, anaknya diberingkanan beringkiri, dilonggarin bajunya, pakayannya, celananya tuh dadanya keempat. tujuan memberingkan makanan masuk mulutnya air menyumbat saluran angkvasnya. ente masukin pakai sendok taburin bubuk pakai kopi. jangan, beritu. ketimbang panik, mendingan tarik nafas, buang nafas. oke, pelanpelan cari solusinya. videoin. videoin berobat rumah sakit, dokternya tipe kejangnya kayak gimana, durasinya gimana, kesadaran pas kejangnya tuh gimana. jelas. beneran kejang bukan. nah, habis kunci tenang. iya kan? tenang tenang didapatkan apa? pengatauan, pengatauan didapatkan apa? belajar. obatobat anti kejang anti panas, rumah contohnya pantat obat anti kejangnya. tiritiriak panik, ngejar. iya, panik paham panik. maksudnya panik, tiritiriak menyelesaikan masalah. makannya kenang ambil nafas, buang nafas, cari solusinya. tadi. lupa belajar. orang tua, kuncinya belajar. oke?"
"Hai, aku Maderalz dan sekarang aku lagi ada di Skinverse Clinic Warden di kota Kata Belakang Dan hari ini senang banget karena tadi sempat ngobrol-ngobrol bareng di stage tentang aging gracefully Aku senang banget ada di Skinverse Clinic karena disini ada AI tools, ada teknologi yang bisa membantu kita Lebih mengenal kluik kita itu seperti apa dan produk apa aja sih yang dibutuhkan sama politik kita gitu Jadi holistic care, as well as technological advancement sangat dibahas gitu di Skinverse Clinic ini Jadi aku senang banget ada di sini Buat kamu yang mau age gracefully jangan lupa untuk datang ke Skinverse Clinic Warden di kota Kata Belakang sampai dengan tanggal 3 Agustus ini See you!",2,"hai, maderalz skinverse clinic warden kota senang banget ngobrolngobrol bareng stage aging gracefully senang banget skinverse clinic tools, teknologi membantu mengenal kluik produk aja sih dibutuhkan politik gitu holistic care, well technological advancement dibahas gitu skinverse clinic senang banget age gracefully lupa skinverse clinic warden kota tanggal agustus see you!"
"Halo, nama saya Paulo M. Hernandez dari provinsi di Kaya Jakarta. Saya sekarang umur 24, mengikuti kategori U25 Putra. Selama mengikuti kejurnas dunia tahun ini sih sangat seru ya. Apalagi melihat banyak-banyak provinsi, terutama adalah 19 provinsi yang termasuk banyak. Buat bowling, melihat adek-adek, dan teman-teman banyak sekali yang daya juangnya sangat tinggi. Dan melihat teman-teman banyak yang sangat kompretitif, sangat senang sih. Selama ini di DKI ya terutama kita sih banyak banget latihan-latihan mauitu pun dari basic. Kita nggak pernah lupa basic-basik skill satu teknik untuk latihan biar kita lebih mantuk lagi, lebih memboles skill-skill kita. Terus juga kita ada juga latihan fisik di pagi hari, di mana ngetes mengembang stamina kita sih yang sangat membantu kita bertanding selama 3 hari ini. Tenggapan saya terhadap kejurnas dunia tahun ini sih sangat hebat ya. Gapal lagi saya nggak nyangka, ternyata balik lagi beberapa provinsi-provinsi yang dulunya ada, sekarang nggak ada terus ada lagi. Melihat kejurnas dunia kali ini yang sangat ramai, sangat senang sih melihat banyak adek-adek yang bisa melanjutkan bowling di Indonesia, tempat-teman dari Junior dan karena ini juga pertandingan Junior terakhir saya, saya sangat senang dan puas dengan kejurnas Junior 2025 ini sih. Ternyata saya terhadap pertandingan kejurnas Junior ke depan depannya atau pun pertandingan Junior ke depan depannya banyak bibit-bibit yang sengguh-sengguh, banyak regenerasi dan semoga bisa mengharumkan nama Indonesia dan mengikuti jajak-jajak abang-abangnya, kakakannya, senior-seniornya. Salam warahat agak, jaya!",7,"halo, nama paulo hernandez provinsi kaya jakarta. umur mengikuti kategori putra. mengikuti kejurnas world sih seru ya. banyakbanyak provinsi, provinsi banyak. bowling, adekadek, temanteman daya juangnya tinggi. temanteman kompretitif, senang sih. dki sih banget latihanlatihan mauitu basic. lupa basicbasik skill teknik latihan mantuk lagi, memboles skillskill kita. latihan fisik pagi hari, ngetes mengembang stamina sih membantu bertanding ini. tenggapan kejurnas world sih hebat ya. gapal nyangka, provinsiprovinsi dulunya ada, lagi. kejurnas world kali ramai, senang sih adekadek melanjutkan bowling indonesia, tempatteman junior pertandingan junior saya, senang puas kejurnas junior sih. pertandingan kejurnas junior depannya pertandingan junior depannya bibitbibit sengguhsengguh, regenerasi semoga mengharumkan nama indonesia mengikuti jajakjajak abangabangnya, kakakannya, seniorseniornya. salam warahat agak, jaya!"
"Solar tap memang gerakannya bagus, tapi kalian coba deh taruh tangannya disini, terus lakuin plank kepekasih tangan begini nih. Tahan sekuatnya sampai dapat berapa detik atau menit ya. Habis itu komen dibawah, kalian bisa kuatnya tuh berapa lama. Ini aku bikin video ini sekarang ngetes dan nujukin kalian aku bisa sampai berapa lama. Ini aku pasang stop-boss disini nih. Oke, 30 detik, masih aman. Kalo ditanya manfaatnya apa ya ini? Manfaat kuatin salah satu tangan, terus juga jaga keseibangan. Banyak lah, aduh. Uuh, satu menit. Oke, ahuh, cuma kuah satu menit ternyata. Kala berapa? Coba komen dibawah ya. Cern video ini berat untuk kalian pada nyobain juga. Langsung lanjut dan... Stay Hati.",4,"solar tap gerakannya bagus, coba deh taruh tangannya disini, lakuin plank kepekasih tangan nih. tahan sekuatnya detik menit ya. habis komen dibawah, kuatnya tuh lama. video ngetes nujukin lama. pasang stopboss nih. oke, detik, aman. manfaatnya ini? manfaat kuatin salah tangan, jaga keseibangan. lah, aduh. uuh, menit. oke, ahuh, kuah menit ternyata. berapa? coba komen dibawah ya. cern video berat nyobain juga. langsung dan.. stay hati."
"Bro kenapa posturmu kayak gini? Hah gimana maksudnya? Itu bungku kayak gitu tuh Itu tuh ga bagus buat kesehatanmu Terus gimana cara ngetasinya? Sini aku kasih tau 3 cara buat benerin posturmu Pastiin kamu segini ya Nah, nomor 1 itu tuh Pas kamu lagi main HP Pastiin tuh gong-gong dan leher murus Kayak gini nih Oh iya oke bro oke bro HPmu itu penyebab nomor 1 kamu bungku Terus kalo kamu ngerasa posturmu lagi jelek Simple aja, angat bawu mu ke atas Tari ke belakang, terus turunin ke bawah gini Oh iya wah, bantu banget sih ini Terus nomor 3 apa? Wadah bro Dengan wadah yang otot perut sama otot penggungmu Otomatis posturmu bakal improve dengan sendiri nya Ah, thanks bro Aku pasti bakal follow kamu buat tips-tips kayak gini nih",7,"bro posturmu kayak gini? hah gimana maksudnya? bungku kayak gitu tuh tuh bagus kesehatanmu gimana ngetasinya? kasih benerin posturmu pastiin segini nah, nomor tuh pas main pastiin tuh gonggong leher murus kayak gini nih iya oke bro oke bro hpmu penyebab nomor bungku ngerasa posturmu jelek simple aja, angat bawu tari belakang, turunin gini iya wah, bantu banget sih nomor apa? wadah bro wadah otot perut otot penggungmu otomatis posturmu improve nya ah, thanks bro follow tipstips kayak gini nih"
"Hai, hari ini kita akan membuat video yang udah sangat gue penasaranin banget ya Ngeretik kan? Ngeretik ga sih? Pasti ngeretik kan Pokoknya gue udah kayak deg-degan banget pengen nyoba Karena gue liat temen gue pake ini, gue kira dia pake less extension, nangir Ternyata kalau ga bulu mata palsu, parah banget Terus kayak katanya bagus banget dan cara makanya juga agak unik I've never tried anything like this, I didn't know they have anything like this Ini bulu mata palsu, tapi yang super pendek-pendek gitu dan hasilnya jadi natural banget Ini dari Emlend Diary Gue ga tau ini merek mana ya, tapi gue beli di e-commerce Dan ini yang cat eye lashes, karena mereka ada banyak keren yang berbeda Bentuknya macam-macam dan gue mau yang agak cat eye gitu Kalau bisa ya kan, pertama kali saya mencoba jadi tolong jangan enying Gue beli yang satu set seperti yang gue bilang dapat bulu mata dan dapat ininya Karena lagi-lagi kata temen gue, lo harus pake ininya Karena ini sangat memudah kan, ini ini ini Gue ga suka apa-apa seperti ini, pin set yang kayak gini, gue merasa kayak Seperti agak hazardose ya, agak berbahaya gitu ya kan Baiklah Gue ga tau makanya gimana, kita kasih lampnya dulu Oh ini ada dua tulisannya, ini yang nomor satu lash bond Dan yang nomor dua lash remover Oke, jadi gue pikir kita akan menggunakan lash bond ini Pertama Bismillahirrahmanirrahim ya kan Cuma kayak pake mascara aja gitu katanya di bulu mata lo Aku tidak tau akan berhasil apangga doeremon aku duk-dugan banget nih Terus gue mau pake yang Ga tau deh gue coba yang agak di middle-middle gitu loh Katanya tuh tinggal ditempelin aja, tinggal hub gitu Ditempel dimana, nyir? Oh my god kayaknya gue salah masangnya deh Oh my god kenapa dia jadi kebalik gitu doeremon Yow Allah doeremon Aaaa Oke Oh damn Oh Oh Oke terus gue ambil yang agak gedeannya lagi Ini ditaruhnya dibawah bulu mata lo Anjir beneran gampang banget Sekarang gue ambil yang paling gedeannya Kita taruh, ini mungkin cuma akan jadi yang terakhir yang gue taruh Udah gitu doang Cui ini gampang banget makanya ga masuk akal, ngerti ga sih? Ini gue tambahin satu lagi karena gue pikir ada spes di sana Oh my god Kayaknya ini lebih baik gue pake satu mata doang ga sih? Jadi lo liat bedanya kayak apa ya kan? Karena gue juga medit ya, gue ga tau ini bisa ditake lagi apa ga? Dari pada gue pake dua sisi buang-buang terlalu banyak pucongan buat menjukin lo pada yang engin Penting ating engin Mending gue pake kalau gue pergi beneran, aku tidak mau pake sembilan lagi ya Aku medit luar biasa, medit kikir bakil Ini bahkan ada yang buat bulu mata bawahnya disini I haven't even tried that, I don't think I need to Tapi sekarang yang harus kita coba adalah dia seberapa gampang dibersi innya Karena ini ada lash removernya juga I honestly don't want to remove this ever But we have to try it Karena ini kan menjadi salah satu faktor penentu dalam arah kemajuan Nusa dan Bangsa ya Nomor dua lash remover Wait, how do I remove this? Tunggu aku baca dulu betul-betul tunjuknya Baiklah katanya sih tinggal diuok-uok aja gitu Oh, oh okay Huh? Okay Aku ga tau ini dipakainya dimananya gitu Apakah ini udah bisa dilepas doraemon? Apakah sudah? Anjjj Udah Segampang itu, terus ini berarti bisa gua pakai lagi dong Oh my god Nah, apakah aku beruntung aja? Apakah memang semudah? Oh my god, semudah itu Ya ampun, gampang banget dilepasnya juga Udah, udah hilang semua nih kembali ke bulu mata gue yang sangat menyedihkan Ini benar-benar aku suka ini Karena dari dulu gue paling malu pakai bulu mata karena ribet ya kan Terus kayak Gue suka banget soalnya aku sangat-sangat suka ini Kamu harus beli ini",6,"hai, video penasaranin banget ngeretik kan? ngeretik sih? ngeretik pokoknya kayak degdegan banget nyoba liat teman pake ini, pake less extension, nangir bulu mata palsu, parah banget kayak bagus banget unik ive never tried anything like this, didnt know anything like bulu mata palsu, super pendekpendek gitu hasilnya natural banget emlend diary merek ya, beli ecommerce cat eye lashes, keren berbeda bentuknya macammacam cat eye gitu kan, kali mencoba tolong enying beli set bilang bulu mata ininya lagilagi teman saya, pake ininya memudah kan, suka apaapa ini, pin set kayak gini, kayak hazardose ya, berbahaya gitu baiklah gimana, kasih lampnya tulisannya, nomor lash bond nomor lash remover oke, pikir lash bond bismillahirrahmanirrahim kayak pake mascara aja gitu bulu mata berhasil apangga doeremon dukdugan banget nih pake deh coba middlemiddle gitu loh tuh tinggal ditempelin aja, tinggal hub gitu ditempel dimana, nyir? god kayaknya salah masangnya deh god kebalik gitu doeremon yow allah doeremon oke damn oke ambil gedeannya ditaruhnya dibawah bulu mata anjir beneran gampang banget ambil gedeannya taruh, taruh gitu doang cui gampang banget masuk akal, mengerti sih? tambahin pikir spes god kayaknya pake mata doang sih? liat bedanya kayak kan? medit ya, ditake tidak? pake sisi buangbuang pucongan menjukin engin ating engin mending pake pergi beneran, pake sembilan medit biasa, medit kikir bakil bulu mata bawahnya havent even tried that, dont think need coba gampang dibersi innya lash removernya honestly dont want remove ever try salah faktor penentu arah kemajuan nusa bangsa nomor lash remover wait, remove this? tunggu baca betulbetul tunjuknya baiklah sih tinggal diuokuok aja gitu oh, okay huh? okay dipakainya dimananya gitu dilepas doraemon? sudah? anjj segampang itu, pakai god nah, beruntung aja? semudah? god, semudah ampun, gampang banget dilepasnya sudah, hilang nih bulu mata menyedihkan benarbenar suka malu pakai bulu mata ribet kayak suka banget sangatsangat suka beli"
"Sama lo! Sezue aplikasi ini tipe exit tourer. Oh, wajahnya sama. It looks the same and more more more affordable. Tapi ukurinnya beda ya. Itu aja tapi. Ini tuh udah lebih dari cukup. Feature-feature yang ada di ultimate sebelumnya. Ini tuh ada semua. Jadi kalau ditanya, ini mobil juga petong gak dengan harga yang affordable. Ini super super affordable. Dan ini baru pertama kali misubisik keluarin exit tourer. Karena ngelihat masanya expanded tuh banyak banget. Felaknya juga sama lo. Ice-Cart sama. Belahan sama juga. Sama. Cuma ada berbeda warna-warna aja. Iya, ini lebih kepada sporty look aja gitu. Espanmer dulu sendiri gak begini. Udah sama main baru. Iya kan, perbedaannya ini masih menggunakan classic instrument. It feels exactly the same kan. Stadionya udah pakai juga 8 inch. Ada headrest tengah. Dibilangin ya tipe beda aja. Ada headrest tengah. Sini juga, cadascoping juga, komplyn. Udah bukan kayak koneci kayak. Udah bener, gak nyolok-nyolok koneci lagi. Atau staso button. Exit nih. Exit tourer. Emang ini tuh diciptakan untuk orang-orang yang pingin punya expander dengan fasilitas yang cukup. Jadi dengan harga masuk akal bisa dapet penampilan luar yang hampir sama-sama. Luar deh, alem bukan cuman luar dong. Gue rasa ini akan jadi jagoan barunya expander. Ya penasaran coba cek exit tourer. Luar biasa. Jadi apa yang kamu butuh ada di exit tourer. Maksan nih. Antuk ini.",6,"kamu! sezue aplikasi tipe exit tourer. oh, wajahnya sama. looks affordable. ukurinnya beda ya. aja tapi. tuh cukup. featurefeature ultimate sebelumnya. tuh semua. ditanya, mobil petong harga affordable. super super affordable. kali misubisik keluarin exit tourer. ngelihat masanya expanded tuh banget. felaknya kamu. icecart sama. belahan juga. sama. berbeda warnawarna aja. iya, sporty look aja gitu. espanmer begini. main baru. iya kan, perbedaannya classic instrument. feels exactly kan. stadionya pakai inch. headrest tengah. dibilangin tipe beda aja. headrest tengah. juga, cadascoping juga, komplyn. kayak koneci kayak. bener, nyoloknyolok koneci lagi. staso button. exit nih. exit tourer. emang tuh diciptakan orangorang pingin expander fasilitas cukup. harga masuk akal dapet penampilan samasama. deh, alem cuman dong. jagoan barunya expander. penasaran coba cek exit tourer. biasa. butuh exit tourer. maksan nih. antuk ini."
"Kita semua mesti terima kasih lah sama kompetisi market HP yang gila-gila Ini display-display di HP udah pada sinting semua Lu lihat dah X25 Ultra, 2K di layar 7-H TVA nya, Hunter Tembus 500 Itu pajemnya luar biasa Dan yang paling gila nya ada di keterangannya 2600 nits Piknya duitnya Dan buat lu tau seberapa terang gitu Monitor atau TV OLED pada umumnya yang bisa nge-post HDR Itu paling mentok-mentok 1000 nits lah Piknya mentok di atas ya S25 Ultra mampu nge-post 2.6x dilihat Gila ga? Lu lihat gua hajar di bawah matahari masih ngelawan tuh HP nya The brightness bisa strang itu kerasa banget Pas lu nonton HDR di sempurna cahaya tuh Bagian-bagian terangnya Amoled Sros 20Hz juga smooth banget buat scrolling Buat gaming udah sangat-sangat jelas ini beneficial banget Tapi, problemnya itu pas nonton film Karena layarnya cuma 1440p lu lihat sendiri Di Codestar nya maksimumnya cuma 1080p Film 1080p, lu play di panang 1440p Ya tidak inter-gast scaling ketajeman yang menurut Penelnya memang dewas kali tapi nonton tuba bisa maksimal Dari banyak orang brand yang datang ke tempat gua HP nya tuh ngering-geri boss iPhone 16 Pro lah, S24, S25 Ultra lah OLED- OLED yang crazy itu Sekalinya gua kasih nonton 423, 15 menit aja Matahar mereka lu, saka langsung pulang Ngeliat TV-TV mereka di rumah udah pasti busuk semua itu Lu lihat ya akun disini yang sama Di TV gua bisa mode 4K, jadi jangan bacot Akunnya gue bedain gitu ya Film yang gue show ke orang-orang itu selalu sama Limitless episode 1, pas terkulit item ini ngomong Lu perhatikan dan di TV lu Beda, banner-banner luar biasa klinik mata Matahar lu akan langsung kakit, penyantepan lu bisa sebagus itu Film kedua, itu monster ink, 2001 tuh Ngeliat bulu-bulunya sulivan bergoyang pas karakternya gerak Lu akan takjum sebepap dewa yang panel OLED ini bisa ngepus film 24 tahun yang lalu Serasa film baru dan scene terakhir tuh yang paling ingat Infinity War, scene pertama kali tonistak Bunjukin nanosuitnya berantem dari situ Beda, cukup 15 menit total dari 3 scene itu Rusak pasti standar penatahurankan Dan sekian lagi gue bilang, secanggi apapun panel HP lu yang tujuh in situ Akan kerasa sampah ngelawan TV OLED LG 4.2 Apalagi yang lebih tinggi, yang beratnya lebih terang Size itu paling netru, bro, di sini Ditambah lagi, kemarin 4 dakit tuh 4.2 si 4 cuma 9,5 juta Rusak itu harganya, yang gilanya Stereo G5 itu baru launch, udah 11 juta Udah sendiri udah harga USS, 10 juta berarti di Indonesia Discord 43% susah LG Indonesia bisa sulap tuh harganya 42 insolat itu cara termuda Dan tercipat, gue terus saknata Kalo mainnya rusak, mau kirimin linknya Inget top up game, inget di DDTowap",6,"mesti terima kasih kompetisi market sangatsangat displaydisplay sinting lihat dah ultra, layar tva nya, hunter tembus pajemnya nya keterangannya nits piknya duitnya terang gitu layar oled ngepost hdr mentokmentok nits piknya mentok ultra ngepost tidak? lihat hajar matahari ngelawan tuh nya brightness strang kerasa banget pas nonton hdr sempurna cahaya tuh bagianbagian terangnya amoled sros smooth banget scrolling gaming sangatsangat beneficial banget tapi, problemnya pas nonton film layarnya lihat codestar nya maksimumnya film play panang intergast scaling ketajeman penelnya dewas kali nonton tuba maksimal orang brand nya tuh ngeringgeri boss iphone pro lah, ultra oled oled crazy sekalinya kasih nonton menit aja matahar kamu, saka langsung pulang ngeliat tvtv rumah busuk lihat akun mode bacot akunnya bedain gitu film show orangorang limitless episode pas terkulit item ngomong perhatikan beda, bannerbanner klinik mata matahar langsung kakit, penyantepan sebagus film kedua, monster ink, tuh ngeliat bulubulunya sulivan bergoyang pas karakternya gerak takjum sebepap dewa panel oled ngepus film serasa film scene tuh infinity war, scene kali tonistak bunjukin nanosuitnya berantem situ beda, menit total scene rusak standar penatahurankan sekian bilang, secanggi apapun panel tujuh situ kerasa sampah ngelawan oled tinggi, beratnya terang size netru, bro, ditambah lagi, kemarin dakit tuh juta rusak harganya, gilanya stereo launch, juta harga uss, juta indonesia discord susah indonesia sulap tuh harganya insolat termuda tercipat, saknata mainnya rusak, kirimin linknya inget isi ulang permainan, inget ddtowap"
"Weekend kok di rumah aja Keluarlah Saat itu produktif kali ini aku ikutan workshop Mihiaz Kue yang diadakan oleh Tubita Kita juga dikenalin kolesi terbaru mereka dan baru kita aja yang tau Oh MG, kolesinya super cantik Dan kalian bisa cek-cek aja kakunya Tubita untuk koleksi lainnya Dan ini nih acara intinya Yaitu Mihiaz Kue Semua bahan udah disediain kita tinggal berkaleaksi aja untuk Mihiaznya Kita juga diarahkan step by step oleh tim Kaula Jadi nggak bingung deh apa aja harus dilakuin Jujur ternyata Mihiaz Kue kayak gini tuh nggak bisa asal biar hasilnya maksimal Dan ini hasilnya, gimana? Sebagai pemula lumayan lah ya Aya di acara ini juga aku dapet banyak banget produk dari Wardah Tisa Beauty, Zanaan dan pastinya dari Tubita juga Ah, happy banget kegiatan kali ini Karena nggak cuma belajar menghias Kue Pastinya juga menjalin si Latura Hamid sama komunitas Tubita",2,"weekend rumah aja keluarlah produktif kali ikutan workshop mihiaz kue diadakan tubita dikenalin kolesi terbaru aja mg, kolesinya super cantik cekcek aja kakunya tubita koleksi nih acara intinya mihiaz kue bahan disediain tinggal berkaleaksi aja mihiaznya diarahkan step step tim kaula bingung deh aja dilakuin jujur mihiaz kue kayak gini tuh hasilnya maksimal hasilnya, gimana? pemula lumayan aya acara dapet banget produk wardah tisa beauty, zanaan pastinya tubita ah, happy banget kegiatan kali belajar menghias kue pastinya menjalin latura hamid komunitas tubita"
"Sederhana tapi smartwatch lain nggak bisa. Fitur rotating bezel di Samsung Galaxy Watch 8 Classic. Bikin navigasi UI atau data jadi lebih presisi. Mau diputer per step bisa. Mau diputer sekali banyak, gerakan scrollnya langsung ngebut. Mau kontrol pas lagi nyemplung atau tangan lagi basah pake sarung tangan, easy. Galaxy Watch 8 Classic juga punya tombol baru yang namanya quick button di tengah ini. Kita bisa custom buat jadi shortcut ke fungsi tertentu ya. Watch 8 Classic ini, ganyanya doang classic. Tapi isinya mulai dari prosesor, bioaktif sensor sampai ke sistem One UI 8 baru. Bikin fungsinya makin update makin rame. Favorit saya AI Gemini. Langsung ready dalam Galaxy Watch 8 series. Tinggal tahan tombol home terus ngomong dah, Gemini-nya kayak AI di HP. Input suaranya udah mantep akurat. Mau tanya jawab info apapun, silakan interaksi kayak ngomong sama orang beneran, dia nyambung. Jawabannya bakal ditampilin di layar dan ada suaranya juga. Cool. Rencanakan menu, hindari membeli bahan yang tidak terpakai. Selain Gemini AI, sekarang Watch 8 Classic juga bisa jadi running coach yang susunin porsi latihan lari kita buat target tertentu. Bisa ngasih slip guidance biar tidur jadi lebih berkualitas. Bisa cek energi score buat gambaran kondisi badan sebelum aktivitas. Bisa tracking vascular load data tentang beban di sistem peredaran dara kita. Kasih panduan buat latihan apas biar pikiran lebih tenang, relax, bisa kasih data soal status antioksidan di badan, makin pintar aja. Dukungan buat aplikasi terparti juga makin banyak. Mulai dari Strava, Spotify, To-Dulis, dan lain-lain yang bisa dilihat di Play Store. Fungsi wajib kayak tracking olahraga dan yuk jantung, kontrol kamera HP pasti tetap ada. brightness layar juga udah pasti tinggi. 3000 nits, pakai outdoor trick juga aman. Jadi Samsung Galaxy Watch 8 Classic, ganyanya classic, isinya makin canggih ya, makin pintar lagi.",4,"sederhana jam pintar bisa. fitur rotating bezel samsung galaxy watch classic. navigasi data presisi. diputer step bisa. diputer banyak, gerakan scrollnya langsung ngebut. kontrol pas nyemplung tangan basah pake sarung tangan, easy. galaxy watch classic tombol namanya quick button ini. custom shortcut fungsi ya. watch classic ini, ganyanya doang classic. isinya prosesor, bioaktif sensor sistem one baru. fungsinya update rame. favorit gemini. langsung ready galaxy watch series. tinggal tahan tombol home ngomong dah, gemininya kayak hp. input suaranya mantep akurat. info apapun, silakan interaksi kayak ngomong orang beneran, nyambung. jawabannya ditampilin layar suaranya juga. cool. rencanakan menu, hindari membeli bahan terpakai. gemini ai, watch classic running coach susunin porsi latihan lari target tertentu. ngasih slip guidance tidur berkualitas. cek energi score gambaran kondisi badan aktivitas. tracking vascular load data beban sistem peredaran dara kita. kasih panduan latihan apas pikiran tenang, relax, kasih data status antioksidan badan, pintar aja. dukungan aplikasi terparti banyak. aplikasi olahraga, spotify, todulis, lainlain play store. fungsi wajib kayak tracking olahraga yuk jantung, kontrol kamera ada. brightness layar tinggi. nits, pakai outdoor trick aman. samsung galaxy watch classic, ganyanya classic, isinya canggih ya, pintar lagi."
Kinalin pasien aku kali ini namanya raso Raso termasuk ikan jenis tamas sabah sudah lama bernanya terbalik Sang onda sengaja beli dalam kondisi terbalik dengan maksud berusaha untuk menolong Ternyata penyebab dia bernang kebalik karena memang lemak viserannya ini banyak banget dan dilembung bernangnya yang ukurannya sangat besar Hal ini sering terjadi pada ikan jenis tamas sabah dan goldfish karena memang bentuk tubuh mereka yang short body Lemak viserannya ini sangat tidak memungkinkan kita ambil Sehingga yang kita lakukan adalah memotong usus raso jadi raso bisa diert Berhubung ukuran ikan yang kecil jadi ukuran ususnya kecil banget Kayaknya ini usus terkecil yang pernah aku operasi deh Operasi berhasung lumayan lama sekitar 2 jam karena memang harus detail banget Gara-gara ngoperasi raso aku jadi baik sercing-sercing tentang tamas sabah Ikan tamas sabah ini asalnya dari Jepang tapi ternyata di Indonesia juga udah banyak yang jual loh asli dari beli kar Bentuknya tuh mirip sama goldfish jenis ryukin tapi ekornya tunggal Aku agak kurang paham gimana sejarahnya Tapi anjela setelah banyak peminatnya akhirnya diperbanyak sama Jepang lalu di import ke Indonesia Harganya menurut aku masih relatif terjangkau Aku cek di aplikasi master koi bot Bitnya masih diangka 100 ribu Menurut aku ikan tamas sabah ini cocok banget Untuk kalian para penulak yang mau biar ikan Sayangnya raso memang belum bertahan hari kelima pas ke operasi Malvin aku raso swimming fish ya,6,kinalin pasien kali namanya raso raso ikan jenis tamas sabah bernanya terbalik sang onda sengaja beli kondisi terbalik maksud berusaha menolong penyebab bernang kebalik lemak viserannya banget dilembung bernangnya ukurannya ikan jenis tamas sabah goldfish bentuk tubuh short body lemak viserannya ambil lakukan memotong usus raso raso diert berhubung ukuran ikan ukuran ususnya banget kayaknya usus terkecil operasi deh operasi berhasung lumayan jam detail banget garagara ngoperasi raso sercingsercing tamas sabah ikan tamas sabah asalnya jepang indonesia jual loh asli beli kar bentuknya tuh goldfish jenis ryukin ekornya tunggal paham gimana sejarahnya anjela peminatnya diperbanyak jepang import indonesia harganya relatif terjangkau cek aplikasi master koi bot bitnya diangka ribu ikan tamas sabah cocok banget penulak ikan sayangnya raso bertahan pas operasi malvin raso swimming fish
"Ini enteng nggak ada yang nge-pekannya, ada sabun muka sebuah gil ini Sebuah gil itu, unyuh-unyuh itu siapa sangka mamanya ternyata sebesar ini Ini gede banget guys, ini adalah salah satu tahapan skin care routine yang gua suka cuci muka Yang bikin gua suka adalah karena dari uanginya, kayak water lili Gak tau udah kayak wangi segar gitu guys, tapi bukan wangi segar pada umunya Soalnya gua baru nemu di sabun muka ini, karena gua yakin orang skin carean bukan cuma mau hasil aja Tapi mereka juga meng-expectasikan experience yang menyenangkan juga gitu Makanya produk itu ada inovasi-inovasinya ya kan, ada masker peeling, ada masker anlu, ada serum ini Gak cuma kayak, oh mencerahkan doang, untuk daya bersihnya oke ya Jadi dia membersihkan selayaknya sabun cuci muka, udah ada rasa kering, wajah terasa bersih Isinya 150 milik walaupun gede, dia sebenernya langsing gitu, jadi kayak bodong pet rasanya Kalo lo paling suka skin carean setahap lagi ngapain sih, coba komen",6,"enteng ngepekannya, sabun muka gil gil itu, unyuhunyuh sangka mamanya gede banget guys, salah tahapan skin care routine suka cuci muka suka uanginya, kayak water lili kayak wangi segar gitu guys, wangi segar umunya nemu sabun muka ini, orang skin carean hasil aja mengexpectasikan experience menyenangkan gitu produk inovasiinovasinya kan, masker peeling, masker anlu, serum kayak, mencerahkan doang, daya bersihnya oke membersihkan selayaknya sabun cuci muka, kering, wajah bersih isinya milik gede, sebenernya langsing gitu, kayak bodong pet suka skin carean setahap ngapain sih, coba komen"
"mau habis di bensin nih harus diisi om oh iya isi, tempat ada pemengin tuh besok aja deh ngapa? bagusan pagi kalau siang bensinnya ngembang jadi keisinya sedikit ngangaruh ini ya di dalam tangan pendam itu regulated temperature jadi temperaturnya gak pengaruh mau membuang gue jadi tangan pendam yang suguh gitu-gitu aja udah senang isi bensin ha nyampe nih ini ngapa? isi perth tamax oh tak kesempa central baik, untuk pembalangan lu mau pakai mersambung pakai main pertamina dong pas isinya speed 1 aja ya iya pak, baik speed 1 ya pak atahan speed 1- speed 1 iya biar lebih banyak gak kebuang gak tengah ru mau speed 1, 2, 3, 4, 5, 12 sama aja ada peniterannya emang gitu ya? gastro biar kepecusan tangan saya pendoh dimulai dari kanan ya pak kepa, kepa gak ngapain? goyang goyang ini biar masuknya banyak nah, karun mobil sekarang, wakum tuh kayak gini nih ada pintu asinnya, lubang kawanya, tangan bensinnya gak pengaruh mau di goyang goyang ini gimana juga masuk kepe, cepet juga masuknya sekarang, emang yang goyang goyang sih mamang? jadi, emang? ya masih mau speed 1 iya, sama aja mau 1, 2, 3 ternyata makanya lama kalau satu itu orang jadi perenganan speed 1, 2, 3 itu sama aja omobi juga tes langsung tunggu, real seberikutnya tes langsung speed 1, 2, 3 pada SPB",6,"habis bensin nih diisi iya isi, pemengin tuh besok aja deh ngapa? bagusan pagi siang bensinnya ngembang keisinya ngangaruh tangan pendam regulated temperature temperaturnya pengaruh membuang tangan pendam suguh gitugitu aja senang isi bensin nyampe nih ngapa? isi perth tamax kesempa central baik, pembalangan pakai mersambung pakai main pertamina pas isinya speed aja iya pak, speed atahan speed speed iya kebuang speed aja peniterannya emang gitu ya? gastro kepecusan tangan pendoh kanan kepa, kepa ngapain? goyang goyang masuknya nah, karun mobil sekarang, wakum tuh kayak gini nih pintu asinnya, lubang kawanya, tangan bensinnya pengaruh goyang goyang gimana masuk kepe, cepet masuknya sekarang, emang goyang goyang sih mamang? jadi, emang? speed iya, aja orang perenganan speed aja omobi tes langsung tunggu, real seberikutnya tes langsung speed spb"
"Bang, bus monitor atau TV gua butuh disimpen ga ya buat claim garansi? Dibung boleh ga ya? Buat ada ngebaran impennya! Hmm... Pas lu claim garansi ke brand sih, ga ada yang dilihat selain invoice pembelian. Iya, dilihat juga lah barang bodinya gitu ya. Rusak karena lu banting apa bukan. Dus plus gabusnya sendiri, mau lu buang ke, mau lu cairin jadi bungguan terus lu minum. Ga ada efek yang mas kale, sama garansi produk lu sendiri. Masalahnya, dus plus gabusnya itu, cocok itu perfect buat bungkus produk yang lu punya. Seaman mungkin, semisal lu mau claim garansi viag kirim-kirim, semisal service center jauh dari lu malu sendiri. Apa? Lu udah buang dus ya? Terus sekarang lu mau claim garansi bingung, busnya pakai apa? Satu kata, mampus! Kepaksa lu masih beli baubel, kardus, lakban, lu packing ga berapis-apis biar panel di monitor atau TV lu, kaga pecah pas pengiriman. Komeni mampus, gua kirim inlinya. Inget top up game? Inget di Dedy Top Up.",6,"bang, bus layar butuh disimpen claim garansi? dibung ya? ngebaran impennya! hmm.. pas claim garansi brand sih, invoice pembelian. iya, barang bodinya gitu ya. rusak banting bukan. dus plus gabusnya sendiri, buang ke, cairin bungguan minum. efek mas kale, garansi produk sendiri. masalahnya, dus plus gabusnya itu, cocok perfect bungkus produk punya. seaman mungkin, claim garansi viag kirimkirim, service center malu sendiri. apa? buang dus ya? claim garansi bingung, busnya pakai apa? kata, mampus! kepaksa beli baubel, kardus, lakban, packing berapisapis panel layar kamu, kaga pecah pas pengiriman. komeni mampus, kirim inlinya. inget isi ulang permainan? inget dedy isi ulang."
"Bosan melakukan double handed backhand inilah tutorial one handed backhand bagi pemula pertama, gunakan Eastern Backdrip ini adalah pegangan ideal untuk backhand satu tangan yang kuat dan presisi dua, posisi kaki mulai dengan posisi kaki yang benar kaki depan sedikit lurus ke samping kaki belakang menyamping dan badan menghadap resamping tiga, persiapan ayunan tarik raket ke belakang sambil putar bahuku ke arah bola empat, kontak point bukul bola dengan raket saat berada di depan tubuh tepat dipuncak pantulan bola lima, follow through setelah memukul, lanjutkan ayunan raket ke atas dan seberang itu bumu untuk menjaga keseimbangan dan kontrol yang baik telah ada serb-serb warna hand-to-pack hand follow for more tips, komentar, teknik apa lagi yang harus kita paranggakan",7,"bosan double handed backhand tutorial one handed backhand pemula pertama, eastern backdrip pegangan ideal backhand tangan kuat presisi dua, posisi kaki posisi kaki kaki lurus samping kaki menyamping badan menghadap resamping tiga, persiapan ayunan tarik raket putar bahuku arah bola empat, kontak point bukul bola raket tubuh dipuncak pantulan bola lima, follow memukul, lanjutkan ayunan raket seberang bumu menjaga keseimbangan kontrol serbserb warna handtopack hand follow tips, komentar, teknik paranggakan"
"Dan monitor pakai penitil gimana saya matiin ya sih? Hmm... biasanya monitor yang udah kasih pentil emang udah gak kasih tombol lainnya. Sedangkan pas lu mainin, kiri, kanan, atas bawah, Selalu masuk ke bagian setting monitornya. Matiinnya sebenernya sederhana. Pencet aja pentilnya tiga detik. Ingat top up game? Ingat di Dedy Tawab.",6,"layar pakai penitil gimana matiin sih? hmm.. layar kasih pentil emang kasih tombol lainnya. pas mainin, kiri, kanan, bawah, masuk setting monitornya. matiinnya sebenernya sederhana. pencet aja pentilnya detik. isi ulang permainan? dedy tawab."
"The second time, shall I stay? Shall I stay? No, the last thing, all that. Okay, yep. Wise men say, only fools rush in. But I can't help falling in love with you. Shall I stay? Would it be a sin? If I can't help falling in love with you. Yeah, I was a bit late. The last one. I see, I see. Don't worry. Okay, very good. More, it's all better.",6,"second time, shall stay? shall stay? no, last thing, that. okay, yep. wise men say, fools rush in. cant help falling love you. shall stay? would sin? cant help falling love you. yeah, bit late. last one. see, see. dont worry. okay, good. more, better."
"Tim Corvbal DKI Jakarta berhasil mengukir prestasi memokau dipon 21 ace sumut 2024 dengan meraih medal 5 pada nomor pertandingan K41 Port. Dalam pertandingan final yang berlangsung digor merah putih, sabang, ace, tim DKI Jakarta menunjukkan dominasi atas tim jawabarad dengan skor yang mencolok 92. Kemenangan ini memastikan mereka naik ke podium tertinggi dan menggengga medali emas. Terima kasih sudah menonton!",2,"tim corvbal dki jakarta berhasil mengukir prestasi memokau dipon ace sumut meraih medal nomor pertandingan port. pertandingan final digor merah putih, sabang, ace, tim dki jakarta dominasi tim jawabarad skor mencolok kemenangan podium tertinggi menggengga medali emas. terima kasih menonton!"
"Lu bandingin sama TV di Lepehin 11 inch ini mah. Sebelumnya gua ada ngomong OLED di smartphone memang bisa rusak standar mata. Tapi tetep dibantai sama OLED TV karena layar HP terlalu kecil. Tapi gimana kalau OLEDnya di iPad? Antung sync Apple selalu rasanya mewahin ya. Gila sih, tipis banget. Sekarang udah pakai chipnya baru, M4. Dan yang paling penting layarnya, tandem OLED. Dua OLED di stock supaya bisa push brightness. Berarti iPad ini real HDR, boss. Gila, panel itu mampu 1000 nits HDR di full screen. Dimana rata-rata TV OLED pas lu hajar full screen full wide, paling 200 sampai 250 nits. Ya ini kebantu karena layar iPad yang nggak segede TV, cuma 11 inch tuh. Lu bandingin sama TV di Lepehin 11 inch ini mah. Pas kenal lampu ruangan, hitamnya tuh masih kerasa abu-abu dibanding bezel. Tapi di ruangan gelap, barulah hitam pekat OLEDnya itu keluar. Bodinya tipis banget di tangan. Gila ini lah. Dan speaker ini pasti sih, badah. Lu pakai pribadi tuh nikmat banget. Soundnya. Tapi ketika lu bandingin sama TV dalam hal kenikmatan nontonnya, masalah iPad muncul langsung. Masalah pertama, kata resolusi iPad 11 inch ini cuma sekitar 16-68p. Disney Hotstar, kualitasnya jenis cuma mentok Full HD. HDR-nya mengerasa, tapi ketajaman konten 4K nggak bisa dikasih iPad ini. Dan masalah kedua, ada di permainan analognya. Di TV OLED, easy name, lu main 2 analog. Di iPad repot, lu mesti pegang iPadnya. Dan tangan satu lagi nggak laluasa sama sekali. Ah, kayak gini mah. iPad dibantai habis sama TV. Apalagi di harga iPad Pro ini 15 juta, jangan lupa beli iPad iPhone di studio ponsel. Masih lebih mahal dibanding TV Samsung OLED 55 inch. Ya, tetep lah. Ketika nanti TV OLED itu nggak bisa dikalain sama sekali. Ya, yang paling enak, lu punya 2-2-nya. 30 juta. Kalo main aja analog, gua kirimin linknya. Inget Top Up Game? Inget di Dedy Top Up.",0,"bandingin lepehin inch mah. ngomong oled smartphone rusak standar mata. tetep dibantai oled layar kecil. gimana olednya ipad? antung sync apple mewahin ya. sih, tipis banget. pakai chipnya baru, layarnya, tandem oled. oled stock push brightness. ipad real hdr, boss. sangat, panel nits hdr full screen. dimana ratarata oled pas hajar full screen full wide, nits. kebantu layar ipad segede tv, inch tuh. bandingin lepehin inch mah. pas kenal lampu ruangan, hitamnya tuh kerasa abuabu dibanding bezel. ruangan gelap, barulah hitam pekat olednya keluar. bodinya tipis banget tangan. lah. speaker sih, badah. pakai pribadi tuh nikmat banget. soundnya. bandingin kenikmatan nontonnya, ipad muncul langsung. pertama, resolusi ipad inch disney hotstar, kualitasnya jenis mentok full hd. hdrnya mengerasa, ketajaman konten dikasih ipad ini. kedua, permainan analognya. oled, easy name, main analog. ipad repot, mesti pegang ipadnya. tangan laluasa sekali. ah, kayak gini mah. ipad dibantai habis tv. harga ipad pro juta, lupa beli ipad iphone studio ponsel. mahal dibanding samsung oled inch. ya, tetep lah. oled dikalain sekali. ya, enak, nya. juta. main aja analog, kirimin linknya. inget isi ulang permainan? inget dedy isi ulang."
"kamu masih belum bisa push up kayak gini juga? jangan jangan, karena kamu belum tau ini nih nah, kalau kamu ngelakuin push upnya, pake satu hex ini masukin resistant hipband ke dua tangan kamu terus posisi resistant hipbandnya di bagian lengan kamu atau di atas ikut kamu kayak gini nih dan tinggal lakuin deh push upnya nah, ini kamu udah bisa ngelakuin push up jadi gampang banget auto bisa push up 100 kali guys oh iya, latihan push up ini buat melatih atuk dada kita next ya kalian mau gue bikin gerakan apa lagi nih? komen ya",6,"push kayak gini juga? jangan, nih nah, ngelakuin push upnya, pake hex masukin resistant hipband tangan posisi resistant hipbandnya lengan kayak gini nih tinggal lakuin deh push upnya nah, ngelakuin push gampang banget auto push kali guys iya, latihan push melatih atuk dada next gerakan nih? komen"
"hati-hati konsumsi produk turunan susu yang satu ini yaitu butter kita udah tau kalau produk-produk hewan itu kurang bagus terutama butter kenapa? karena itu tinggi dengan saturated fat lemang cennuh itu bisa ngasih kita serangan jantung dan semua penyakit metabolik ini gua mau share satu studi yang terbaru yang dipublish di European Journal of Clinical Nutrition dan mereka tuh melihat di data di 2 ribu orang ya mereka bukan cuma melihat di konsumsi butter tapi mereka juga membantikan dengan konsumsi margarin di orang-orang ini, 2000 orang ya bukan cuma dari yang mereka konsumsi mereka juga ngecek serum darahnya untuk HDL, triglycerida, persentas lemak di dalam badannya dan rasio triglycerida dan HDL ternyata orang-orang yang konsumsi butter mereka itu resiko kena serangan jantung dan tipe 2 diabetesnya terasosinya turun malahan dengan konsumsi butter malahan yang konsumsi margarin yang plan based fat itu malahan naik, resiko mereka kena serangan jantung, penyakit jantung dan tipe 2 diabetes karena kemungkinan margarin itu tinggi di transfat jadi apa bahayanya konsumsi produk turunan susu butter yang tinggi dengan lemak jenuh? bahayanya adalah bagi orang-orang yang nggak nonton video ini habis selesai",0,"hatihati konsumsi produk turunan susu butter produkproduk hewan bagus butter kenapa? saturated fat lemang cennuh ngasih serangan jantung penyakit metabolik share studi terbaru dipublish european journal clinical nutrition tuh data ribu orang konsumsi butter membantikan konsumsi margarin orangorang ini, orang konsumsi ngecek serum darahnya hdl, triglycerida, persentas lemak badannya rasio triglycerida hdl orangorang konsumsi butter resiko kena serangan jantung tipe diabetesnya terasosinya turun konsumsi butter konsumsi margarin plan based fat naik, resiko kena serangan jantung, penyakit jantung tipe diabetes margarin transfat bahayanya konsumsi produk turunan susu butter lemak jenuh? bahayanya orangorang nonton video habis selesai"
"SUV listrik ini punya torsi 765 Nm dan bisa melaju lebih dari 560 km. Inilah Mercedes-Benz EQE SUV 350 AMG lain yang baru saja meluncur di Indonesia. Tuas pintunya ratenya dengan bodi. Terus kalau mau buka gimana, tinggal dielur saja seperti ini. Ha ha! Interiornya paduan antara retro dan futuristis. Keren sekali. Tidak ada grill, semuanya tertutup karena ini adalah mobil elektrik tapi ada logo Mercedes-Benz. Hampir 300 buah di sini. Mobil ini memiliki baterai 95 kWh, makanya besar sekali dan bisa menempuh jarak yang jauh. Serta dia memiliki penggerak all-wheel drive dan ban belakang bisa belok alias 4-wheel steering. Selain 4-wheel steering mobil ini juga punya air suspension sehingga bisa dinaikan dan diturunkan. Bisa dicarak dengan listrik AC maksimal 11.000 Watt atau listrik DC sampai 110.000 Watt. Tenagannya 292 HP, 0-100 diklaim tuntas dalam 6.6 detik. Gak perlu takut kejepit ini. Aman! Mobil ini harganya di kisaran 2.8 miliar rupiah off-road yang mana itu tidak murah. Tapi mobil ini juga punya sejumlah hal-hal unik yang tidak dimiliki kompetitornya. Untuk video yang lebih lengkap mengenai EQI 350 SUV ini, anda bisa langsung ke channel YouTube Autodriver.",6,"suv listrik torsi melaju kamu. mercedesbenz eqe suv amg meluncur indonesia. tuas pintunya ratenya bodi. buka gimana, tinggal dielur ini. ha! interiornya paduan retro futuristis. keren sekali. grill, tertutup mobil elektrik logo mercedesbenz. buah sini. mobil memiliki baterai kwh, menempuh jarak jauh. memiliki penggerak allwheel drive ban belok alias wheel steering. wheel steering mobil air suspension dinaikan diturunkan. dicarak listrik maksimal watt listrik watt. tenagannya hp, diklaim tuntas detik. takut kejepit ini. aman! mobil harganya kisaran miliar rupiah offroad murah. mobil halhal unik dimiliki kompetitornya. video lengkap eqi suv ini, langsung channel youtube autodriver."
"Akhirnya ada model Hyundai Creta yang bisa head-to-head banget sama Hyundai HRV RS. Cek dulu varian Creta cepat, Hyundai Creta Enline Cing. Yup, Creta facelift udah resmi mengaspal dan nambah varian Enline yang berbau performa. Dari segigaya, beda total, bukan sekedar nambah aksesori add-on. Lihat aja mukanya yang lebih galak dan luas ketimbang Creta biasa yang serba tegap. Begitu kula di belakang dengan spoiler lebih kentara dan pemanis ala diffuser. Jauh lebih galak, ditambah lagi pakai spat 18 inch. Masuk ke dalam kabin, dashboardnya baru nih teman-teman. Dia pakai layar di kiri untuk instasteme fitur dari sebelah kanan, dia untuk layar instrumentasi. Udah gitu, masih mempertahankan tombol-tombol yang kayak kita lihat tuh kayak ada di Hyundai Kona Electric. Walaupun dia kelihatan futuristis tapi masih mempertahankan keperaktisannya. Terus di Enline punya teman khusus dengan background hitam dan aksennya merah. Juga ada fitur-fitur spesifik seperti kamera 360, joknya udah elektrik sebagai penggumudi. Dan bagian bagasinya juga udah elektrik-ting. Improvement besar yang mana makin berasa panas untuk bisa ngadu sama HR VRS. Dan ya, keren tas cara umum sekarang fiturnya lebih lengkap. At least adasnya udah termasuk adaptive cruise control. Nah ini yang bikin dia beda. Mesinnya bukan pakai 1500 cc biasa tapi pakai 1500 cc turbo yang bisa kita temuin di Kia Celtos. Jadi, powernya lebih gede nih. Yes, bukan sekedar bersolek, tenangannya juga lain khusus model Enline. Dan jelas soal harga pun paling tinggi karena doi resmi mengisi varian teratas di lain uphunda kereta. Jadi gimana? Jadi pertimbangan berat gak buat yang lagi nimbang-nimbang HR VRS?",6,"model hyundai creta headtohead banget hyundai hrv rs. cek varian creta cepat, hyundai creta enline cing. yup, creta facelift resmi mengaspal nambah varian enline berbau performa. segigaya, beda total, sekedar nambah aksesori addon. lihat aja mukanya galak luas ketimbang creta serba tegap. kula spoiler kentara pemanis ala diffuser. galak, ditambah pakai spat inch. masuk kabin, dashboardnya nih temanteman. pakai layar kiri instasteme fitur sebelah kanan, layar instrumentasi. gitu, mempertahankan tomboltombol kayak lihat tuh kayak hyundai kona electric. futuristis mempertahankan keperaktisannya. enline teman khusus background hitam aksennya merah. fiturfitur spesifik kamera joknya elektrik penggumudi. bagasinya elektrikting. improvement berasa panas ngadu vrs. ya, keren tas fiturnya lengkap. least adasnya adaptive cruise control. beda. mesinnya pakai pakai turbo temuin kia celtos. jadi, powernya gede nih. yes, sekedar bersolek, tenangannya khusus model enline. harga doi resmi mengisi varian teratas uphunda kereta. gimana? pertimbangan berat nimbangnimbang vrs?"
"Bang, kalau buat pemula mau mulai waktunya pakai dumbbell itu bagusnya pakai berapa kilo dulu ya Ah, tanya menarik nih Sini aku jelasin Sebenernya mulai dari berapa kilo itu tergantung kekuatan kalian masing-masing ya guys Tapi sebenernya gini aja nih Kalau misalnya kalian cowok, kalian bisa mulai pakai 3-5 kilo dulu Ini dumbbell 5 kilo Kalau misalnya kalian cerai, kalian bisa mulai pakai 3-3 kilo dulu Ini dumbbell 1 kilo, segiranya nih Nah nanti kalian tes tuh, kalau misalnya terlalu ringan, kalian bisa naikin bebannya Kalau terlalu berat, tinggal turunin Atau kalian bisa pakai dumbbell yang bisa diatur bebannya kayak gini nih Karena ini bisa mulai dari 2,5 kilo sampai ke 20 kilo Jadi ini maha ga mahal sih dan ongkiras juga lumayan Tapi ini worth it buat dipunyain buat jarangka panjang Jadi gimana? Kalian bisa pakai dumbbell berapa kilo nih buat latihan workout di rumah Coba komen di bawah ya Semoga video ini berbentuan banget buat kalian Kalau iya bisa share ke teman-teman kalian Top semangat workoutnya dan stay hard",7,"bang, pemula pakai dumbbell bagusnya pakai kilo ah, menarik nih jelasin sebenernya kilo tergantung kekuatan masingmasing guys sebenernya gini aja nih cowok, pakai kilo dumbbell kilo cerai, pakai kilo dumbbell kilo, segiranya nih tes tuh, ringan, naikin bebannya berat, tinggal turunin pakai dumbbell diatur bebannya kayak gini nih kilo kilo maha mahal sih ongkiras lumayan worth dipunyain jarangka gimana? pakai dumbbell kilo nih latihan workout rumah coba komen semoga video berbentuan banget iya share temanteman top semangat workoutnya stay hard"
"Oke, ini wajah kalau misalnya kita tadi mundur habis Rau ketiganya sama sekali tidak dapat Space, lihat ya Kita ke belakang Sama sekali tidak ada Space Tuh, tidak mungkin bisa masuk, kita harus majuin jok ini Tetap sempit Ini kalau kita majuin sesuai, ini Leg restnya juga tidak bisa di majuin, jodinya Jok belakangnya ini Harusnya bisa lebih mundur lagi Namun, kami berusaha di WAOM Giant Di M-Tech bisa modifikasi jok paling belakang ini Untuk bisa lebih mundur lagi secara elektrik Ini Duh, ini repot sekali Untuk melipat kursi Rau ketiga Masih manual maju mundur pula Dan luasan bagasi ini mengorbankan luasan penumpang Ah, ternyata sekarang ada solisinya untuk membuat kabin penumpang lebih luas Karena Mobile Tech bisa mengubah krepotan ini dengan Yang praktis-praktis saja Tinggal pencet tombol Dan secara elektris, kursi Rau ketiga bisa maju mundur dengan mudahnya Namun tidak hanya maju mundur saja Sosial Mobile Tech ini menambah rail yang di extend ke belakang Jadi kursi Rau ketiga ini bisa lebih mundur lagi Sehingga ruang kaki lebih luas Merupakan solusi yang praktis, mudah dan tidak mengubah bentuk pabrikan Ayo, main ke Instagram-nya Mobile Tech",6,"oke, wajah mundur habis rau ketiganya space, lihat space tuh, masuk, majuin jok sempit majuin sesuai, leg restnya majuin, jodinya jok belakangnya mundur namun, berusaha waom giant mtech modifikasi jok mundur elektrik duh, repot melipat kursi rau ketiga manual maju mundur luasan bagasi mengorbankan luasan penumpang ah, solisinya kabin penumpang luas mobile tech mengubah krepotan praktispraktis tinggal pencet tombol elektris, kursi rau ketiga maju mundur mudahnya maju mundur sosial mobile tech menambah rail extend kursi rau ketiga mundur ruang kaki luas solusi praktis, mudah mengubah bentuk pabrikan ayo, main instagramnya mobile tech"
"hari ini saya mau spil latihan favorit saya untuk lebarin lutz atau gedein lutz secara keseluruhan karena kalau kalian mau barang yang estetik kalian wajib punya lutz yang lebar untuk dapat V-taper bukan cuma yang gede di tangan doang tapi nggak lebar kebetulan hari ini saya mau catak personal record karena pasca kompetisi mungkin saya ada sedikit masalah sehingga strength saya belum kembali dan ini mulai balik lagi hari ini special saya pakai stimuler pina flex supaya dapat personal record baru kanungan beta alarin kaffee in, vitamin C dan tiaquin bantu kita lebih fokus satihan brake PR meski di saat nantuk keraiskup, reaksinya cepat, powerful pandangin terus sampai akhir karena tutorial ekstrasasi ini menurut saya bakal golden banget oke jadi ini alatnya ini kita akan melakukan vertical pull dalam scapular plane jadi scapular plane ini engelnya deh hit ya ini badan ini engel 45 derajat kalau ini frontal plane ini sagita plane ini scapular plane kita pull di scapular plane supaya kena bagian atas dan kena bagian bawah kalau misalkan frontal plane seperti pull down atau pull up dia di bagian lutz bawah tapi kalau misalkan di scapular plane insagita plane dia kena upper lutz scapular plane itu kena sebuah kenapa saya pakai scapular plane saya juga menggunakan underhand grip karena dengan underhand grip di sap lebih tidak sakit saya punya bicep plane jika saya pruneted grip akan sakit dan neutral grip akan sakit jadi saya akan menggunakan underhand grip ini warm up terakhir 50kpl per sisi setelah set saya di 60kpl gerakannya agak aneh dikit yaitu saya nyamping seperti ini supaya berada di scapular plane munculinnya elbow selalu bawa ke badan jadi rapet elbow selalu deket sama badan jangan sampai jauh, tariknya ke hit karena ini cuma warm up jadi saya cuma 2 sampai 4 kpl saja kering gini ya pull ke hit upgrade shock motion pastikan gumruznya 120dB sampai 60dB jadi tidak perlu sampai full ke atas karena kalau ke atas dia pindah ke jas entah wawah ke bawah masih oke tapi mungkin lebih panjang oke sekarang kita top set 60kpl per sisi DR saya di marab jadi saya mau coba lebih dari di marab let's go Gile 30 Kpl siap pi型 sudah ifas",4,"spil latihan favorit lebarin lutz gedein lutz barang estetik wajib lutz lebar vtaper gede tangan doang lebar catak personal record pasca kompetisi strength special pakai stimuler pina flex personal record kanungan beta alarin kaffee in, vitamin tiaquin bantu fokus satihan brake nantuk keraiskup, reaksinya cepat, powerful pandangin tutorial ekstrasasi golden banget oke alatnya vertical pull scapular plane scapular plane engelnya deh hit badan engel derajat frontal plane sagita plane scapular plane pull scapular plane kena kena frontal plane pull pull lutz scapular plane insagita plane kena upper lutz scapular plane kena pakai scapular plane underhand grip underhand grip sap sakit bicep plane pruneted grip sakit neutral grip sakit underhand grip warm kpl sisi set kpl gerakannya aneh dikit nyamping scapular plane munculinnya elbow bawa badan rapet elbow deket badan jauh, tariknya hit warm kpl kering gini pull hit upgrade shock motion pastikan gumruznya full pindah jas wawah oke oke top set kpl sisi marab coba marab lets gile kpl ifas"
"Amerika Serikat menetapin berbagai regulasi buat batasin akses China ke teknologi AI dan Semiconductor Canggi. Tujuan langkah ini dibilang buat ngelindungin keamanan Nasional AS dan mencegah peningkatan militernya China ke teknologi Canggi. 28 Oktober 2024 kemarin, pemerintahan Biden nyalisain aturan yang membatasi investasi Amerika Serikat di sektor teknologi di China, termasuk AI, Semiconductor, dan teknologi kwantum. Dan ditambah lagi 10 November kemarin, departemen perdagangan AS kasih perintah ke TSMC buat hentiin pengiriman chip Canggi ke pelanggan di China. Keputusan ini diambil setelah ditemuin kalau salah satu chip TSMC digunain dalam prosesor AI-nya Huawei. Ya kayak gitu sih udah pasti maksa China buat bikin chip mereka sendiri secepat mungkin. Butuh banyak duit dong. Dapat duit dari mana? Jualan barang di Indonesia.",0,"amerika serikat menetapin regulasi batasin akses china teknologi semiconductor canggi. tujuan langkah dibilang ngelindungin keamanan nasional mencegah peningkatan militernya china teknologi canggi. oktober kemarin, pemerintahan biden nyalisain aturan membatasi investasi amerika serikat sektor teknologi china, ai, semiconductor, teknologi kwantum. ditambah november kemarin, departemen perdagangan kasih perintah tsmc hentiin pengiriman chip canggi pelanggan china. keputusan diambil ditemuin salah chip tsmc digunain prosesor ainya huawei. kayak gitu sih maksa china chip secepat mungkin. butuh duit dong. duit mana? jualan barang indonesia."
"sedikit tips buat kalian yang pengen dapetin 10.000 Rupiah, tapi bosan kalau cuma jalan biasa kayak gini, coba ini, The Japanese Walking Protocol. Jadi caranya itu kalian jalan biasa atau santai selama 3 menit kayak gini nih. Terus lalu jalan cepat selama 3 menit juga. Nah itu diulau-ulang terus sampai 5 kali. Jadi 5 kali jalan biasa, 5 kali jalan cepat. Jadi total waktunya 30 menit. Ini aku pas baru selesai nyobain cara jalan ini, pake Walking Pad Pro dari Hyper Fit. Dan ternyata enak banget. Walking Padnya enak, efek teknik jalan ini di badanku juga enak. Yuk siapa yang tertarik nyobain teknik jalan ini nih, coba komen di bawah ya. Cermin video ini ke temen dan sodala kalian, biar pada nyobain ini juga lap semangat jalannya dan stay hard. Oh ya dengan teknik jalan ini tadi aku bisa dapet 3.500 langkah dalam waktu 30 menit.",4,"tips dapetin rupiah, bosan jalan kayak gini, coba ini, japanese walking protocol. jalan santai menit kayak gini nih. jalan cepat menit juga. diulauulang kali. kali jalan biasa, kali jalan cepat. total menit. pas selesai nyobain jalan ini, pake walking pad pro hyper fit. enak banget. walking padnya enak, efek teknik jalan badanku enak. yuk tertarik nyobain teknik jalan nih, coba komen ya. cermin video teman sodala kalian, nyobain lap semangat jalannya stay hard. teknik jalan dapet langkah menit."
"Hai guys, kali ini, Adein Malai sebagai doktor helan spesialis ikan tapi udah punya 3 doktor Gak kerasa padahal 1 tahun yang lalu aku masih sendirian Pagi-pagi kita sanggal ngobrol makan makaron yang dibuat sama doktor Amel Kita diskusi juga untuk kasus-kasus yang akan kita hadapi hari ini Doktor Amel akan ke 2 klien, doktor Dina ke 3 klien, sedangkan aku dan doktor Hana ke 2 klien Klayan pertama aku, lokasinya di BSD Klayan aku mengaluhkan ikannya selalu tenggalam di bawah alias hinkinkin Kalau kalian perhatiin di rasa aku yang lain, kasus ini sering sekali terjadi ya Yang problemnya nggak selalu ada pada gelem bung renang sebenarnya, makanya wajib kita ekstrez Ya, tanpa basah basi ikan langsung aku peking dan aku bawa Di tempat ini aku sekalian menggokin baby-baby ikan koi hasil dari induksi Loh berapa minggu lalu si ibu ikan nggak keluar-keluar telurnya jadi aku injaksih hormon deh Klayan aku selanjutnya lokasinya di Pataw Senayan Ikannya di kolam, bolak balik, sakit, nggak selesai-selesai kasusnya Ikannya satu udah sembuh, gampian ikan yang lain yang sakit Aku curiga ada sesuatu yang salah di akhirnya Hinkijalannya paling parah kita coba angkat dan periksa Ternyata rada nya udah parah banget Insula di cek, foto zoenya juga banyak banget Akhirnya aku bawa ke Rawat Inap Terus kita lanjut xray, ikan klien aku yang tadi lokasinya di BSD Karena doktor Amel udah selesai sama urusannya Akhirnya aku suruh dia buat bantu xray Di sini doktor Amel aku minta buat mentoling doktor Hana Sita doktor Hana tahu cara xray ikan yang baik dan benar Setelah selesai xray aku kembali ke Rawat Inap dengan nombor kasian Selanjutnya saya harusnya doktor Dina sih yang bikin edain my life Gimana, pada setu juga",6,"hai guys, kali ini, adein malai doktor helan spesialis ikan doktor kerasa pagipagi sanggal ngobrol makan makaron doktor amel diskusi kasuskasus hadapi doktor amel klien, doktor dina klien, doktor hana klien klayan aku, lokasinya bsd klayan mengaluhkan ikannya tenggalam alias hinkinkin perhatiin lain, problemnya gelem renang sebenarnya, wajib ekstrez ya, basah basi ikan langsung peking bawa menggokin babybaby ikan koi hasil induksi loh minggu ikan keluarkeluar telurnya injaksih hormon deh klayan lokasinya pataw senayan ikannya kolam, bolak balik, sakit, selesaiselesai kasusnya ikannya sembuh, gampian ikan sakit curiga salah hinkijalannya parah coba angkat periksa rada nya parah banget insula cek, foto zoenya banget bawa rawat inap xray, ikan klien lokasinya bsd doktor amel selesai urusannya suruh bantu xray doktor amel mentoling doktor hana sita doktor hana xray ikan selesai xray rawat inap nombor kasian doktor dina sih edain life gimana, setu"
ini adalah adaptive cruise control yang tercanggi yang pernah kami coba pada suatu mobil jadi ini adalah X-Peng X9 dia bisa juga adaptive cruise control saat macet ya sudah banyak mobil yang bisa begitu juga tapi lihat nih mobil depan maju sedikit mobilnya maju dengan jaraknya sangat deket kami nggak ngerem sama sekali dan berhentinya cukup deket sesuai sama kebiasaan orang Indonesia sehingga tidak mudah dipotong apabila kita macet-macet pakai adaptive cruise control X-Peng X9 ini luar biasa nih,6,adaptive cruise control tercanggi coba mobil xpeng adaptive cruise control macet mobil lihat nih mobil maju mobilnya maju jaraknya deket ngerem berhentinya deket sesuai kebiasaan orang indonesia mudah dipotong macetmacet pakai adaptive cruise control xpeng nih
"Hai guys, biasanya kalian ngelihat aku meriksa pasien yang ukurannya 1 meter kali ini pasien aku ukurannya nggak lebih kedi dari jadi kelinking aku bahkan berat badannya cuma 4,4 gram ikan ini udah nggak mau makan dari satu hari yang lalu terlihat ada banyak peradangan di area punggung dan area ekor karena memang ikan ini kondisinya sudah tidak baik akhirnya aku memutuskan untuk memasukkan ikan ini ke ICU saking kecilnya, dia sampai bisa aku masukkan ke dalam cup holder kayak gini fish owner bilang dia dapat ikan ini gratis sebenernya tapi anaknya sayang banget sama ikan ini fish owner yang kayak gini perlu direstarikan sebenarnya dia nggak peduli berapa harga ikannya yang penting dia commitment buat ngerawat sayangnya setelah aku observasi ulang ikannya di tempat yang lebih besar ikan ini menunjukkan gaya bernang yang irregular dan suka menabrak-nabrak dindi untuk mengurangi stress aku berikan garam ikan dengan dosi 1 kilogram per 1000 liter air treatment yang kita lakukan di ICU adalah pemberian antibiotik, antiradang, dan vitamin sumber oksigennya kita juga pakai oksigen murid sayangnya dia ada lemas banget dan kemungkinan kesembuhannya adalah 50% semoga aku bisa menyelamatkan kamu ya di kecil",6,"hai guys, ngelihat meriksa pasien ukurannya meter kali pasien ukurannya kedi kelinking berat badannya gram ikan makan peradangan area punggung area ekor ikan kondisinya memutuskan memasukkan ikan icu saking kecilnya, masukkan cup holder kayak gini fish owner bilang ikan gratis sebenernya anaknya sayang banget ikan fish owner kayak gini direstarikan peduli harga ikannya commitment ngerawat sayangnya observasi ulang ikannya ikan gaya bernang irregular suka menabraknabrak dindi mengurangi stress garam ikan dosi kilogram liter air treatment lakukan icu pemberian antibiotik, antiradang, vitamin sumber oksigennya pakai oksigen murid sayangnya lemas banget kesembuhannya semoga menyelamatkan"
"semua perempuan yang suka pakai jilbab dan jarum pentul kalau lagi pakai jilbab, gak usah banyak ngomong nanti ketelan jarum pentulnya hari ini gue ke daerah tangan pasien jilab pasien, kata gue dokter gue maksudnya hari ini gue ke daerah tangan pasien yang dia lagi pakai jilbab terus tuh pentul dikaitin di mulutnya, diempetin gitu terus dia ngobrol sama temennya, akhirnya pentulnya ketelan lagi yang pertanyaan gue cuma satu, kenapa sih demen banget ngegigit jarum pentul? gue debus loh, lembat ketelan gue nah permasalahnya pas jilab ngegigit, gue sudah membesar dan tidak kelihatan sama sekali curiga nya itu sudah sampai masuk ke tenggerokan, keongkongan atau mungkin sudah sampai paru-paru permasalahannya kasus kayak gitu tuh bahaya banget apalagi kalau masuknya sudah sampai paru-paru yang bagian bawah sini itu dia bisa masuk ke ruang operasi, buat diambil di ruang operasi bentukan itu nanti bakal kayak gini kalau dikonsen nah permasalahannya adalah kalau kayak gini nggak semua rumah sakit punya fasilitasnya buat ngambil jadi dibandingkan lo masuk rumah sakit, mendingan lo kalau lagi pakai jilbab, diam nggak usah banyak ngomong apalagi pentul tuh kenapa sih harus digigit, bisa ngasih ditunjelapin di mana gitu kan? nggak susah ya, oke? terima kasih, tolong disembak kepada teman-teman kalian semua",4,"perempuan suka pakai jilbab jarum pentul pakai jilbab, ngomong ketelan jarum pentulnya daerah tangan pasien jilab pasien, dokter maksudnya daerah tangan pasien pakai jilbab tuh pentul dikaitin mulutnya, diempetin gitu ngobrol temennya, pentulnya ketelan satu, sih demen banget ngegigit jarum pentul? debus loh, lembat ketelan permasalahnya pas jilab ngegigit, membesar curiga nya masuk tenggerokan, keongkongan paruparu permasalahannya kayak gitu tuh bahaya banget masuknya paruparu masuk ruang operasi, diambil ruang operasi bentukan kayak gini dikonsen permasalahannya kayak gini rumah sakit fasilitasnya mengambil dibandingkan masuk rumah sakit, mendingan pakai jilbab, diam ngomong pentul tuh sih digigit, ngasih ditunjelapin gitu kan? susah ya, oke? terima kasih, tolong disembak temanteman"
"kalau nggak mau sih nggak apa-apa, tapi ini cara gua cukur alis yang pertama pastiin lu pakai pleatin ya, di sini gue pakai face oil dan ketika lu cukur alis, tuh lu ngeliatnya kedepan gitu ya, biar presisi nggak mencong-mencong kalau lu takut nggak presisi, lu bisa gambar alis dulu dan tinggal cukur aja sisanya di luar gambarnya kaya tau udah di padan tar, tiba-tiba botok ya kan, terus nyusul, takut banget intinya nyukurnya itu berhenti, cukur-bentih cukur, gitu ya, pelan-pelan aja and goodluck",7,"sih apaapa, cukur alis pastiin pakai pleatin ya, pakai face oil cukur alis, tuh ngeliatnya kedepan gitu ya, presisi mencongmencong takut presisi, gambar alis tinggal cukur aja sisanya gambarnya kaya padan tar, tibatiba botok kan, nyusul, takut banget intinya nyukurnya berhenti, cukurbentih cukur, gitu ya, pelanpelan aja goodluck"
"Salamualaikum warahmatullahi wabarakatuh. Salam olahraga. Jaya, pemerintah provinsi di Kijakarta menyampaikan apresiasi dan rasa bangga atas akan terselenggaranya. Pekan olahraga pelajar provinsi atau por-pros dan Pekan olahraga provinsi atau por-pros. Pekan olahraga pelajar provinsi atau por-pros dan Pekan olahraga provinsi atau por-pros di DK Jakarta tahun 2025. Yang insya Allah akan dilaksanakan pada tanggal 4 sampai dengan 8 Agustus 2025. Ajang ini bukan hanya sekedar pertandingan, tetapi sebagai wujud komitmen PEMPROF di DK Jakarta dan Koning di DK Jakarta dalam melakukan pembinaan dan peningkatan prestasi olahraga di DK Jakarta menuju prestasi global. Dan kepada sebuah atlet saya ucapkan selamat bertanding di Pekan olahraga pelajar provinsi dan Pekan olahraga provinsi DK Jakarta tahun 2025. Tunjukkan prestasi terbaik kalian. Jungjung ini sportivitas, integritas dan rasa hormat kepada setiap perlawan. Jakarta Otar Global dan Berbudaya Jakarta menuju prestasi global. Salam olahraga. Terima kasih. Wassalamu'alaikum warahmatullahi wabarakatuh.",4,"salamualaikum warahmatullahi wabarakatuh. salam olahraga. jaya, pemerintah provinsi kijakarta apresiasi bangga terselenggaranya. pekan olahraga pelajar provinsi porpros pekan olahraga provinsi porpros. pekan olahraga pelajar provinsi porpros pekan olahraga provinsi porpros jakarta insya allah dilaksanakan tanggal agustus ajang sekedar pertandingan, wujud komitmen pemprof jakarta koning jakarta pembinaan peningkatan prestasi olahraga jakarta prestasi global. atlet ucapkan selamat bertanding pekan olahraga pelajar provinsi pekan olahraga provinsi jakarta tunjukkan prestasi terbaik kalian. jungjung sportivitas, integritas hormat perlawan. jakarta otar global berbudaya jakarta prestasi global. salam olahraga. terima kasih. wassalamualaikum warahmatullahi wabarakatuh."
"jujur ga aget banget lo di stopin sama beawar dah kayak gini jadi aku lagi main ke mall 2 3 paskal bandung terus lewatin butuh warah, ternyata aku ditilang sama patrolips untung aja aditas aku sedia lip cream ya warah jadi aku langsung dapet hadiah lipstick secara cuma cuma loh nah ini dia nih lipsticknya tapi buat kamu yang ngebawa lipsticknya warah terang aja tetep dapet voucher langsung 25.000 et sengga cuma disitu ternyata ada activity yang bisa kalian lakuin dibutuhin warah dan kayak aku lagi cobain personal color analysis ternyata aku masuknya ke cool summer nah terus abis itu aku juga dapet reportnya namanya library jadi kita gak bingung lagi dia pake shade yang mana by the way di bulan agusus ini warah lagi banyak banget gak ada activity about lips jadi kalo kalian mau tau harus follow warah beauty bandung yuk langsung aja datang ke event wet sense beauty my way yang ada di paskal sampe tanggal 3 agusus nanti bye bye",6,"jujur aget banget stopin beawar dah kayak gini main mall paskal bandung lewatin butuh warah, ditilang patrolips untung aja aditas sedia lip cream warah langsung dapet hadiah lipstick loh nih lipsticknya ngebawa lipsticknya warah terang aja tetep dapet voucher langsung sengga disitu activity lakuin dibutuhin warah kayak cobain personal color analysis masuknya cool summer habis dapet reportnya namanya library bingung pake shade way agusus warah banget activity lips follow warah beauty bandung yuk langsung aja event wet sense beauty way paskal sampe tanggal agusus bye bye"
"Om Fitra nggak sayang, mobilnya kejemur saya banyak dapet DM dan komentar seperti itu di Instagram dan sampai nanti garasi sebelah itu selesai terpaksa memang saya harus taruh mobil ini dijemur-jemur tapi saya ada beberapa triknya yang pertama, dipastikan dulu kalau saya ada parkiran yang terdus seperti ini ini dipenuhi oleh mobil dulu supaya nggak terlalu banyak yang dijemur untuk mobil yang terpaksa di parkir di luar saya gunakan kaca film yang berkualitas dan ppf untuk melindungi chat serta interiornya nggak lupa saya juga memastikan sistem AC dan pendingin mesin seluruh mobil-mobil saya bekerja dengan baik nggak kerasa syuting seperti ini aja jadi aus banget karena sama seperti mobil, tubuh kita juga butuh perlindungan dengan memilih air minum yang tepat jangan salah pilih apalagi saya kan orangnya outdoor banget kan di luar terus Nah, debu asapolusi itu bisa mengkontaminasi segala hal termasuk air minum yang kita beli di jalan makanya saya pilih lemin mineral makasih karena dia tutupnya ada segelnya, jadi nggak perlu over thinking lagi mau debu asapolusi nggak mungkin masuk ke sela-sela tutupnya lemin mineral memastikan kualitas air mineralnya terjaga dan hygienis makanya kemanapun ada beraktivitas selalu pilih yang terjamin lebih hygienis yaitu lemin mineral",7,"fitra sayang, mobilnya kejemur dapet komentar instagram garasi sebelah selesai terpaksa taruh mobil dijemurjemur triknya pertama, parkiran terdus dipenuhi mobil dijemur mobil terpaksa parkir kaca film berkualitas ppf melindungi chat interiornya lupa sistem pendingin mesin mobilmobil kerasa syuting aja aus banget mobil, tubuh butuh perlindungan memilih air minum salah pilih orangnya outdoor banget nah, debu asapolusi mengkontaminasi air minum beli jalan pilih lemin mineral makasih tutupnya segelnya, thinking debu asapolusi masuk selasela tutupnya lemin mineral kualitas air mineralnya terjaga hygienis kemanapun beraktivitas pilih terjamin hygienis lemin mineral"
"gue bisa belanja di Shopee banyak banget dan kita akan coba semua yang pertama adalah ini bahannya enak banget tinggi ini kayak bahan rajut gitu atasnya juga kayaknya kaos tapi yang gak gerah dan gak aneh gitu bahannya dia stretch juga dan ini kayaknya dari 2 toko yang berbeda tapi aku suka ini iya kan? gemes banget terus gue juga beli ini sendal enak banget parah kayak dari karet gitu jadi gak akan sakit dan dipakai nyaman banget pake tasnya dari Shopee juga dan kamu dapet sebuah kaca ini sangat mudah dan murmer parah banget ya wah! lalu kita punya ini ini rock panjang juga gue kayaknya lagi suka rock panjang deh gak tau kenapa terus ini bahannya masih rajut juga tapi kayak agak tebel dibanding yang tadi tapi masih sangat stretchy, sangat komfotabel ini juga sendal penemuan track baru gue ini juga nyaman banget dipakai parah sama type of look masih santai tapi kayak niat gitu santai tapi niat, bingung gak lo? terus gue juga beli ini ini rock rajut juga, ijotua kayaknya ini menurut gue ini kayaknya nge-sits weird di gue, ya gak sih? potongannya tuh kayaknya gak terlalu rapi gitu di-see, di-see this part tapi masih kayak kalo buat keluar bentar doang gitu yang gak apa-apa banget masih nyaman banget dipakainya tapi kaca itu gak begitu bagus terus kalo lo suka rock sepanh panjang gitu kamu pasti akan suka ini gue kira lihat kaca ini sangat cantik ini bahannya tipis gitu ya kan kayak satin nih menurut gue agak keliatan satin gitu tapi bahannya sih bukan satin gue gak tau namanya apa bahannya stretch banget dan dia agak gerah gitu sih menurut gue tapi karena tipis jadi gak terlalu mengganggu dan saran gue pastikan kalian pakai seamless pantai karena ini kayak ngeplak banget terus masih rock panjang ya mohon maaf ini juga gue suka banget kayaknya lagi heboh banget nih sih model-model kayak gini dimana-mana tapi gue kayak belum punya yang sepanjang ini dan dia ada dalaman yang gitu saya gak perlu risau ini nge-sits weird terus gue juga suka banget sama ini parah di-see how nice this is ini kayak bahannya kaos biasa gitu gak gerah, gak ketepelan, gak ketipisan dan stretch luar biasa juga tapi ini enak banget bahannya kayak weird gitu i don't know if you can see this liat kan gak sih ini yang paling nyaman dan harganya sangat-sangat-sangat murah meriah ada kancingnya juga sampe atas jadi sesuaikan aja segitu dulu, sisanya kita lanjut di part 2",6,"belanja shopee banget coba bahannya enak banget kayak bahan rajut gitu atasnya kayaknya kaos gerah aneh gitu bahannya stretch kayaknya toko berbeda suka iya kan? gemes banget beli sendal enak banget parah kayak karet gitu sakit dipakai nyaman banget pake tasnya shopee dapet kaca mudah murmer parah banget wah! rock kayaknya suka rock deh bahannya rajut kayak tebel dibanding stretchy, komfotabel sendal penemuan track nyaman banget dipakai parah type look santai kayak niat gitu santai niat, bingung kamu? beli rock rajut juga, ijotua kayaknya kayaknya ngesits weird saya, sih? potongannya tuh kayaknya rapi gitu disee, disee part kayak bentar doang gitu apaapa banget nyaman banget dipakainya kaca bagus suka rock sepanh gitu suka lihat kaca cantik bahannya tipis gitu kayak satin nih keliatan satin gitu bahannya sih satin namanya bahannya stretch banget gerah gitu sih tipis mengganggu saran pastikan pakai seamless pantai kayak ngeplak banget rock mohon maaf suka banget kayaknya heboh banget nih sih modelmodel kayak gini dimanamana kayak dalaman gitu risau ngesits weird suka banget parah disee nice kayak bahannya kaos gitu gerah, ketepelan, ketipisan stretch enak banget bahannya kayak weird gitu dont know see liat sih nyaman harganya sangatsangatsangat murah meriah kancingnya sampe sesuaikan aja segitu dulu, sisanya part"
"Aku udah pake Seraphaz Morning and Evening Moisturizers cukup lama My skin loves these Tapi semenjak nemu dan nyobain yang satu ini, it really is a game changer Jadi cerita sedikit about my skin Kadang kulit aku itu membingungkan banget One day it's dry and sensitive And the next day it's a bit oily dan merah-merah Tapi tetep berasa dihydrated gitu Sungguh darita combination skin Ini dia, star of the show Seraphaz New Oil Control Moisturizing Gel Cream Lightweight, check Hydrating, check Non greasy? Check Plus ini bikin kulit aku didul di balance dan skin barriernya lebih kuat It literally is the perfect moisturizer untuk kondisi kulit aku sekarang Teksturnya itu very gel like dan lightweight Dan aku personalnya itu ga suka moisturizer yang matte Nah yang ini walaupun dia oil control Tapi dia ga matte dan tetep hydrating enough And this is my skin after 5 hours See? Gak greasy tapi tetep hydrated Safe to say you love this moisturizer and I think you will too Dan aku coba yang juga udah available di official store saya ati",6,"pake seraphaz morning evening moisturizers skin loves semenjak nemu nyobain ini, really permainan changer cerita skin kadang kulit membingungkan banget one day dry sensitive next day bit oily merahmerah tetep berasa dihydrated gitu sungguh darita combination skin dia, star show seraphaz new oil control moisturizing gel cream lightweight, check hydrating, check non greasy? check plus kulit didul balance skin barriernya kuat literally perfect moisturizer kondisi kulit teksturnya gel like lightweight personalnya suka moisturizer matte oil control matte tetep hydrating enough skin hours see? greasy tetep hydrated safe say love moisturizer think coba available official store ati"
"Eh, ini bakal lu, bokeh tek Itu ini bakal lu, bokeh teknya bo banget Huh, gua bau kete Bo bo kete, bokeh tek",6,"eh, kamu, bokeh tek kamu, bokeh teknya banget huh, bau kete kete, bokeh tek"
"packagingnya mm, wanginya mm hiiii ikutin gua yuk kebutnya lux di jakarta x beauty 2025 happy anniversary yang ke 100 lux percaya ngasih lux udah seabat nemenin para ciwi-ciwi penuh mimpi kayak aku biar bisa tampil pd, wangi, dan glowing spesial banget lagi, disini ada lux senturi 100 years of fragrance, jadi lo bisa nolstogia sama 50 varian sabun lux dari tahun ke tahun packagingnya mm, wanginya mm, benar-benar bikin kangen masa kecil dulu dan masih kayak mimpi, gua bisa jadi bagian dari bintang lux sekarang nih, ada 4 packaging limited edition terbaru dari lux magical orchid cantik banget, eksklusif, cuma ada disini I just sayang wanginya mewa, kehan lama, dan bikin kulit lembu, disini banyak promo gokyo lo bisa tukar botol sabun kosong, dan dapetin lux limited edition pump lanjut, di fan ini, gua juga ada talkshow, barang sama Emile Mario teling talkshow sambil ikutan workshop di IY Body Wash jadi kita bisa bikin sabun sendiri, dan bisa milih wangi favorit lo eee, yang di luar kota jangan seri karena gua juga ikutan live streamingnya nih 100 tahun lux ini berhasil buktiin kalau merawat kulit bukan cuma cantik tapi juga percaya diri, thank you lux, udah jadi bagian hidup banyak perempuan Indonesia cheers to the next 100 years yang lebih wangi dan empowering",2,"packagingnya mm, wanginya hii ikutin yuk kebutnya lux jakarta beauty happy anniversary lux percaya ngasih lux seabat nemenin ciwiciwi penuh mimpi kayak tampil pd, wangi, glowing spesial banget lagi, lux senturi years fragrance, nolstogia varian sabun lux packagingnya mm, wanginya mm, benarbenar kangen kayak mimpi, bintang lux nih, packaging limited edition terbaru lux magical orchid cantik banget, eksklusif, sayang wanginya mewa, kehan lama, kulit lembu, promo gokyo tukar botol sabun kosong, dapetin lux limited edition pump lanjut, fan ini, talkshow, barang emile mario teling talkshow ikutan workshop body wash sabun sendiri, milih wangi favorit ee, kota seri ikutan live streamingnya nih lux berhasil buktiin merawat kulit cantik percaya diri, thank lux, hidup perempuan indonesia cheers next years wangi empowering"
"Azarin meluarin kebuakan baru lagi kali ini Azarin meluarin belain box yang isinya bukan labu-bubu melayinkan lip sanskuna mereka alias sanskurn untuk bibir ini ada beberapa box dan kata yang sih bakalan dapet si kret tapi si kret aku sepilih di akhir aja ya untuk pilihan setnya ada banyak dan bahkan cowo-cowo juga bisa pake karena ada yang versi transparannya juga untuk SPF dikejinya terkulis 35 PA++ tapi hasil uji lipnya menunjukkan 35 PA++ dan kalau di leti UV kamera, keliatan ya lip sanskurn ini emang ada UV protectionnya ini kalau dipake setengah bibir, ini kalau dipake di satu bibir dan ini kalau dipake ke muka hahahaha oh iya selain bisa melindungi bibir dari sinar UV lip sanskurn ini juga bisa ngasih effek melembapkan loh tekstura pun masih ringan dan gak bikin bibir jadi minyakan oh iya satu lagi untuk si kret yang aku dapet ini caram untuk lip sanskurnnya gemes banget",6,"azarin meluarin kebuakan kali azarin meluarin belain box isinya labububu melayinkan lip sanskuna alias sanskurn bibir box sih dapet kret kret sepilih aja pilihan setnya cowocowo pake versi transparannya spf dikejinya terkulis hasil uji lipnya leti kamera, keliatan lip sanskurn emang protectionnya dipake bibir, dipake bibir dipake muka hahahaha iya melindungi bibir sinar lip sanskurn ngasih effek melembapkan loh tekstura ringan bibir minyakan iya kret dapet caram lip sanskurnnya gemes banget"
"Sulitnya menjadi doktor hewan adalah terkadang kita diharuskan untuk melakukan tindakan eutanasi Eutanasi adalah tindakan menidurkan selamanya demi kebaikan pasien Contohnya ikan ini yang sudah bernambu lengkung, matanya sudah buta, dan mulutnya yang sudah tidak bisa menutup. Dari kecamata medis, sudah tidak ada lagi harapan. Selama tinggal pasienku, pemilikmu sudah melepas kamu pergi Sampai jumpa lagi di Pelangi.",2,"sulitnya doktor hewan terkadang diharuskan tindakan eutanasi eutanasi tindakan menidurkan kebaikan pasien contohnya ikan bernambu lengkung, matanya buta, mulutnya menutup. kecamata medis, harapan. tinggal pasienku, pemilikmu melepas pergi jumpa pelangi."
"Ini adalah bintang dibut Neta di Gias 2024, Neta X baru saja diluncurkan seperti apa speknya? Ini dia. Medium SUV ini full electric, baterai-nya 63,56 kWh yang bisa melajukan mobil ini standar NIDC claimnya dalam 480 km. Senangannya 161 hp dengan torsi 210 Nm, yang bisa melajukan mobil ini 0-100 kmh dalam 9,5 detik. Tampilannya khas, mobil electric, futuristis, feliknya 18 inci. Mobil ini juga sudah dilengkapi dengan kamera 360 serta sistem adas, Advanced Driver Assistant System Level 2, serta mobil ini memiliki 4 pilihan warna ekstrior dan 2 pilihan warna interior. Desain kabinnya minimalis tapi futuristis dan materialnya mewah. Alkantara, soft panel serta lega di depan maupun di belakang, kapasitas bagasinya bisa sampai 1388 liter. Tapi, mobil ini cukup ideal untuk perjalanan jalan. Mobil ini sudah mulai dijual di Gias dan apakah ada promo-nya? Eh, ternyata ada. Untuk pembelian di Gias, Anda bisa mendapatkan free wall charger persi instalasi, kemudian dapat saldo PLN 2,5 juta rupiah dan masih banyak lainnya. Dan untuk ketanggana, bila-lainjut, Anda silakan cek di Instagram Neta Indonesia.",6,"bintang dibut neta giias neta diluncurkan speknya? dia. medium suv full electric, baterainya kwh melajukan mobil standar nidc claimnya kamu. senangannya torsi nm, melajukan mobil kmh detik. tampilannya khas, mobil electric, futuristis, feliknya inci. mobil dilengkapi kamera sistem adas, advanced driver assistant system level mobil memiliki pilihan warna ekstrior pilihan warna interior. desain kabinnya minimalis futuristis materialnya mewah. alkantara, soft panel lega belakang, kapasitas bagasinya liter. tapi, mobil ideal perjalanan jalan. mobil dijual giias promonya? eh, ada. pembelian giias, free wall charger persi instalasi, saldo pln juta rupiah lainnya. ketanggana, bilalainjut, silakan cek instagram neta indonesia."
"ungu kali ini bukan janda tapi sunscreen kalo yang ijo sebelumnya SPFnya 35 nah si ungu ini udah 50 lho sama-sama mate tapi yang baru mate nya ekstra gitu coba deh pegang pipi aku oh ga bisa yah pokoknya ini bener-bener smooth ga ada lengket samsek airi banget kan teksturnya ruingan ngeblend yang ga effort bahkan aku usrek begini pun yes aman ga pedih setelah ngeset ga white cast pula penampakan di UVcam gimana ka aman sayang pekat gini kurang puas validasinya nih setelah 3 jam beraktivitas tes minyak lolo selaya ijo suka, ungu suka makin keren deh skin TV",6,"ungu kali janda sunscreen ijo spfnya ungu lho samasama mate mate nya ekstra gitu coba deh pegang pipi yah pokoknya benerbener smooth lengket samsek airi banget teksturnya ruingan ngeblend effort usrek yes aman pedih ngeset white cast penampakan uvcam gimana aman sayang pekat gini puas validasinya nih jam beraktivitas tes minyak lolo selaya ijo suka, ungu suka keren deh skin"
Teacher combi Dan Lase Sisa ... ... Kau ordin oscillam sekali... Terima Kasih !,7,teacher combi lase sisa kau ordin oscillam sekali.. terima kasih
"Halo warga Jakarta, saya Benedion mengajak seluruh masyarakat Jakarta untuk ikut mendukung perjuangan atlet dekai Jakarta dalam kegiatan PON 2024. Semoga atlet kita dapat memberikan hasil yang terbaik dan meraih prestasi tertinggi. Jakarta detang, Jakarta menang, sukses Jakarta untuk Indonesia. Halo warga Jakarta, saya Rudisi Vitaliy Vitaliy Unggamreng mengajak seluruh masyarakat Jakarta untuk ikut mendukung perjuangan atlet Jakarta dalam kegiatan PON 2024. Semoga atlet kita dapat memberikan yang terbaik dan meraih prestasi tertinggi. Jakarta detang, Jakarta menang, sukses Jakarta untuk Indonesia. Halo saya Komen kepada warga Jakarta, mari kita dukung atlet Jakarta. Untuk beragah di PON 2024. Semoga atlet Jakarta sukses. Jakarta detang, Jakarta menang, Jakarta sukses untuk Indonesia. Halo saya Mel Kiba Jai, sukses yang penyelenggaraan PON ke-21 A.S.S. 2024. Ayo kita semarakan menjadi event kebanggaan kita bersama. Halo warga Jakarta, saya Jarwo Kuat, mengajak seluruh masyarakat Jakarta untuk ikut mendukung perjuangan atlet dekai Jakarta dalam kegiatan PON 2024. Semoga atlet kita dapat memberikan hasil yang terbaik dan meraih prestasi tertinggi. Jakarta detang, Jakarta menang, sukses Jakarta untuk Indonesia. Terima kasih.",2,"halo warga jakarta, benedion mengajak masyarakat jakarta mendukung perjuangan atlet dekai jakarta kegiatan pon semoga atlet hasil terbaik meraih prestasi tertinggi. jakarta detang, jakarta menang, sukses jakarta indonesia. halo warga jakarta, rudisi vitaliy vitaliy unggamreng mengajak masyarakat jakarta mendukung perjuangan atlet jakarta kegiatan pon semoga atlet terbaik meraih prestasi tertinggi. jakarta detang, jakarta menang, sukses jakarta indonesia. halo komen warga jakarta, mari dukung atlet jakarta. beragah pon semoga atlet jakarta sukses. jakarta detang, jakarta menang, jakarta sukses indonesia. halo mel kiba jai, sukses penyelenggaraan pon a.s.s. ayo semarakan event kebanggaan bersama. halo warga jakarta, jarwo kuat, mengajak masyarakat jakarta mendukung perjuangan atlet dekai jakarta kegiatan pon semoga atlet hasil terbaik meraih prestasi tertinggi. jakarta detang, jakarta menang, sukses jakarta indonesia. terima kasih."
"Satu produk bisa buat eyeshadow, buat blush on dan buat lipstick biasanya masalahnya sama produk-produk kayak gini adalah either warnanya atau teksturnya mungkin ada yang enak banget dibuat blush on tapi buat lipstick ga guna They're never usually perfect but this is perfection Ini dari The Body Shop namanya Free Style Multitasking Color Crayon jadi seperti yang gua bilang, dia bisa buat 3 macam, bisa buat apa aja sih sebenernya di muka lo gua tuh udah lama banget ga pernah beli produknya bodyshop karena udah lama ga pernah masuk ke kokonya tapi kemarin gua bisa buat halnya dan gua coba ini dan itu sangat luar biasa warnanya kayak gini dan teksturnya tuh kayak yang alus banget tapi bukan yang lembek banget jadi itu cuma perfection ya tau dan dibelannya juga gampang banget karena ini adalah faktor yang sangat penting untuk produk multitasking ini yang warna staple dan ini memang gua pilih karena warnanya nude jadi kita pake aja gitu warnanya kayak antara pink tapi masih agak coklat pokoknya masih natural banget gitu, lu lihat itu? It's just so pretty udah gitu doang coba cakabat parah anak pk juga bisa ini bener-bener terlampau gampang terus buat blush on, ini gua oret-oret aja ya satunya juga ya kan masa pake blush on sebelah doang lu kayak bermasalah banget dengan keperibadian gitu terus tambahin aja kalo masih ada yang kurang atau apa, it's very easy to build up dan dia ga mengganggu makeup yang udah lu pake dibawahnya karena gua udah pake foundation concealer segala macem ya gua pake buat lipstick, ini warnanya nude cakab banget nude nude coba lihat cakab banget, good lipstick juga, apakal lo melihat apa yang lo lihat sekarang seperti yang gua bilang dia gampang dibill up jadi awalnya tipis tapi kalo lo mau bener-bener kayak nutupin bibir lo gitu like what i just did, lo bisa pake beberapa lapis gitu and it doesn't feel heavy at all gua udah ngerti lagi, gua suka banget sama dia dan menurut gua ini salah satu produk makeup yang paling gampang dipakainya pokoknya terlalu mudah kalo lo sampe ga bisa juga pake ini, gua rasa masalahnya ada pada lu bukan pada produknya",6,"produk eyeshadow, blush lipstick produkproduk kayak gini either warnanya teksturnya enak banget blush lipstick theyre never usually perfect perfection body shop namanya free style multitasking color crayon bilang, macam, aja sih sebenernya muka tuh banget beli produknya bodyshop masuk kokonya kemarin halnya coba warnanya kayak gini teksturnya tuh kayak alus banget lembek banget perfection dibelannya gampang banget faktor produk multitasking warna staple pilih warnanya nude pake aja gitu warnanya kayak pink coklat pokoknya natural banget gitu, lihat itu? pretty gitu doang coba cakabat parah anak benerbener terlampau gampang blush on, oretoret aja satunya pake blush sebelah doang kayak bermasalah banget keperibadian gitu tambahin aja apa, easy build mengganggu makeup pake dibawahnya pake foundation concealer macem pake lipstick, warnanya nude cakab banget nude nude coba lihat cakab banget, good lipstick juga, apakal lihat bilang gampang dibill tipis benerbener kayak nutupin bibir gitu like did, pake lapis gitu doesnt feel heavy mengerti lagi, suka banget salah produk makeup gampang dipakainya pokoknya mudah sampe pake ini, produknya"
"Bro, warnanya dong, WarOt 2 kali dalam sehari tuh boleh ga sih? Hah, maksudnya gimana tuh? Ya misalnya paginya aku latihan push up, terus seharianya aku lari atau latihan 4 arm gitu. Boleh ga? Oh gitu maksudnya, kalau ada waktu dan tenangannya sih gapapa bro, silahkan aja. Tapi kalau aku kurang rekomen ya WarOt kayak gitu. Hah, kenapa kok kayak gitu bro? Gini bro, kalau aku pribadi ya, mendingat tuh WarOtnya sekalian dalam sehari tapi all out gitu. Misalkan kayak kamu tadi tuh, habis latihan push up, langsung aja lari atau latihan 4 arm gitu. Di gabung dalam satu sesi. Oh gitu ya? Iya bro, soalnya nih WarOt 2-3 kali dalam sehari tuh levelnya tuh udah atlet bro. Kalau orang biasa kayak kita mas 1 kali sehari udah oke banget. Iya, kita orang biasa. Yoi, kecoali nih, kamu pengen jadi atlet. Atau kalau kamu punya banyak waktu dan banyak kekuatan. Nah itu gapapa kamu WarOt 2-3 sesi dalam sehari. Iya juga sih, faktor waktu dan kekuatan tuh menentukan banget ya. Tempat sekali. Oke oke, mulai sekarang kayaknya gue WarOtnya sekali sehari aja deh. Nanti kalau udah kuat, dan ada waktunya mungkin baru 2 kali sehari. Haha oke oke bro. Makasih atifnya bro. Aku bakal follow kamu sih buat tips-tips yang kayak gini nih. Siap sama-sama.",7,"bro, warnanya dong, warot kali sehari tuh sih? hah, maksudnya gimana tuh? paginya latihan push up, seharianya lari latihan arm gitu. tidak? gitu maksudnya, tenangannya sih gapapa bro, silahkan aja. rekomen warot kayak gitu. hah, kayak gitu bro? gini bro, pribadi ya, mendingat tuh warotnya sehari gitu. kayak tuh, habis latihan push up, langsung aja lari latihan arm gitu. gabung sesi. gitu ya? iya bro, nih warot kali sehari tuh levelnya tuh atlet bro. orang kayak mas kali sehari oke banget. iya, orang biasa. yoi, kecoali nih, atlet. kekuatan. gapapa warot sesi sehari. iya sih, faktor kekuatan tuh menentukan banget ya. sekali. oke oke, kayaknya warotnya sehari aja deh. kuat, kali sehari. haha oke oke bro. makasih atifnya bro. follow sih tipstips kayak gini nih. samasama."
apa lu tau kalo lu bayar bulanan kecacikbit yang 20 dolar itu lu otomatis udah bisa pake Sora sekarang E.I. yang tinggal lu ketik langsung jadi video hasilnya gila liat itu cewek kalo gua ga bilang ini dari E.I. mungkin lu percaya itu cewek asli dan lebih gila nya lagi itu cuma dibikin dalam waktu 20 detik gua ga keba yang si bawa banyak kerjanya bakal ilang deploy Oke,6,bayar bulanan kecacikbit dolar otomatis pake sora e.i. tinggal ketik langsung video hasilnya liat cewek bilang e.i. percaya cewek asli nya dibikin detik keba bawa kerjanya ilang deploy oke
"Dokter hewan pasienek kuda, udah biasa Kalau pasienek kuda laut, udah pernah liat belum? Di video kali ini aku mau nyeritain pasienk kuda laut yang terkena gas bubble visis Jadi kuda laut ini bernanya tidak bisa normal karena memang ada kelebihan gas pada kantungnya Kasus ini kebetulan ditangani oleh kolega aku, Dr. Alex Dean New York Klio memang request kasus ini untuk di share untuk bahan belajar kepada Dr. Hewan di Indonesia Yang membuat aku emis penanganan gas bubble visis ini adalah pemasangan katheter Katheter dipasang tujuannya untuk melepaskan gas yang terperangkap di dalam kantung Setelah katheternya dipasang, kuda laut bisa bernang kembali secara normal Dunia ke dokteran ikan, ternyata masih sangat luas ya Soon aku akan expand laut inap untuk ikan air laut juga",6,"dokter hewan pasienek kuda, pasienek kuda laut, liat belum? video kali nyeritain pasienk kuda laut terkena gas bubble visis kuda laut bernanya normal kelebihan gas kantungnya ditangani kolega aku, dari. alex dean new york klio request share bahan belajar dari. hewan indonesia emis penanganan gas bubble visis pemasangan katheter katheter dipasang tujuannya melepaskan gas terperangkap kantung katheternya dipasang, kuda laut bernang normal world dokteran ikan, luas soon expand laut inap ikan air laut"
"2025 udah jalan hampir setengahnya dan kalian masih bingung kalau di gym itu harus latihan apa buat level pemula apa-apa, tenang aja sini aku mau tahu alat mana yang gampang dipake dan cocok banget buat pemula jangan lupa disini, bisa lihat di praktek ini ya pas lagi di gym oke, dua alat pertama yang aku rekomenin banget itu adalah cable rose dan lat pull down buat nglati otot punggung, otot bisep, sama nglati postur badan kalian biar lebih tegap serai gampang, enaknya alat ini tuh adalah gampang banget buat ngatur bebannya tinggal pinain pin bebannya aja kayak gini nih lanjut buat latihan kaki atau pondasi badan kita itu ada seated leg press kalau di gym kalian nggak ada leg press biasanya juga oke banget kok alat ini tuh aku rekomenin banget karena gampang banget makanya dan midah wind bebannya juga gampang, tinggal midah-midah yang pinnya aja tuh terus buat otot chest kalian bisa latihan bench press atau incline bench press di smith machine kayak gini nih ini nggak terlalu gampang sih tapi alat ini tuh aman buat dipake karena ada pengamannya di sebelah sini dan sini nih jadi kalau misalnya kalian nggak kuat tinggal di cepetin aja ke bagian pengamannya kalau ada chest press, kalian pake chest press dulu aja karena ini lebih gampang makanya daripada alat yang tadi tuh udah coba dulu aja pake alat-alat yang sebelah tadi 1-3 kali seminggu kalau kalian baru mulai nge-gym atau kalau misalnya kalian ada rekomendasi alat lain yang gampang tapi aku belum sebut, coba komen di bawah ya share video ini kok berbunuh anggap, tetap semangat nge-gymnya dan stay hard",2,"jalan setengahnya bingung gym latihan level pemula apaapa, tenang aja alat gampang dipake cocok banget pemula lupa disini, lihat praktek pas gym oke, alat rekomenin banget cable rose lat pull nglati otot punggung, otot bisep, nglati postur badan tegap serai gampang, enaknya alat tuh gampang banget ngatur bebannya tinggal pinain pin bebannya aja kayak gini nih latihan kaki pondasi badan seated leg press gym leg press oke banget alat tuh rekomenin banget gampang banget midah wind bebannya gampang, tinggal midahmidah pinnya aja tuh otot chest latihan bench press incline bench press smith machine kayak gini nih gampang sih alat tuh aman dipake pengamannya sebelah nih kuat tinggal cepetin aja pengamannya chest press, pake chest press aja gampang alat tuh coba aja pake alatalat sebelah kali seminggu ngegym rekomendasi alat gampang sebut, coba komen share video berbunuh anggap, semangat ngegymnya stay hard"
"Apabila mampu, dengan budget 3 miliaran, rasanya nggak akan bawa doi ke medan yang kayak gini. Tapi biar kita tahu, market cop test nanyak naik Lexus LM500 Hatching. Karena buatnya cuma 4 penumpang, kali ini total bobot pengujian di 420 kg. Dan bisa dilihatkan kenapa nggak tega bawa ke tempat gini, cepet abis karena bobo dikit. Cuma yang jelas, bekal mesin 2400 cc turbo, hybrid dengan motor restrict plus penggerak 4 roda naik begini effortless. Secara doi hybrid, jadi untuk dorangan utama saat baman berat tetap di sini. Tengar aja sampai atas wastegate ikutan just cc stripis. Gimana kalau punya Lexus gini bakal di bawah ke medan yang berat. Anyway tunggu review lengkapnya di cara meladis, oke?",6,"mampu, budget miliaran, bawa doi medan kayak gini. tahu, market cop test nanyak lexus hatching. buatnya penumpang, kali total bobot pengujian kg. dilihatkan tega bawa gini, cepet habis bobo dikit. jelas, bekal mesin turbo, hybrid motor restrict plus penggerak roda effortless. doi hybrid, dorangan utama baman berat sini. tengar aja wastegate ikutan stripis. gimana lexus gini medan berat. anyway tunggu review lengkapnya meladis, oke?"
"Review singkat, toner yang pernah aku cobain, let's go Pertama ada acarin, ini tuh murche dan bagus buat anti-aging Next, I finally found you, ini ringan dan bikin cerah Terus ada white lab, ngelambapin dan bikin cerah juga Avo skin oke buat exfoliasi Dan ada vocal skin yang menurut aku jadi salah satu toner yang unrated Padahal efek mencerahkannya tuh lengkus Selain itu dia teksturnya juga unik, awalnya milky gel terus bisa berubah jadi cream gini Toner ini pake ingredients klizirizek labra yang disebut cold of breakening Karena lebih powerful buat mencerahkan kulit daripada nice night, vitamin same maupun alp arbutin Efek di kulit kutus selain bikin cerah pastinya lembapin dapat banget Tapi gak kerasa berat atau lengket, jadi aman buat all skin type Selain jadi toner, ini juga bisa jadi inceru, moisturizer atau skin prep sebelum makeupan Serius deh cuma 100 ribuan aja tapi bisa dapetin toner sewao ini Menurutku kalian harus cobain juga sih",6,"review singkat, toner cobain, lets acarin, tuh murche bagus antiaging next, finally found you, ringan cerah white lab, ngelambapin cerah avo skin oke exfoliasi vocal skin salah toner unrated efek mencerahkannya tuh lengkus teksturnya unik, milky gel berubah cream gini toner pake ingredients klizirizek labra cold breakening powerful mencerahkan kulit nice night, vitamin alp arbutin efek kulit kutus cerah pastinya lembapin banget kerasa berat lengket, aman skin type toner, inceru, moisturizer skin prep makeupan serius deh ribuan aja dapetin toner sewao menurutku cobain sih"
"PENANTIAN PANJANG Penantian panjang yang telah berlangsung sejap pekan olah raga nasional, PON, Jawa Barat 2016, dan PON Papua 2021 akhirnya terbayar tuntas. Aditya Riski Pramudhita, atlet Anggar DkI berhasil meraih medal 5 yang telah lama dinantikan pada PON 21 A.S. 2024. Aditya yang bermain di nomor G-Game perorangan putri berhasil melibas Jawa Barat di Partai Final. Keberhasilan ini menjadi membersih jarak dan sangat dinantikan bagi tim maupun pendukungnya. Selama pertandingan berlangsung dia tampil dengan tenang dan demilang mengalukan jabar dengan skor 15-8. Pemenangan ini menjadi memelisti melalui bagi Pia, sapaan akrapnya yang meraih mas kertamanya di PON. Mas kertamanya di PON. 14-15-8. Pernah sebelumnya 2016, dapet transmedal 2020, saya nggak ikut karena ada sama salah. Dia mengatuh, tidak menyampa di semenang dengan skor cukup jauh. Mengingat dalam pertemuan sebelumnya, dia kalah fitis dengan skor 14-15. Dia berharap keberhasilannya dapat menjadi inspirasi dan motivasi bagirkan rekan aklik DKI Jakarta yang masih berjuang di berbagai cabot. Buat teman-teman DKI yang lain yang lagi mau bertanding, masih bertanding, semoga ada tersemangat. Mungkin ini bisa jadi motivasi ke teman-teman semua. Semoga DKI bisa jaya terus. Terima kasih.",7,"penantian penantian sejap pekan olah raga nasional, pon, jawa barat pon papua terbayar tuntas. aditya riski pramudhita, atlet anggar dki berhasil meraih medal dinantikan pon a.s. aditya bermain nomor gpermainan perorangan putri berhasil melibas jawa barat partai final. keberhasilan membersih jarak dinantikan tim pendukungnya. pertandingan tampil tenang demilang mengalukan jabar skor pemenangan memelisti pia, sapaan akrapnya meraih mas kertamanya pon. mas kertamanya pon. dapet transmedal salah. mengatuh, menyampa semenang skor jauh. pertemuan sebelumnya, kalah fitis skor berharap keberhasilannya inspirasi motivasi bagirkan rekan aklik dki jakarta berjuang cabot. temanteman dki bertanding, bertanding, semoga tersemangat. motivasi temanteman semua. semoga dki jaya terus. terima kasih."
BOOM! 람모사 너 대체 원해 BOOM! Love us we cannot stop on 10 BOOM! 라타타타 한번 make it BOOM! BOOM! 칙칙 BOOM! BOOM! 람모사 너 대체 원해 BOOM! K.O.S.P. 소카타 소픽 BOOM! 라타타타 한번 make it BOOM! BOOM! 칙칙 BOOM! BOOM! 크리셋 밖에 자체 가득 크리셋 BOOM! 나의 단견은 전부 유지 BOOM! 바뀐 너는 삶 나를 change me 행보는 여자니께 다음 level level of my day pay 오표치한 바라 시캄 바라 치고 다다라 치염도 Oh no oh my girl 진짜 맞는 보감 make it buy 좀 쫓아 클리어 청소글 깨버리치는 나의 trigger fire 저 끝까지 관역을 덜 위로 올려 마암 미코! Feeling on my truck you want that ride? BOOM! Hit you like a truck I'ma make you fly,7,boom! boom! love cannot stop boom! make boom! boom! boom! boom! boom! k.o.s.p. boom! make boom! boom! boom! boom! boom! boom! change level level day pay girl make buy trigger fire feeling truck want ride? boom! hit like truck ima make fly
"Jangan! hahahahahah ini orang, dua orang bodoh dua orang bodoh mau kemanis sih John? ya kita mau ke tempat yang menyakitkan kita iya betul hari ini kita menuju ke sana kita samperin dia setia itu ternyata mahal ya bayarannya ya abis disakiti ternyata kita malah nyamperin iya itu terkadang yang namanya Bego sama Cinta tipis lah tipis yaudah ya lanjut ya let's go gas",6,"jangan! hahahahahah orang, orang bodoh orang bodoh kemanis sih john? menyakitkan iya samperin setia mahal bayarannya habis disakiti nyamperin iya terkadang namanya bego cinta tipis tipis yaudah lets gas"
I'm already starting and my girls are on their way Do you watch me open up the place? Wanna see your bumping baby bounce into the base,7,already starting girls way watch open place? wanna see bumping baby bounce base
"Jadi aku lagi di Jepang bareng Biore, especially untuk produk ini nih Biore UV Aqua Rich Watery Essence Sunscreen dengan SPA 50+, PA++++ ya Dan dia ini adalah No. 1 Sunscreen in Japan dan the first UT Double Protection Sunscreen di dunia Double protectionnya karena dia bisa mengisi area-area yang kosong Jadi protectionnya tuh berbeda-berita maksimal banget, aku udah ke labnya, aku juga udah ke museum Kau itu tempatnya Biore ya, jadi Biore itu dari kau Terus habis itu aku juga ke store dan segala macemnya, jadi aku udah mau ngetahui banget Keluar dalam tentang sunscreen ini, kayak udah besti banget gitu Terus aku diajah ini sama orang R&D yang untuk penggunaannya itu Kalau aku pribadi cukup segini aja Ini cukup untuk sebuah kaki Dan caranya itu di dot-dotin seperti ini Dianupaleher, ini masih bisa baik banget Baru setelah itu kita masak dengan cara pemakaian seperti ini, inilah hasilnya under UV Cam Dan ini dia hasil ujilabnya, jadi kalau di Jepang itu ujilabnya nggak boleh Kayak ada pampang dan dipanerin gitu, tapi aku dapet kesempatan untuk nge-screen shot dan boleh dikasih datuk kalian Teksturnya watery ringan banget di kulit kering enak, di kulit berminyak juga enak Emang aku nggak kaget jadinya kenapa dia adalah No. 1 sunscreen in Japan Lihat dari penyerapannya di kulit aku, ya tuh selesai Sementara memberikan sedikit blowy effect gitu, dan aku make upan pun, dia nggak ngerusak make up aku Kemarin aku seharian pakai make up, tetep stay flawless sampai malam juga Jadi nggak kaget So far ini Tasya Parasya approved banget ya, the first double UV filter sunscreen Dan juga No. 1 sunscreen in Japan, apakah dia akan menjikan No. 1 sunscreen in Indonesia juga? We'll see",6,"jepang bareng biore, especially produk nih biore aqua rich watery essence sunscreen spa no. sunscreen japan first double protection sunscreen world double protectionnya mengisi areaarea kosong protectionnya tuh berbedaberita maksimal banget, labnya, museum kau tempatnya biore ya, biore kau habis store macemnya, ngetahui banget sunscreen ini, kayak besti banget gitu diajah orang penggunaannya pribadi segini aja kaki dotdotin dianupaleher, banget masak pemakaian ini, hasilnya cam hasil ujilabnya, jepang ujilabnya kayak pampang dipanerin gitu, dapet kesempatan ngescreen shot dikasih datuk teksturnya watery ringan banget kulit kering enak, kulit berminyak enak emang kaget no. sunscreen japan lihat penyerapannya kulit aku, tuh selesai blowy effect gitu, make upan pun, ngerusak make kemarin seharian pakai make up, tetep stay flawless malam kaget far tasya parasya approved banget ya, first double filter sunscreen no. sunscreen japan, menjikan no. sunscreen indonesia juga? well see"
"HP 3 juta bisa secakup ini. HP 3 juta pake material se premium ini. HP 3 juta bisa dicaskek gini. Emang edan ya, Infinix Note 50 Pro. Harga resmi nya 3,199 juta. Masih bisa dikombo sama banyak promo. Semua paket penjualannya dapetin bonus melimpah dari casing, charger 90W, wireless charger. Desainnya spesial. Harga segini udah pake frame metal. Saya nggak pernah lihat HP 3 juta begini. Bagian belakangnya minimalis. Kamera belakangnya juga udah dapet kamera wide sama ultra wide. Yang kualitasnya udah oke banget buat kelas 2-3 jutaan. Silahkan nikmatin foto-fotonya bentar. Kalau mau sample yang lebih lengkap bisa main ke Youtube ya. Layar Infinix Note 50 Pro juga joss. Bezelnya tipis, brightness tinggi, bending. Dan hebatnya layar HP ini juga nyentuh refresh rate 144Hz. Udah berasa HP gaming belasan juta aja ya. Mesinnya juga udah andalan HP Transient. Mediatek Helio G100. Performanya udah keuji. Aman buat main banyak game. RAM 8GB, LPDDR4X, storage 256GB, UFS 2.2, baterai 5200 mAh, software juga berasa makin niat ya. UI makin clean, udah ready Android 15 juga. Fitur AI pun ready. Dari yang basic kayak eraser sampai ke Note Summary juga ada. Fitur soal charging pun banyak lho. Pus-pus lah utak atiknya. Kalau mode speed maksimal bisa pake kabel sampai 90W. Colog 20 menit udah keisi 50%. Kalau wireless bisa up to 30W. HP 3 juta lho. Wah. Lagi lagi, King Phoenix berulah ya. Seri Note kemarin aja masih susah dilawan. Sekarang malah ada yang baru lagi. Note 50 Pro. Materia lebih premium dan software yang lebih matang lagi. Kalau minat, bisa langsung cek-cek Pro menyak di e-commerce kesayangan atau toko langganan anda. Langganan HP.",6,"juta secakup ini. juta pake material premium ini. juta dicaskek gini. emang edan ya, infinix note pro. harga resmi nya juta. dikombo promo. paket penjualannya dapetin bonus melimpah casing, charger wireless charger. desainnya spesial. harga segini pake frame metal. lihat juta begini. belakangnya minimalis. kamera belakangnya dapet kamera wide ultra wide. kualitasnya oke banget kelas jutaan. silahkan nikmatin fotofotonya bentar. sample lengkap main youtube ya. layar infinix note pro joss. bezelnya tipis, brightness tinggi, bending. hebatnya layar nyentuh refresh rate hz. berasa gaming belasan juta aja ya. mesinnya andalan transient. mediatek helio performanya keuji. aman main permainan. ram gb, lpddrx, storage gb, ufs baterai mah, software berasa niat ya. clean, ready android juga. fitur ready. basic kayak eraser note summary ada. fitur charging lho. puspus utak atiknya. mode speed maksimal pake kabel colog menit keisi wireless juta lho. wah. lagi, king phoenix berulah ya. seri note kemarin aja susah dilawan. lagi. note pro. materia premium software matang lagi. minat, langsung cekcek pro menyak ecommerce kesayangan toko langganan anda. langganan hp."
"aku baru coba yang satu gerakan unik ini nih dan gila nyeri bahukku yang udah aku rasain bertahun-tahun berkurang drastis oke, jadi kalau kalian ngerasain nyeri di bagian sini nih misalnya di itu karena otot subscapularis, teres miner, dan infraspin atas kalian itu taik atau kaku nah biar gak kaku dan rasain nyernya hilang, coba lakuin gerakan ini nih tarahnya gini nih pertama kalian cari tiang pull up atau barbell yang tingginya kira-kira segitilah nah habis tuh kalian jepek ketia kalian yang bagian bahunya sakit nih jadi jepit gini, habis tuh tangannya ini pegang beban kaya dumbbell atau kettlebell terserah muka berat atau apa apa, santai aja habis tuh kalau kalian kayak gini kan ketia nya bakal sakit nih tapi tenang aja, kalian bisa coba linbe atau mundurin bandanya ke belakang gini terus tangan hatunya pegang tiangnya gini nih kaki nya di majuin ke depan gini dikit habis tuh beban nya diswing-swing ke depan dan belakang kayak gini nih siing, cobain dah ini enak banget dan works di aku karena penyebab nyeri di bawahku tuh karena ototnya kaku otot taik coba kalau misalnya kalian udah nyobain ini dan works komen di bawah ya atau kalau misalnya kalian ada cara lain yang buat ngilangin rasa nyiri di bawah kalian coba coba komen di bawah kalau senem banget nipas nemu cara ini dan aku pengen ser ke kalian foro lusin lami buat tips-tips lainnya share video ini kalau belum ngefaat, tarp semangat dan stay hard",7,"coba gerakan unik nih nyeri bahukku rasain bertahuntahun berkurang drastis oke, ngerasain nyeri nih otot subscapularis, teres miner, infraspin taik kaku kaku rasain nyernya hilang, coba lakuin gerakan nih tarahnya gini nih cari tiang pull barbell tingginya kirakira segitilah habis tuh jepek ketia bahunya sakit nih jepit gini, habis tuh tangannya pegang beban kaya dumbbell kettlebell terserah muka berat apa, santai aja habis tuh kayak gini ketia nya sakit nih tenang aja, coba linbe mundurin bandanya gini tangan hatunya pegang tiangnya gini nih kaki nya majuin gini dikit habis tuh beban nya diswingswing kayak gini nih siing, cobain dah enak banget works penyebab nyeri bawahku tuh ototnya kaku otot taik coba nyobain works komen ngilangin nyiri coba coba komen senem banget nipas nemu ser foro lusin lami tipstips share video ngefaat, tarp semangat stay hard"
"Ratusan medali di Australia, Sean gak lupa tanah airnya. Karena tadi saya bilang, Sean itu punya speed dan dia bisa kompet jauh, makanya dia endap dengan hardles. Dari lapangan sekolah hingga rekor nasional di usia muda, Sean Putrasusillo udah koleksi ratusan medali dari berbagai kejuaraan lari. Salah satu prestasi paling mencolok datang 2 tahun lalu. GPS Track and Field Championships 2023 jadi saksis Sean pecahkan 3 rekor sekaligus, tingkat sekolah, kompetisi, dan negara bagian. Ratusan medali itu gak datang tiba-tiba, masa kecilnya cukup sulit. Sean terlahir prematur dan sepat alami speech delay hingga usia 7 tahun dan dia anaknya hyperaktif. Dia banyak sekali energinya. Pekasana aktif secara anak aktif gitu. Di satu sisi dia gak bisa mengekspresikan apa yang dia inginkan karena ya tadi dia mengalami kegelambatan berbicara. Ya kemudian saya dan suami berpikir bagaimana caranya kita itu menyalunkan itu secara satu yang positif. Sebelumnya Sean aktif coba banyak olah raga mulai dari sepak bola hingga renang. Namun pilihannya jatuh keakretik. Saya melakukan penjara lainnya seperti berpikir 100-200 juta. Saya tak melakukan perjalanan sampai 10. Itu yang saya menemukan ketika saya melihat perjalanan yang terperbaik untuk saya, saya pikir. Lari gawang, gabungan antara kecepatan dan keberanian lewatirin tangan jadi pilihannya. Bagi Sean, lari jadi bentuk kebebasan. Sebagai keturunan Indonesia yang lahir dan besar di Australia, Sean meliki dua keluarga negaraan terbatas. Untuk pertama kali Sean ikut ternamen di Indonesia pada kejurnas Athletic U18 Championships 2020 lalu di Jogjakarta. Ivan itu bikin Sean dapetin koneksi dengan tanah air dan keuntungan berpa jam terbang hingga kesempatan bersaing dengan atlet dari berbagai negara Asia yang beragam. Dia sangat membuat Sean itu lebih tertarik dengan Indonesia dan atlet kata itu ketika tahun lalu dia mengikuti kejuanan nasional U18 di Jogjakarta. Untuk pertama kali, Sean bergerak dengan teman-teman dari Asia dan Indonesia. Saat ini Sean fokus kembangkan kemampuan dan terbang jam terbang. Sean ini disini tergabung di Club Manhares. Di Club Manhares itu, tiga orang temannya Sean tahun lalu dengan coach yang sama dilati langsung sama coach Andrew Eselin menguakili Australia di Olimpi Paris. Jadi, Sean dilati dengan coach yang sama. Nah, ketika Brun itu nggak bisa mendengar Andrew Eselin. Terncana, Sean akan kembali berpartisipasi pada kejurnas Athletic U16 dan U18 Open Championships 2025 di Solok pada 30 Agustus sampai 4 Sep Ndanti. Affect Bruce Yann 16 tahun penyukang nasi goreng dan tempe goreng itu, aktif latihan dan tetap fokus pada pendidikan formal. Saya melakukan latihan dua-tiga kali sejauh. Ia akan jadi sejauh dan sejauh hari untuk spring dan kemudian pada hari Sonday akan jadi kakak. Pada latihan itu, saya akan menyerah untuk pergi ke sekolah dan kemudian setelah itu, latihan saya mulai di 6 P.M. Di masa depan, Sean pasang target utama untuk tampil dipanggung Olimpiada. Pada masa depan, saya plan juga. Saya akan mencoba untuk mencoba melakukan rekod nasional di Australia dan Indonesia. Pada Olimpiada, saya melihat diri saya yang berpindah di Indonesia, di Indonesia dan di Australia. Apapun pilihan Sean, semoga jadi yang terbaik untuknya hingga bisa jadi world class athlete yang profesional. Dengan begitu, Sean bisa terus menginspirasi anak-anak Indonesia.",7,"ratusan medali australia, sean lupa tanah airnya. bilang, sean speed kompet jauh, endap hardles. lapangan sekolah rekor nasional usia muda, sean putrasusillo koleksi ratusan medali kejuaraan lari. salah prestasi mencolok lalu. gps track field championships saksis sean pecahkan rekor sekaligus, tingkat sekolah, kompetisi, negara bagian. ratusan medali tibatiba, kecilnya sulit. sean terlahir prematur sepat alami speech delay usia anaknya hyperaktif. energinya. pekasana aktif anak aktif gitu. sisi mengekspresikan mengalami kegelambatan berbicara. suami berpikir menyalunkan positif. sean aktif coba olah raga sepak bola renang. pilihannya jatuh keakretik. penjara berpikir juta. perjalanan menemukan perjalanan terperbaik saya, pikir. lari gawang, gabungan kecepatan keberanian lewatirin tangan pilihannya. sean, lari bentuk kebebasan. keturunan indonesia lahir australia, sean meliki keluarga negaraan terbatas. kali sean ternamen indonesia kejurnas athletic championships jogjakarta. ivan sean dapetin koneksi tanah air keuntungan berpa jam terbang kesempatan bersaing atlet negara asia beragam. sean tertarik indonesia atlet mengikuti kejuanan nasional jogjakarta. kali, sean bergerak temanteman asia indonesia. sean fokus kembangkan kemampuan terbang jam terbang. sean tergabung club manhares. club manhares itu, orang temannya sean coach dilati langsung coach andrew eselin menguakili australia olimpi paris. jadi, sean dilati coach sama. nah, brun mendengar andrew eselin. terncana, sean berpartisipasi kejurnas athletic open championships solok agustus sep ndanti. affect bruce yann penyukang nasi goreng tempe goreng itu, aktif latihan fokus pendidikan formal. latihan duatiga kali sejauh. spring sonday kakak. latihan itu, menyerah pergi sekolah itu, latihan p.m. depan, sean pasang target utama tampil dipanggung olimpiada. depan, plan juga. mencoba mencoba rekod nasional australia indonesia. olimpiada, berpindah indonesia, indonesia australia. apapun pilihan sean, semoga terbaik untuknya world class athlete profesional. begitu, sean menginspirasi anakanak indonesia."
"tampak sekilas bodi belakang yang kata M.Duke II 50 model YR 224 ini kayak bodi biasa ya tapi ini beda, ini sebenarnya aluminium disini dicetak langsung untuk bodi belakang ini dari bawah sini ini udah logam sini ke atas, sampai ke bagian bawah jognya belakang sampai ada yang orang main gini nya ini logam terus sampai belakang sini ini logam semua sampai ke atas yang ada terpasang behel ini ini semua aluminium bahkan sampai sini ini ini yang buat menindungin lampu rem nih, ini aling menimpsetak jadi dijamin kuat ya ini logam dan ini tentu saja bikin kekar sih jadi beda ya unik ya kata M.Duke II 50 model YR 224",6,"sekilas bodi m.duke model kayak bodi beda, aluminium dicetak langsung bodi logam atas, jognya orang main gini nya logam logam terpasang behel aluminium menindungin lampu rem nih, aling menimpsetak dijamin kuat logam kekar sih beda unik m.duke model"
"Hai, hari ini gue mau make upan bentar doang Ini udah pake Alice, abisnya gue pake dari Van Bo I've had this for years, gue gak tau ini masih ada apa gak Tapi ini super duper murah, meriah dan bagus banget Terus buat matanya gue mau pake ini dari Revlon Colorstay Cream Eyeshadow Again, gue gak tau apakah ini masih ada, gue udah punya ini lama banget Ini kayak warna taupe gitu, nomor 720 Kita pake dikit doang, gue cuma mau buat kelopaknya agak lebih gelap aja Padahal udah gelap ya aslinya, just wanna make it more brownish gitu Yang ini banyak maunya deh, seperempuan gak jelas Terus kita akan lanjut ke foundationnya Gue mau pake ini dari Skin Tific, masih kesukaan gue Si cushionnya, parah banget ini Skin Tific Cover All Perfect Cushion Yang gue pake nomor 03 Petal Warnanya udah hancur lebur banget, kayaknya ini udah mau tamat juga I freaking love this Gue suka banget karena pertama warnanya bener-bener pas banget di kulit gue I think this is like almost like a perfect match for my skin Dan dia ada banget coverage-nya, tapi lo gak berasa berat sama sekali You barely feel like you're wearing any makeup, it's so good Terus gue mau pake blush on, ini dari Makeover Powerstay Suede Blush yang nomor 20, namanya Inferno Crush Ada dua warna gini, and I usually just use both of them Aku tak peduli, dia cream Oh! I keep forgetting that this is so strong Oh my god, sedih banget Gapapa, jangan menyerah ya Ini gue taro sisu, eh sisu Udah stress udah gak bisa ngomong Gue taro sisu, sisanya, eksesnya di brush-nya And then I'm just gonna blend the hell out of this Eh, udah dong Oh my god, sedih Skin Tific, aku minta bantuan nya lagi ya Aku mau dikit, bagi dikit Ah! Aku perlu manetralisiririnkan dia There you have it, it's fine Terus gue mau pake lipstick, ini dari Rebit Habit Merck Local juga, ini adalah Whipped Lip Cream Warnanya nomor 04 Head Ocher Heels Cik, kemo ya bet namanya Dia kayak peachy nude gitu lah Backlash skin dari saya Wabilah Hitofi Kohidaya Wassalamualaikum warahmatullahi wabarakatuh Semoga ini ada manfaatnya Dan selamat menjerani hari-hari anda yang penuh magna Kalau tidak ada makna aja, kasih magna Makanya jangan menguang aja ya Terima kasih, bye",7,"hai, make upan bentar doang pake alice, abisnya pake van ive years, super duper murah, meriah bagus banget matanya pake revlon colorstay cream eyeshadow again, ada, banget kayak warna taupe gitu, nomor pake dikit doang, kelopaknya gelap aja gelap aslinya, wanna make brownish gitu maunya deh, seperempuan foundationnya pake skin tific, kesukaan cushionnya, parah banget skin tific cover perfect cushion pake nomor petal warnanya hancur lebur banget, kayaknya tamat freaking love suka banget warnanya benerbener pas banget kulit think like almost like perfect match skin banget coveragenya, berasa berat barely feel like youre wearing makeup, good pake blush on, makeover powerstay suede blush nomor namanya inferno crush warna gini, usually use peduli, cream oh! keep forgetting strong god, sedih banget gapapa, menyerah taro sisu, sisu stress ngomong taro sisu, sisanya, eksesnya brushnya gonna blend hell eh, god, sedih skin tific, bantuan nya dikit, dikit ah! manetralisiririnkan it, fine pake lipstick, rebit habit merck local juga, whipped lip cream warnanya nomor head ocher heels cik, kemo bet namanya kayak peachy nude gitu backlash skin wabilah hitofi kohidaya wassalamualaikum warahmatullahi wabarakatuh semoga manfaatnya selamat menjerani harihari penuh magna makna aja, kasih magna menguang aja terima kasih, bye"
"ini yang perlu kamu tau untuk jadi pemain basket yang jago siapa sih yang ga mau jadi pemain andalan di tim? sini saya kasih tau caranya kamu perlu punya plan dan target mau meningkatin skills apa dalam waktu dekat karena main basket itu luas ada dribble, shooting, passing, food work, defense dan lain-lain kalau kamu ga ada plan dan target latihan kemampuan ini ke dual kamu akan sedutu gitu aja jadi kamu perlu punya target buat meningkatin skills individu salian ball handling dalam waktu 1-2 bulan kamu memutuskan untuk latihan ekstra hanya ball handling bulan selanjutnya fokus buat meningkatin skills lainnya jamin kemampuan individu kamu lebih cepat meningkat kamu mau meningkatin skills dribble tapi bingung mau latihan ball handling seperti apa saya udah bikin e-coach buat handling yang lengkap buat meningkatin skills dribble mu linknya ada di bio, ini berbayar ya hitung-hitung nghemat waktu kamu biar ga bingung mau latihan seperti apa gas langsung download e-coachnya biar bulan depan jadi pemain yang makin jago share video ini ke temen kalian dan komen di bawah untuk tips video basket lainnya",6,"pemain basket jago sih pemain andalan tim? kasih plan target meningkatin skills main basket luas dribble, shooting, passing, food work, defense lainlain plan target latihan kemampuan dual sedutu gitu aja target meningkatin skills individu salian ball handling memutuskan latihan ekstra ball handling fokus meningkatin skills jamin kemampuan individu cepat meningkat meningkatin skills dribble bingung latihan ball handling ecoach handling lengkap meningkatin skills dribble linknya bio, berbayar hitunghitung nghemat bingung latihan gas langsung download ecoachnya pemain jago share video teman komen tips video basket"
"Bapak ini jualan mihaya 4000 rupiah tapi bisa beli tanah untuk ke 6 anaknya. Perjalanan kulitnya ke Klaten kali ini tidak hanya membuat perut gue kenyang. Tapi gue juga bisa mendapatkan pelajaran hidup dari Bapak Suro. Sang penjual mihaya dengan harga murah. Jualan ini, bahkan untungnya sedikit. Tapi orang itu kalau nggak punya utang, makanya apa pun enak. Jurniannya, anaknya 6, sekolah semua. Kalau semua, lu jangan. Tapi, ya, punya beli panah. Kenapa anaknya? Jadi, tiap anak udah punya tanah. Bapak beliin. Di teman nilai Tuan Hanif, kita penasaran banget dengan harga 4000 rupiah. Kira-kira apa saja sih isinya dan gimana ya rasanya? Sebenarnya 4000 nya kalau di Klaten tuh ya oke lah. Oke lah. Tapi ada bahasannya. Ayam, ada topping ayamnya. Ayamnya juga banyak. Ayamnya juga banyak. Sayur, makan jul. Enak untuk 4000 rupiah, kan? Jawabnya kemran. Kalau lu makan nih ayam, harga 4000 rupiah. Pilih jangan banyak, kalau meten. Kenapa ini? Manen pahala, ini juga sih teman-teman. Itu, berlagi akan. Sebenarnya masih banyak cerita tentang Bapak Suro. Dan buat yang penasaran, Tonton saja video lengkapnya di channel Next Carlos.",6,"jualan mihaya rupiah beli tanah anaknya. perjalanan kulitnya klaten kali perut kenyang. pelajaran hidup suro. sang penjual mihaya harga murah. jualan ini, untungnya sedikit. orang utang, enak. jadinya, anaknya sekolah semua. semua, jangan. tapi, ya, beli panah. anaknya? jadi, anak tanah. beliin. teman nilai tuan hanif, penasaran banget harga rupiah. kirakira sih isinya gimana rasanya? nya klaten tuh oke lah. oke lah. bahasannya. ayam, topping ayamnya. ayamnya banyak. ayamnya banyak. sayur, makan jul. enak rupiah, kan? kemran. makan nih ayam, harga rupiah. pilih banyak, meten. ini? manen pahala, sih temanteman. itu, berlagi akan. cerita suro. penasaran, tonton video lengkapnya channel next carlos."
"Tarikan senaraket yang kencang bikin smash makin kencang, emang iya, sini sini gue kasih tau. Semakin kencang tarikan senar kita, maka dibutuhkan tenaga yang lebih besar untuk menghasilkan pukulan yang keras. Dan semakin rendah tarikan senar kita, maka tenaga yang dibutuhkan untuk menghasilkan pukulan yang keras akan jauh lebih kecil. Tapi, ya ada kelebihan dan kekurangannya juga, tarikan tinggi akan meningkatkan akurasi pukulan dibanding dengan tarikan senar yang rendah. Jadi gimana? Menurut kalian lebih enak tarikan rendah atau tarikan tinggi? Coba komen di bawah.",6,"tarikan senaraket kencang smash kencang, emang iya, kasih tahu. kencang tarikan senar kita, dibutuhkan tenaga menghasilkan pukulan keras. rendah tarikan senar kita, tenaga dibutuhkan menghasilkan pukulan keras kecil. tapi, kelebihan kekurangannya juga, tarikan meningkatkan akurasi pukulan dibanding tarikan senar rendah. gimana? enak tarikan rendah tarikan tinggi? coba komen bawah."
"Kalau aku dikasi uang 100.000 buat beli skin kermen serahkan, ini yang bakal aku beli Double Brightening Facial Wash in Zui 20 mili, dia cuma 6.000 Pilihan sama Brightening, saya nemu dari Hana Su yang udah 10% nya, sinemai dia cuma 30.000 Panjut pake Moist dari Klausotti yang watermelon Brightening Moisturizer, karena dia cuma 40.000an aja Ditutupakai sunbatol dari Emina, SPF 35 PA++++ So budget kalian, si 1.000",6,"dikasi uang beli skin kermen serahkan, beli double brightening facial wash zui mili, pilihan brightening, nemu hana nya, sinemai panjut pake moist klausotti watermelon brightening moisturizer, .an aja ditutupakai sunbatol emina, spf budget kalian,"
Ini dia step by step untuk kamu yang baru pertama kali nejim. Hal pertama yang harus kamu lakukan adalah konfirmasi kehadiran di admin terlebih dahulu untuk mengambil kunci locker. Nah setelah itu jangan lupa taruh barang-barang kamu di locker ya. Step kedua yaitu pemanasat sebelum olahraga nih. Hal ini penting banget untuk menghindari cedera. Step ketiga mulai olahraga kardio. Nah disini kalian bisa pakai treadmill ya. Setelah itu kalian bisa pakai smith machine. Usahakan bebanya sesuai dengan kemampuan kamu ya. Jangan sampai ego lifting. Atau kalian bisa menggunakan dumbbell sebagai pengganti smith machine. Nah setelah kalian selesai olahraga jangan lupa cooling down untuk melemaskan otot-otot kalian. Kalau versi kalian gimana? Coba komen di bawah ya.,6,step step kali nejim. lakukan konfirmasi kehadiran admin mengambil kunci locker. lupa taruh barangbarang locker ya. step pemanasat olahraga nih. banget menghindari cedera. step ketiga olahraga kardio. pakai treadmill ya. pakai smith machine. usahakan bebanya sesuai kemampuan ya. ego lifting. dumbbell pengganti smith machine. selesai olahraga lupa cooling melemaskan otototot kalian. versi gimana? coba komen ya.
"Bala Omar, 6-6 Cek kesiapan Ghibirka sebelum lawan Jepang Itu panjang Oke, itu bagus Jadi kamu bisa bernasik dengan gini Lanjut Cek Sisi TV Baru di Ghibirka Kalau yang aku nyalakan Garuda ID, ya bisa Kita nambah 103 CCTV Jadi nanti Garuda ID plus CCTV Baya jaga kebocoran tiket bukan karena Komersial, tapi ini karena keselamat Viva, IFC, tadi saya ajak ketemu Mereka melihat kita siap Yang penting kita kasih lihat ke mereka Kita bukan bangsa yang terbelakang",0,"bala omar, cek kesiapan ghibirka lawan jepang oke, bagus bernasik gini cek sisi ghibirka nyalakan garuda id, nambah cctv garuda plus cctv baya jaga kebocoran tiket komersial, keselamat viva, ifc, ajak ketemu kasih lihat bangsa terbelakang"
"Kenapa aksi premanisme ini masih bisa terjadi sampai tahun 2025? Iya kalau diterusuri sebabnya, tentu banyak, antara lain karena memang ada yang memeliharah. Maksudnya pelihara itu apa pake? Untungnya apa buat orang yang mempelihara, ormasi itu untungnya apa? Sumber dana bisa. Kelompok preman yang terorganisir itu kan suka melindungi pembalakan, pembalakan hutan dan sebagainya. Tanah-tanah kosong, diambil oleh preman. Nanti yang melindungi ini dapat. Atau yang membuatkan proses-proses itu dapat. Berarti itu ada sektor sampai atas? Bisa jadi, bisa jadi sektor, bisa jadi, dijadikan bodigat. Misalnya sebuah organisasi yang tijajulas punya gedung sukihan banyak, menyitatan sukihan banyak, punya motor sukihan banyak. Dari mana? Mesti bekerja secara gelap karena itu tidak ada pajaknya, tidak ada laporannya kan harus dengar gelap. Sehingga kemarin disita kan oleh KPK. Ini yang harus diselesaikan, menurut saya. Tidak karena kepentingan politik kesehat atau karena orang apas gitu. Kita wapas preman, udah nggak punya lagi cantolan, sitilah politik habis, patternnya sudah tidak mengakutkan politik, diambil kan. Itu namanya orang apas gitu. Sementara yang merasa punya cantolan, oh saya, temennya pejabat ini. Saya bisa menentukan pejabat ini dan sitirusnya gitu. Itu yang sekarang menjadi masalah kita.",0,"aksi premanisme iya diterusuri sebabnya, banyak, memeliharah. maksudnya pelihara pake? untungnya orang mempelihara, ormasi untungnya apa? sumber dana bisa. kelompok preman terorganisir suka melindungi pembalakan, pembalakan hutan sebagainya. tanahtanah kosong, diambil preman. melindungi dapat. membuatkan prosesproses dapat. sektor atas? jadi, sektor, jadi, dijadikan bodigat. organisasi tijajulas gedung sukihan banyak, menyitatan sukihan banyak, motor sukihan banyak. mana? mesti gelap pajaknya, laporannya dengar gelap. kemarin disita kpk. diselesaikan, saya. kepentingan politik kesehat orang apas gitu. wapas preman, cantolan, sitilah politik habis, patternnya mengakutkan politik, diambil kan. namanya orang apas gitu. cantolan, saya, temennya pejabat ini. menentukan pejabat sitirusnya gitu. kita."
"Bersama kita tak lukan kepada seluruh atlit-atlit por-prof dan pop-prof di K Jakarta Selamat bertanding bertanding dengan penuh sportivitas penuh semangat Insya Allah kalian nanti akan menjadi atlit-atlit yang berpresstasi yang bisa membawa nama baik wilayahnya membawa nama baik Jakarta dan yang lebih penting lagi membawa nama baik bangsa Indonesia di TINGKAT International Selamat, selamat Wassalamu'alaikum warahmatullahi wabarakatuh",2,"lukan atlitatlit porprof popprof jakarta selamat bertanding bertanding penuh sportivitas penuh semangat insya allah atlitatlit berpresstasi membawa nama wilayahnya membawa nama jakarta membawa nama bangsa indonesia tingkat international selamat, selamat wassalamualaikum warahmatullahi wabarakatuh"
"Hai guys, di video kali ini aku mau nyawitain cerita lengkap tentang arwana yang makan karet kemaren jadi fish owner emang udah tau kalau ikannya ini makan dop karet langsung lah kita x-ray dan hasilnya membuat sedih banget awalnya aku kira aku bisa gapai pake forceps tapi ternyata gak berhasil akhirnya aku langsung kepikiran untuk endoskopi di modern fat karena aku tau modern fat adalah salah satu klinik dengan fesertas yang paling lengkap di Jakarta aku pikir endoskopi itu hanya sesimpul masukin kamera ke dalam terus kita nambil objeknya tapi ternyata itu salah guys, prosesnya berlangsung selama kalau lebih satu jam dan sangat menegangkan karena objek yang dimakan ini lumayan besar menurut aku salut banget sama tim modern fat yang sangat profesional mumpung lagi disini kita sambil jalan-jalan deh, ngga sosialitasnya yang lain ini ruang rawat mengegap kucingnya luar biasa bagus banget benguangnya waktu aku kesana lagi ada paki yang lagi diempeng lucu banget tim disini keliatan banget lagi ngerawat hewan-hewan sepenuh hati disini juga ada underwater treadmill yang bisa dipakai untuk fisioterapi bangga banget sama doktor hewan sekarang udah punya fesertas kayak gini di Indonesia karena dengan peralatan yang lengkap, dapat menunjang biar nosa dan meningkatkan probabilitik kesembuhan pada piharan kita semoga doktor di Indonesia bisa selengkap ini juga ya ke depannya",6,"hai guys, video kali nyawitain cerita lengkap arwana makan karet kemaren fish owner emang ikannya makan dop karet langsung xray hasilnya sedih banget gapai pake forceps berhasil langsung kepikiran endoskopi modern fat modern fat salah klinik fesertas lengkap jakarta pikir endoskopi sesimpul masukin kamera nambil objeknya salah guys, prosesnya jam menegangkan objek dimakan lumayan salut banget tim modern fat profesional mumpung jalanjalan deh, ngga sosialitasnya ruang rawat mengegap kucingnya bagus banget benguangnya kesana paki diempeng lucu banget tim keliatan banget ngerawat hewanhewan sepenuh hati underwater treadmill dipakai fisioterapi bangga banget doktor hewan fesertas kayak gini indonesia peralatan lengkap, menunjang nosa meningkatkan probabilitik kesembuhan piharan semoga doktor indonesia selengkap depannya"
"Boleh ya mau lap keringet dulu, dilap dulu Karena dia lumayan gobyos banget ini gerakannya Karena habis ini kita bakalan lebih gobyos lagi Kaya itu bakalan lakuin mountain climber Tapi kalian udah nggak asing kan? Bingar nama mountain climber Let's go ya, tidak sudah cukup Kita mulai ke posisi seperti orang ingin plank Sekarang ini harus tuh bawa haki ke depan Oke, let's go, kita mulai",4,"lap keringet dulu, dilap lumayan gobyos banget gerakannya habis gobyos kaya lakuin mountain climber asing kan? bingar nama mountain climber lets ya, posisi orang plank tuh bawa haki oke, lets go,"
"Ini kondisi kulit gue seminggu yang lalu, dan ini kondisi kulit gue di hari ini. Ini adalah beberapa skincare yang gue pake buat recovery skin barrier yang rusak dan semuanya no sponsor. Pertama misalnya water, kalau misalnya kulit gue tiba-tiba perih, gatel, dan gak cocok waktu trial skincare baru, gue selalu pake something calm down misalnya water. Ini tuh formulasinya bagus banget buat bantu menangin kulit. Lanjut ke face wash, kemarin gue repurchase My Holy Grail Facial Wash dari A-Fo skin. Ini tuh diversinya efektif banget dan after di bilasnya bikin kulit berasa lembak. Lanjut ke toner dan moisturizer, karena kemarin kulit gue kering dan gatel, gue pake dua produk ini buat recovery skin barrier gue yang rusak, yaitu ultra canvas toner dari RH dan juga multi-propos calming cream dia, fold dry and itchy skin. Terakhir sunscreen, karena kulit gue kemarin lagi kering, jadi gue menghindari sunscreen yang finishnya matte. Gue pake bumi yang Prime Defense Daily Sunskin, karena dia kayak akan emolien jadi feelsnya tuh ngelembapin di kulit gue. Oke that's it, semoga video gue ini bisa membantu, kalau kalian ada pertanyaan, yuk kita ngobrol di komen.",5,"kondisi kulit seminggu lalu, kondisi kulit ini. skincare pake recovery skin barrier rusak sponsor. water, kulit tibatiba perih, gatel, cocok trial skincare baru, pake something calm water. tuh formulasinya bagus banget bantu menangin kulit. face wash, kemarin repurchase holy grail facial wash afo skin. tuh diversinya efektif banget bilasnya kulit berasa lembak. toner moisturizer, kemarin kulit kering gatel, pake produk recovery skin barrier rusak, ultra canvas toner multipropos calming cream dia, fold dry itchy skin. sunscreen, kulit kemarin kering, menghindari sunscreen finishnya matte. pake bumi prime defense daily sunskin, kayak emolien feelsnya tuh ngelembapin kulit saya. oke thats it, semoga video membantu, pertanyaan, yuk ngobrol komen."
"Harga saham boleh naik turun, pangan aman, negara aman. Sudah lah. Saya lihat yang stres. Harga saham turun hanya beberapa orang di antara kardanya. Marwar. Siapa lagi itu? Terangkono. Mana terangkono? Terangkono. Oh duduk sebelah. Ini. Mana lagi? Kalau budiman, tidak. Budiman tenang aja karena tidak bisa saham dia.",1,"harga saham turun, pangan aman, negara aman. lah. lihat stres. harga saham turun orang kardanya. marwar. itu? terangkono. terangkono? terangkono. duduk sebelah. ini. lagi? budiman, tidak. budiman tenang aja saham dia."
"jadi menurut gue asing ini juga agak sedikit tukang nevir sama tukang pompom kalau dia lagi jelek gitu dia bilang ini jelek semua keres dia bisa beli lagi terus dia bilang bagus dia belum bakal ya gue pernah melakukan studinya gue ngedata yang dari semuanya lah JP Morgan, Barkniss, Bank of America, Wells Fargo segala macam ya mereka bilang akan jadi resesi atau apa itu gak akan jadi 80% itu salah iya, jadi dia butuh nevir buat dapet baran lalu dia butuh kasih euphoria buat naik dia jadi benefit nah itu baru influencer sejati bro",2,"asing tukang nevir tukang pompom jelek gitu bilang jelek keres beli bilang bagus studinya ngedata morgan, barkniss, bank america, wells fargo bilang resesi salah iya, butuh nevir dapet baran butuh kasih euphoria benefit influencer sejati bro"
"Hah? Ini skincare dikasih asbatu, asbatunya mabokongan. Tapi, wardah Simverdeans 399 beneran bisa bikin dingin kulit kamu. Memandai sini ke Jakarta X Beauty tanggal 3-6 Juli. Karena pastinya ada good deal dari wardah kayak satu ini nih. Cuma 100 ribuan dapat 4 misalnya water viral. Dan ini nih skincare dingin yang aku maksud aku juga bapulang. Kalau kamu ke JXB jangan lupa mampir kesini. Karena setiap pembelian produk Simverdeans kamu bisa dapet free photobooth.",6,"hah? skincare dikasih asbatu, asbatunya mabokongan. tapi, wardah simverdeans beneran dingin kulit kamu. memandai jakarta beauty tanggal juli. pastinya good deal wardah kayak nih. ribuan water viral. nih skincare dingin maksud bapulang. jxb lupa mampir kesini. pembelian produk simverdeans dapet free photobooth."
"yang namanya mobil bekas pasti ada aja kurangnya tapi kalau ketemu Toyota Yaris yang kayak gini kira-kira patutnya dikasih harga berapa cing? ini mobil udah kita periksa dari bekas tabrak dimana itu sebenernya aman di depannya aman, udah gitu betul, lahan-lahan, las-lasannya aman belakang juga gak ada indikasi bekas tabrak pun bekas banjir juga gak, karena gak ditemukan karat-karat yang mebekas gitu ya di bagian interiornya tapi lihat kondisi exteriornya, huh berantakan kelihatannya cape banget dengan bumper yang udah bilang, udah gak ori lampunya juga udah huni makin kuat lagi awra capenya, karena banjir satu akiles, tiga hankuk udah gitu, tiga-tiganya botak lagi nih, benangnya aja sampai kegiatan masuk interior, kayanya sih mau dibikin tema mewah dengan ritrim putih-putih di jok sama door trimnya terus lagi di dashboardnya, PCAC udah patah tapi yang paling parah ini sih diapain ya sehingga gini nih? kita cobain tipis-tipis dan untuk 165.000 km mesinnya terbilang oke lah, idlenya bagus, gak ada getar-getar kita cek juga gak ada rembes, udah gitu asingnya dingin cuma jadi cetutan satu ketika setirannya di teku, mobilnya gak balik so gimana, pantasnya dikasih harga berapa nih mobil? dari pada bingung untuk nawarnya-nawarnya, mending panggil aja timur inspeksi di harga 150.000 rupiah, kalian bisa dapetin laporan inspeksi meniluruh plus konsultasi gratis sama inspektornya biar tahu, kira-kira harus ditawar berapa sih mobilnya? jadi langsung aja kontak timur inspeksi, oke? sub indo by broth3rmax",0,"namanya mobil bekas aja kurangnya ketemu toyota yaris kayak gini kirakira patutnya dikasih harga cing? mobil periksa bekas tabrak dimana sebenernya aman depannya aman, gitu betul, lahanlahan, laslasannya aman indikasi bekas tabrak bekas banjir tidak, ditemukan karatkarat mebekas gitu interiornya lihat kondisi exteriornya, huh berantakan cape banget bumper bilang, ori lampunya huni kuat awra capenya, banjir akiles, hankuk gitu, tigatiganya botak nih, benangnya aja kegiatan masuk interior, kayanya sih dibikin tema mewah ritrim putihputih jok door trimnya dashboardnya, pcac patah parah sih diapain gini nih? cobain tipistipis mesinnya terbilang oke lah, idlenya bagus, getargetar cek rembes, gitu asingnya dingin cetutan setirannya teku, mobilnya gimana, pantasnya dikasih harga nih mobil? bingung nawarnyanawarnya, mending panggil aja timur inspeksi harga rupiah, dapetin laporan inspeksi meniluruh plus konsultasi gratis inspektornya tahu, kirakira ditawar sih mobilnya? langsung aja kontak timur inspeksi, oke? sub indo brothrmax"
"Asli nya nih ya, kalian ngelakuin squad sambil pegang karet kayak gini 8-12 kali Terus lanjut sangkutin karetnya di kaki dan tarik karet badan kalian kayak gini 8-12 kali juga Dan lanjut pasang karet di depan badan kalian gini dan lakuin push up 8-12 kali juga Dan terakhir dudukin karetnya gini dan dorong ke atas buat latihan atau bahu kalian 8-12 kali juga Itu tuh udah termasuk full body workout versi pemula banget, cukup dengan 1 karet aja Bitu ya kalau mau karetnya nih komen aja mau atau karet atau apapun nanti aku krimin linknya ke dem kalian Ini cocok banget buat kalian yang baru mampu atau sempet workout 1-3 kali seminggu ruangan buat workout yang gak terlalu besar Misalnya di kamar kalian atau kamar kos Nah nanti kalau udah bisa ngelakuin gerek-gerekan tadi dengan lancar bisa upgrade workoutnya Misalkan dengan pake karet ini buat bantu latihan pull up dips atau jadi beban buat latihan push up dan lain-lain Karena sejati yang fungsi utama karet ini yang paling penting tuh adalah buat bantu pull up dan dips kalian Sama buat stretching-stretching kayak gini nih Gimana tentarnya gak buat nyobain workout ini? Kalau ya coba komen di bawah ya Share video ini ke temen-temen kalian yang pada punya karet kayak gini biar bisa pake buat workout di rumah Setelah semangat workoutnya dan stay hard",6,"asli nya nih ya, ngelakuin squad pegang karet kayak gini kali sangkutin karetnya kaki tarik karet badan kayak gini kali pasang karet badan gini lakuin push kali dudukin karetnya gini dorong latihan bahu kali tuh full body workout versi pemula banget, karet aja bitu karetnya nih komen aja karet apapun krimin linknya dem cocok banget sempet workout kali seminggu ruangan workout kamar kamar kos ngelakuin gerekgerekan lancar upgrade workoutnya pake karet bantu latihan pull dips beban latihan push lainlain sejati fungsi utama karet tuh bantu pull dips stretchingstretching kayak gini nih gimana tentarnya nyobain workout ini? coba komen share video temanteman karet kayak gini pake workout rumah semangat workoutnya stay hard"
"sebenernya nih ya, kalian ngakuin squad sambil pegang Dumble kecil kayak gini 8-12 kali lanjut Dumble Rose sambil pegangan Korsi kayak gini 8-12 kali juga terus kalian ngakuin Dumble Chest Press di lantai kayak gini 8-12 kali juga dan terakhir ditutup dengan Dumble Shoulder Press kayak gini buat latihan bahu itu tuh udah termasuk latihan full body war out pake Dumble kecil kayak gini buat level pemula tacak banget banget kalian yang cuma punya Dumble di rumah dan ingin mulai aktif bergerak dan war out mulai sekarang biar hidupnya jadi lebih baik udah lakuin gerak-gerak yang tadi aja dulu biar badan kalian gak kaget diulang 2-3 kali ya nah misalnya kalian masih ada energi, kalian bisa tambahin Bicep Kors kayak gini buat latihan Bicep kalian sama Dumble Tricept Extension buat latihan Tricept gantian kanan dan kiri ya nah nanti kalau misalnya kalian udah bisa rutin dan ngelakuin gerak-gerak tadi dengan mudah kalian bisa mulai upgrade war outnya misalnya dengan ganti beban 5kg nih jadi 10kg kayak gini nih pokoknya naikin bebannya lah kalau misalnya kalian terlalu di bodyweb war out kalian juga bisa mulai belajar push up pull up dan lain-lain atau bisa juga langsung mulai kejima aja share video ini kalau mau ngapain vaat follow luthfina.me biar gak tinggalan tipsis war out lainnya tetap semangat dan stehar",2,"sebenernya nih ya, ngakuin squad pegang dumble kayak gini kali dumble rose pegangan korsi kayak gini kali ngakuin dumble chest press lantai kayak gini kali ditutup dumble shoulder press kayak gini latihan bahu tuh latihan full body war pake dumble kayak gini level pemula tacak banget banget dumble rumah aktif bergerak war hidupnya lakuin gerakgerak aja badan kaget diulang kali energi, tambahin bicep kors kayak gini latihan bicep dumble tricept extension latihan tricept gantian kanan kiri rutin ngelakuin gerakgerak mudah upgrade war outnya ganti beban nih kayak gini nih pokoknya naikin bebannya bodyweb war belajar push pull lainlain langsung kejima aja share video ngapain vaat follow luthfina.me tinggalan tipsis war semangat stehar"
"kalau punya bekas jerawat atau warna kulit kamu gak rata, kamu harus pigment basting pigment basting itu metoda atau kemampuan sebuah skincare untuk mengurangi hiperpakimentasi dengan memecah pigment di kulit jadi hasilnya itu lebih maksimal ga usah pake skincare luar dan mahal, karena sekarang tuh dari skincare lokal udah ada azarin brightening glow facial cleanser dan azarin supreme glow brightening moisturizer kedua nya mengandung si meridian 399 yang udah bisa pigment basting bagus untuk mengarangi warna kulit gak rata atau dark spot akibat hiperpakimentasi biar maksimal aku juga sekalian pake satu series azarin glow revolution dan aku noltis kulitku itu jadi lebih sehat dan bersih paling noltis di beberapa dark spot kecil udah lumayan pudar semuanya cocok di aku dan meski claimnya itu buat normal to dry skin aku rasa di kulit oily combi bisa pake kok malah enak banget dipake di balem hari, rasanya tuh lembab dan pas bangun jadi bener-bener glowing kalau kalian cari skincare yang fokus untuk mencerahkan, bikin glowing, ngurangi dark spot cobain azarin yang cloning ini",6,"bekas jerawat warna kulit rata, pigment basting pigment basting metoda kemampuan skincare mengurangi hiperpakimentasi memecah pigment kulit hasilnya maksimal pake skincare mahal, tuh skincare lokal azarin brightening glow facial cleanser azarin supreme glow brightening moisturizer nya mengandung meridian pigment basting bagus mengarangi warna kulit dark spot akibat hiperpakimentasi maksimal pake series azarin glow revolution noltis kulitku sehat bersih noltis dark spot lumayan pudar cocok claimnya normal dry skin kulit oily combi pake enak banget dipake balem hari, tuh lembab pas bangun benerbener glowing cari skincare fokus mencerahkan, glowing, ngurangi dark spot cobain azarin cloning"
"kami juga pengen menantilkan yang terbaik di sana yang paling terakhir di Olimpiada, Tokyo melihat ganda putri, keresia poli dan napriani berhasil menjadi cuara di Olimpiada mendapatkan medalimas itu menama motivasi kita di Olimpiada kali Olimpiada pertama kami berdua dan antusias kami untuk berlagak di Olimpiada perasaannya pasti senang bangga karena bisa berlagak juga di Olimpiada dan juga melihat atmosfer Olimpiada yang selalu luar biasa dan tadi juga ini adalah pesa terbaik pesa lahraga terbaik ini ya pastinya ya bangga juga ya tidak mudah pastinya bisa bermain di Olimpiada kita sudah mencoba di 4 tahun lalu tapi belum berhasil dan saat kita bisa bermain di Olimpiada Paris tahun ini ya semoga kita bisa memberikan nyetak",4,"menantilkan terbaik olimpiada, tokyo ganda putri, keresia poli napriani berhasil cuara olimpiada medalimas menama motivasi olimpiada kali olimpiada berdua antusias berlagak olimpiada perasaannya senang bangga berlagak olimpiada atmosfer olimpiada pesa terbaik pesa lahraga terbaik pastinya bangga mudah pastinya bermain olimpiada mencoba berhasil bermain olimpiada paris semoga nyetak"
"Adakah pada buruk, seperti kita batal bawa mobil menjeberang ke Singapura? Pada evian sebelumnya, kami meninggalkan si Rangga di Bali dan terbang ke Kualumpur untuk bertemu dengan bang Rickwan dan juga Tiney Wan Biljurni dan kami pun memulai roti kling asean. Tiga hari pertama kami habiskan dengan ekspor dekat Malaysia dari Kualumpur, Melaka hingga Johor Baru. Nah, pas masuk ke negara Singapur, kami itu ada beberapa pembimangan jadi kami batal buat bawa mobil masuk Singapura. Yang pertama adalah Singapura ada di ujung daratannya asean. Jadi kalau kita masuk ke kuduk luar dari jalan yang sama dan kita tuh kayak jalan buntu gitu loh. Loh ya kedua, Singapura tuh kecil ya. Dari ujung ke ujung, itu hanya butuh 2-3 jam. Jadi ya kalau bawa mobil itu gak reward gitu loh. Saatnya ketiga, cari pake itu susah banget di Singapura. Dan itu ada sisup E-RT yang bikin semuanya lebih mahal. Cuma kabar gembira adalah, barbit transport di Singapura itu sudah canggih banget jadi kemana-mana cukup dengan E-RT ya. Tapi kita naik bus! Stimpake kalau bawa mobil ke abar, mungkin kok pergi ke sepotuh hanya butuh beberapa berbit. Tapi kok cari parkir yang bisa sampai berjam-jam ya. Dan itu sangat tidak kita efficient. Namun pas kita di Singapura, kita happy banget. Karena kita bisa explore semua di sini hanya dengan bus dan E-RT dan semua tuh terhubung dengan sangat baik. Soal yang lebih hemat duit banyak. Karena kenapa harga di sini mahal-mahal? Dan harga air di sini gak ngota. Lihat, akwa tuh ada 3 dolar 10 sen. Sekian 4 dolar. 5 dari Bencyn. Ini ada tepat tinggal kita yang paling murah ya. Harganya 3 juta per malamnya. 3x4 lebih mahal dan ini pun tidurnya alabarak tentara boy. Dan ini bisa buat 7 orang sih. Jadi kita sewa buat 2 malam harganya total 6 juta. Itulah perbandingan seberapa mahal Singapura vs Malaysia. Belum lagi hotel-hotel biasa. Dan sekarang kita sudah selesai di Singapura. Kita akan kembali ke Malaysia ya. Pas di Lajur Baru. Dan kita lagi bersiap-siap untuk maju ke negara berikutnya. Yaitu adalah Thailand. Kita akan masuk ke border baru. Ga mau bingung. Sikap kenapa dia kayak begini terus? Oke, selamat menonton terus. Untuk penduangan kita di ASEAN. Ta-dah!",6,"adakah buruk, batal bawa mobil menjeberang singapura? evian sebelumnya, meninggalkan rangga bali terbang kualumpur bertemu bang rickwan tiney wan biljurni roti kling asean. habiskan ekspor malaysia kualumpur, melaka johor baru. nah, pas masuk negara singapur, pembimangan batal bawa mobil masuk singapura. singapura ujung daratannya asean. masuk kuduk jalan tuh kayak jalan buntu gitu loh. loh kedua, singapura tuh ya. ujung ujung, butuh jam. bawa mobil reward gitu loh. ketiga, cari pake susah banget singapura. sisup ert mahal. kabar gembira adalah, barbit transport singapura canggih banget kemanamana ert ya. bus! stimpake bawa mobil abar, pergi sepotuh butuh berbit. cari parkir berjamjam ya. efficient. pas singapura, happy banget. explore bus ert tuh terhubung baik. hemat duit banyak. harga mahalmahal? harga air ngota. lihat, akwa tuh dolar sen. sekian dolar. bencyn. tinggal murah ya. harganya juta malamnya. mahal tidurnya alabarak tentara boy. orang sih. sewa malam harganya total juta. perbandingan mahal singapura malaysia. hotelhotel biasa. selesai singapura. malaysia ya. pas lajur baru. bersiapsiap maju negara berikutnya. thailand. masuk border baru. bingung. sikap kayak terus? oke, selamat menonton terus. penduangan asean. tadah!"
"butuh besi desa bersumpah kencang tapi nggak mau rapat meracik dan merakit nah ada nih ya Lenovo Legion Tower 7i Gen 10 PC Gaming ini performanya nyaris bentuk kanan gimana nggak dia langsung pake prosesor 24x Intel Core Ultra 9 jadi enteng buat jalan ini aplikasi berat mau game triple A, ngerender, tenang ada RTX 5080 yang juga kuat buat kerjaan grafis yang berat-berat RAM nya langsung 32GB dengan SSE 2TB jadi lega nih kapasitasnya mau di upgrade bisa dong bahkan kita bisa pesang RAM sampai 128GB dan 6 buah SSD mau pasas SSD PCIe Gen 5 yang super kencang itu bisa juga suhu nya gimana? tenang dia pake Liquid Cooler Legion Cold Front Hyper yang bisa handle TDP prosesor hingga 250W RTX 5080 nya pun pake pendingin yang besar dengan 3 kipas jadi aman suhu nya derasinya gimana? dia ada Legion Ultimate Support selama 3 tahun penuh tentunya kalau beli PC seperti ini kita bisa claim semua komponen yang ada di PC Gaming ini langsung ke LAN of Indonesia nggak perlu tuh claim kondisi butor yang beda-beda",7,"butuh besi desa bersumpah kencang rapat meracik merakit nih lenovo legion tower gen gaming performanya bentuk kanan gimana langsung pake prosesor intel core ultra enteng jalan aplikasi berat permainan triple ngerender, tenang rtx kuat kerjaan grafis beratberat ram nya langsung sse lega nih kapasitasnya upgrade pesang ram buah ssd pasas ssd pcie gen super kencang suhu nya gimana? tenang pake liquid cooler legion cold front hyper handle tdp prosesor rtx nya pake pendingin kipas aman suhu nya derasinya gimana? legion ultimate support penuh beli claim komponen gaming langsung lan indonesia tuh claim kondisi butor bedabeda"
"jujur, pilihan skincare di minimarket makin kesini tuh makin beragam ya sekarang masalah aku tuh nambah nggak cuma bingung pilih minuman apa tapi juga bingung pilih skincare apa hahahah nah kali ini aku membahas satu produk yang menurut aku worth banget buat kamu cobain alias serum vitamin C yang harganya cuma 30 ribuan aja yes, jadi ini adalah garnir bright complete booster serum yang versi kecil untuk kandungannya sama aja kaya yang gede ada vitamin C dan nitrogen emas sebagai botan yang agent ditambah lagi ada BHA yang bisa ngasih marfaat buat ngepesen jarawa kamu tekstura juga ringan, cepet nyarep dan nggak lengket efek berhitingnya tuh lumayan cepet keliatan nih, progres aku selama beberapa hari pakai serum ini, gimana? setarik mau cobain? hmm hmm hmm",4,"jujur, pilihan skincare minimarket kesini tuh beragam tuh nambah bingung pilih minuman bingung pilih skincare hahahah kali membahas produk worth banget cobain alias serum vitamin harganya ribuan aja yes, garnir bright complete booster serum versi kandungannya aja kaya gede vitamin nitrogen emas botan agent ditambah bha ngasih marfaat ngepesen jarawa tekstura ringan, cepet nyarep lengket efek berhitingnya tuh lumayan cepet keliatan nih, progres pakai serum ini, gimana? setarik cobain? hmm hmm hmm"
"Jadi gimana ya mas? Dan mobil saya ngetel Gak, pangku itu relatif isis Bodykit, part number, kaca film yang kebiruan atau kejuan, kerud Mas, ngomong kaya buang air besar kuren, gimana gitu nggak? Gitu banget bukongnya Modif mobil itu kaya mengesekkan soal matematika Maksudnya? Dimulai dari yang muda-dua jen Pelam, bodykit, kaca film yang paling muda Kaca film You film? Dan juga Bentar Mahal nggak? Kaca film 1.7 dengan penolam manas PRR 97% Pas! Lanjut You film punya ticket visibilitas 20% 40% 60% Dan jalan 80% Oke, saya mauin 20% Interfermu masih nggak usuk, udah 80% aja Mahal bukongnya Mungkin mobil sih, apa sih? Dia mau juga sih Walaupun 80% visibilitas, tapi kalau malam masih jen nih kok Jadi film terbaik Adam, nggak harus mahal",6,"gimana mas? mobil ngetel tidak, pangku relatif isis bodykit, part number, kaca film kebiruan kejuan, kerud mas, ngomong kaya buang air kuren, gimana gitu tidak? gitu banget bukongnya modif mobil kaya mengesekkan matematika maksudnya? mudadua jen pelam, bodykit, kaca film muda kaca film film? bentar mahal tidak? kaca film penolam manas prr pas! film ticket visibilitas jalan oke, mauin interfermu usuk, aja mahal bukongnya mobil sih, sih? sih visibilitas, malam jen nih film terbaik adam, mahal"
"Akhirnya ada juga mobil SUV 7-seater yang nyari sempurna Nyari sempurna ya, kekurangannya ada Performa mesin hybridnya nggak main-main Akselerasinya sudah cukup untuk bersaing dengan rivalnya yang pakai mesin diesel Apalagi konsolusi BBM-nya bisa dibilang irrit untuk mobil sebesar ini Konsisten berada di atas 15 km per liter selama melalui berbagai kondisi dan berbagai medan tentunya Keperaksannya luar biasa, mobil ini punya cup holder dan kombatomen penyimpanan yang terbuka dan tertutup banyak banget Akses masuk baris ke-3 tinggal pencet Mau buka-begasi, tinggal pencet Butuh roll lebih, kelipat baris ke-2 tinggal pencet juga Tapi ada satu masalah, tonok cover ini tidak bisa disimpan di bagian belakang Apalagi ketika Anda ingin mengaktifkan baris ke-3 Karena di bagian bawah sini, tempat tonok cover-nya ini diinvasi oleh tulip Jadi mau tidak mau tonok cover ini, harus mengimpasi ruang kapin atau ditinggal di rumah",6,"mobil suv seater nyari sempurna nyari sempurna ya, kekurangannya performa mesin hybridnya mainmain akselerasinya bersaing rivalnya pakai mesin diesel konsolusi bbmnya dibilang irrit mobil konsisten liter kondisi medan keperaksannya biasa, mobil cup holder kombatomen penyimpanan terbuka tertutup banget akses masuk baris tinggal pencet bukabegasi, tinggal pencet butuh roll lebih, kelipat baris tinggal pencet masalah, tonok cover disimpan mengaktifkan baris sini, tonok covernya diinvasi tulip tonok cover ini, mengimpasi ruang kapin ditinggal rumah"
"Keluaran 2006 tapi baru jalan 25.000 km, semulus ah apa sih? Cek dulu, Cing! Dari luar bisa mengingati jaman-jaman masih dengerin Peter Pan bukan noah atau ngedek ke dukbioskop buat nonton film Jomblo. Seger, lempeng, kincelong, dan semua garisnya masih ketemu. Meski mobilnya gak benar-benar perspek kayak emblem jazz yang kehilangan titiknya atau bumper-bemper, size skirt yang ada sisa-sisa baret bekas kemakayan. Yang jelas, mobil yang gak pernah kecelakan parah dan gak pernah kena banjir. Interiornya gak kalah serucing. Dasebor-dasebornya masih rapih, kanceng, udah gitu. Kita dapetin head unit bawaan yang tebal-tombolnya aja masih kelihatan, si tulisannya. Dan yang lainnya, grafis-grafis di bagian dasbor juga masih jelas banget. Sama satu indikator penting, di bagian dotrim, fabriknya ini masih nunjukin pola dan gak kelihatan kotor, nyesuaikan pola-pola yang ada di jok. Dan begitu, udah di bawah jalan, mobil ini berasa solid banget dari suspensinya, respon stirnya, transmisinya. Satu fun fact, di jamannya ini keren banget karena walaupun dia transmisi mati, udah ada tip troniknya, jadi bisa pindah-pindah gigi lewat stir. Gak tiap hari bisa dapetin mobil yang kondisi kayak gini dan gak semua mobil yang kilometer yang rendah bisa serapi ini. Kalau belum yakin sama kondisi mobil yang kalian incer, kontak aja timur inspeksi. Kita bisa dapetin laporan inspeksi menyeluruh, plus konsultasi gratis sama inspektornya. Jadi langsung aja kontak mau inspeksi, oke?",7,"keluaran jalan kamu, semulus sih? cek dulu, cing! mengingati jamanjaman dengerin peter pan noah ngedek dukbioskop nonton film jomblo. seger, lempeng, kincelong, garisnya ketemu. mobilnya benarbenar perspek kayak emblem jazz kehilangan titiknya bumperbemper, size skirt sisasisa baret bekas kemakayan. jelas, mobil kecelakan parah kena banjir. interiornya kalah serucing. dasebordasebornya rapih, kanceng, gitu. dapetin head unit bawaan tebaltombolnya aja kelihatan, tulisannya. lainnya, grafisgrafis dasbor banget. indikator penting, dotrim, fabriknya nunjukin pola kotor, nyesuaikan polapola jok. begitu, jalan, mobil berasa solid banget suspensinya, respon stirnya, transmisinya. fun fact, jamannya keren banget transmisi mati, tip troniknya, pindahpindah gigi stir. dapetin mobil kondisi kayak gini mobil kilometer rendah serapi ini. kondisi mobil incer, kontak aja timur inspeksi. dapetin laporan inspeksi menyeluruh, plus konsultasi gratis inspektornya. langsung aja kontak inspeksi, oke?"
"Yang harus hari ini dikejar, yang KB harus laki-laki. Lagi pro kontra banget nih, KB vasektomi yang sebenarnya efektif gak sih bagi pria? Jawabannya 99% efektif dan permanen, karena vasektomi ini dilakukan dengan cara memotong saluran berbentuk tabung, kecil di dalam scrotum yang mengantarkan sperma supaya bisa keluar melalui penis. Biasanya sekitar 8-16 minggu, dokter akan memastikan tidak ada sperma yang tersisa di dalam penis. Kalau tiba-tiba ada pendaraan di scrotum, air mani, sakit dan gak nyaman di area genital itu, wajar kok, jadi gak usah takut! Ingat, jika keluhan tersebut tidak membahik, langsung cek ke dokter, dan jangan langsung berhubungan seksual ya, tunggu seminggu dulu! Nah, kalau sobat saya 7KB, vasektomi gak nih?",6,"dikejar, lakilaki. pro kontra banget nih, vasektomi efektif sih pria? jawabannya efektif permanen, vasektomi memotong saluran berbentuk tabung, scrotum mengantarkan sperma penis. minggu, dokter sperma tersisa penis. tibatiba pendaraan scrotum, air mani, sakit nyaman area genital itu, wajar kok, takut! ingat, keluhan membahik, langsung cek dokter, langsung berhubungan seksual ya, tunggu seminggu dulu! nah, sobat kb, vasektomi nih?"
"kita udah di markas, layar bisa dihargai share ini bisa diputer gini juga ini bisa diputer-puter sekarang gak? ini parkiran mampu dulu pada geter-geter semua sih oke lah dan ini kenapa ada orang ya ini ada orang oh ada emang sub indo by broth3rmax",6,"markas, layar dihargai share diputer gini diputerputer tidak? parkiran getergeter sih oke orang orang emang sub indo brothrmax"
"Ceri sekarang punya SUV yang superior hampir di semua aspeknya Ini dia nih, Ceri 39 CSH Mana SUV-mu? Yang ini? Gawat nih Mobil ini pakai teknologi Ceri Super Hybrid Tenangnya kemain-main sampai dengan 619 PS dan torsinya 920 Nm Ngeri banget Pengeretnya All Wheel Drive dan dia pakai transmisi Dedicated Hybrid Transmission Jadi pasti gak ada lag dan minimum power loss Udah gitu, 0-100 kmh cuman butuh waktu 5.4 detik aja Yang bikin makin menarik lagi, dia punya kapasitas baterai yang hampir kayak mobil listrik 34.46 kWh dan dengan batu kapasitas kayak gini Dia bisa jalan sampai dengan 170 km cuman pakai EV Mode aja Ini lebih kayak RSN standard ya, dia kayak mobil listrik tapi bawa generatornya sendiri Dan asiknya lagi, kapasitas baterai ini bisa dipakai untuk V2L atau supply listrik untuk kalau anda lagi camping Ih mantap Hampir semua fasilitas memang yang ada di mobil meyaran ada di mobil Rp 100 jutaan ini Pertama, mulai dari kursi elektrik, adalah panoramik santuf yang gede banget Udah gitu punya 17 sistem adas, ditambah lagi mobil ini bisa parkir sendiri Dan gak kalah penting lagi Spikernya ada 14 BG dari Sony dan ada 3 buah speaker individual untuk pengemudinya aja Udah gitu kekendapan kabinnya juga luar biasa karena kaca depannya ini ternyata pakai double glass Jadi kabinnya luar biasa nyaman Kalau pengen perdifasi lebih, tinggal naikin tirai aja Ditambah lagi keselamatannya juga main-main karena dia pakai standard Hampir di semua negara dan secara global Dia adalah mobil yang melakukan crash test paling banyak untuk memastikan keselamatannya Karena mobil pelagian hybrid, dia gak cuma bisa isi bensin aja tapi juga bisa dicarj dengan disicharging Yang chargingnya bisa secepat mobil listrik lainnya Karena mobil ini dimensinya hampir 4.8 meter, bukan cuma mau 7 penumpang tapi bagasi juga emuat di belakang Terima kasih sudah menonton!",4,"ceri suv superior aspeknya nih, ceri csh suvmu? ini? gawat nih mobil pakai teknologi ceri super hybrid tenangnya kemainmain torsinya ngeri banget pengeretnya wheel drive pakai transmisi dedicated hybrid transmission lag minimum power loss gitu, kmh cuman butuh detik aja menarik lagi, kapasitas baterai kayak mobil listrik kwh batu kapasitas kayak gini jalan cuman pakai mode aja kayak rsn standard ya, kayak mobil listrik bawa generatornya asiknya lagi, kapasitas baterai dipakai supply listrik camping mantap fasilitas mobil meyaran mobil jutaan pertama, kursi elektrik, panoramik santuf gede banget gitu sistem adas, ditambah mobil parkir kalah spikernya sony buah speaker individual pengemudinya aja gitu kekendapan kabinnya kaca depannya pakai double glass kabinnya nyaman perdifasi lebih, tinggal naikin tirai aja ditambah keselamatannya mainmain pakai standard negara global mobil crash test keselamatannya mobil pelagian hybrid, isi bensin aja dicarj disicharging chargingnya secepat mobil listrik mobil dimensinya meter, penumpang bagasi emuat terima kasih menonton!"
"sepertinya nggak, cuma dengan tau satu hal ini, penampilanmu bisa naik level 10x lipat selama ini, aku penasaran banget apakah make up dan outfit yang aku pakai sudah sesuai dengan personal color aku apa belum ya akhirnya aku cobain personal color analysis test dari warna yang kebetulan ada di bandung taa pertama adalah mencari tau apakah aku punya warm atau cool undertone karena ternyata, kalau kita pakai outfit atau make up yang nggak sesuai sama personal color kita itu bisa bikin kita kelihatan lebih tua dan imperfection di wajah seperti bekas dirawat atau kantong mata jadi lebih kelihatan jelas dan entara, ternyata aku adalah seorang warm spring lalu kita nentuin warna make up yang cocok, mulai dari lipstick, eyeshadow, sampai blush on pokoknya jelasin semuanya secara detail dan rekomendasi in straight make up yang cocok di personal color aku, seru banget kegiatannya",6,"tidak, ini, penampilanmu level lipat ini, penasaran banget make outfit pakai sesuai personal color cobain personal color analysis test warna bandung taa mencari warm cool undertone ternyata, pakai outfit make sesuai personal color tua imperfection wajah bekas dirawat kantong mata entara, warm spring nentuin warna make cocok, lipstick, eyeshadow, blush pokoknya jelasin detail rekomendasi straight make cocok personal color aku, seru banget kegiatannya"
"KAMU MENUKAN KAMU MENUKAN KAMU MENUKAN KAMU MENUKAN KAMU MENUKAN Iya, insya Allah, puasa. Hari ini puasa? Pusat. Alhamdulillah, puasa insya Allah. Iya, aku kebetulan lagi puasa. Aku puasa insya Allah. KAMU MENUKAN Minimal banget tuh 3 kali, dan maksimal tuh biasanya bisa 4-5 kali sih. Bisa 3 kali, 2 kali. Kalau tenis sih 1 kali, tapi kalau raga lain aku rutinnya seminggu 2 kali. 5, 3-5 kali lah. Jadi seminggu bisa 3-4 kali tetap kalau raga. Padel sih. Oke. Tim tenis. Padel. Aku tim tenis dong. Tetap lebih suka pendel sih. Ramada simple aja with Allah Fred. Ramada simple aja with Allah Fred.",7,"menukan menukan menukan menukan menukan iya, insya allah, puasa. puasa? pusat. alhamdulillah, puasa insya allah. iya, puasa. puasa insya allah. menukan minimal banget tuh kali, maksimal tuh kali sih. kali, kali. tenis sih kali, raga rutinnya seminggu kali. kali lah. seminggu kali raga. padel sih. oke. tim tenis. padel. tim tenis dong. suka pendel sih. ramada simple aja allah fred. ramada simple aja allah fred."
"KAMI DERI BEGROUN BUDA Saya berkenalkan, saya Candra Ditian Ugraha, Ketuaumum Himpulan Mahasih Selamudis Indonesia, yang tergabung di dalam Kulampok Cipayung Plus. Kami ini sudah berdiri pada tahun 1971. Tentunya sudah banyak melahirkan pemimpin-pemimpin yang lahir dari Rahim Ikma Budi. Kami dari Begron Buda sendiri, yang mengajarkan dan mengamalkan nilai Dharma. Ini adalah nilai perdomansi hidup yang diajarkan oleh Sang Buda. Yang mana itu ada bentuk kecintaan, cinta kasih, ada rasa empati dan rasa bagaimana kita menyayangi sama makhluk hidup. Bagaimana kita bisa melakukan gerakan nyata. Bukan hanya kita terkurung dalam segmen dimensi ritualisme. Nah, ini bisa menjadi simbol dan patron terhadap kepersatuan dan terkait kebinekaan dan terkait keberagaman. Jadi, ini Cipayung bisa dikatakan, inilah wajah-wajah anak-anak muda yang bisa bersatu di dalam satu rumah yang mungkin orang-orangnya berbeda karakter, berbeda suku, berbeda agama. Tapi bisa di-satu kan dalam forum Cipayung Plus. Apa Madina sama Medina, berjuanglah dengan suguh-sungguh. Terima kasih.",4,"deri begroun buda berkenalkan, candra ditian ugraha, ketuaumum himpulan mahasih selamudis indonesia, tergabung kulampok cipayung plus. berdiri melahirkan pemimpinpemimpin lahir rahim ikma budi. begron buda sendiri, mengajarkan mengamalkan nilai dharma. nilai perdomansi hidup diajarkan sang buda. bentuk kecintaan, cinta kasih, empati menyayangi makhluk hidup. gerakan nyata. terkurung segmen dimensi ritualisme. nah, simbol patron kepersatuan terkait kebinekaan terkait keberagaman. jadi, cipayung dikatakan, wajahwajah anakanak muda bersatu rumah orangorangnya berbeda karakter, berbeda suku, berbeda agama. disatu forum cipayung plus. madina medina, berjuanglah suguhsungguh. terima kasih."
"oleh karena itu sekitar paksa orang itu supaya comply terhadap ketentuan kau udah bayar pajak belum, kau udah bayar royalti belum tadi yang dibilangkan oleh setok tadi itu dengan sistem lebih jauh lagi nanti karena pilar ke-3 ya kamu ngurus paspormu nggak bisa, karena kamu belum bayar pajak kamu nggak bisa nanti kalau lebih jauh lagi kamu memperbarui jinmu di apa, nggak bisa karena kau belum bayar ini jadi semua ngerti dan memang ini membuat Indonesia itu betul-betul transparan kedepan dengan mesin karena AI itu Artificial Intelligent dengan big data yang kita punya yang sedang dibangun terus ini itu akan membuat Indonesia ini apapapapapapropa tadi yang dibilang Pak Dede benar tidak mudah juga kementerian kewangan dirujian pajak itu mekologi nah kita bantu ini dengan program ini nah program ini saya pikir kita akan lihat hasilnya dalam 1 tahun ke depan mulai bertahap dan itu akan saya kira membuat game changer apa jadi game changer buat negeri ini hanya minta sekali lagi dukungan anda dan semua masyarakat Indonesia ayo kita ramer apa yang dikundang patuh terhadap ketentuan karena nanti ada mantan-mantan pejabat juga yang tidak patuh akan ketahuan ya akan ketahuan jadi kalau misalnya saya mantan pejabat saya menyembunyikan sesuatu pasti akan ketahuan entah dulu dia paling berkuasa tidak ada urusan nanti kalau akan bisa lihat orang akan bisa google kamu nanti kalau kamu tuh membuat sesuatu yang tidak benar jadi akan membuat Indonesia menurut saya hebat ke depan",0,"paksa orang comply ketentuan kau bayar pajak belum, kau bayar royalti dibilangkan setok sistem pilar ngurus paspormu bisa, bayar pajak memperbarui jinmu apa, kau bayar mengerti indonesia betulbetul transparan kedepan mesin artificial intelligent big data dibangun indonesia apapapapapapropa dibilang dede mudah kementerian kewangan dirujian pajak mekologi bantu program program pikir lihat hasilnya bertahap permainan changer permainan changer negeri dukungan masyarakat indonesia ayo ramer dikundang patuh ketentuan mantanmantan pejabat patuh ketahuan ketahuan mantan pejabat menyembunyikan ketahuan berkuasa urusan lihat orang google tuh indonesia hebat"
"Ini saya udah pernah nyoba semuanya. Apaan? Ini! Ini! Ini! Ini! Ini! Dimana dulu? Jelas dulu. Ini dosia. Nah, sadar gak? Carbon fiber? Carbon? Dan tebel banget. Carbon fiber gede banget ini, Dive Chef. Nah, sekarang inti dari museumnya ada di balik. Roling door ini yang segera dibuka. Intinya inti. Intinya inti. Silahkan, Pak. Akhirnya, Ali. Emang, kertinya. Ini kerti lagi? Kapan lagi kita ke museum? 24-nya. Yang ngedesainnya. Pelaku sejarah pembuatnya dan pelaku sejarah penggunaannya. Harus dia. Gimana, dong? Iya. Pinternya buka kapasinya nih. Itu kan, udah pindah. Oh. Ini kerja di motomobi gak nih?",6,"nyoba semuanya. apaan? ini! ini! ini! ini! ini! dimana dulu? dulu. dosia. nah, sadar tidak? carbon fiber? carbon? tebel banget. carbon fiber gede banget ini, dive chef. nah, inti museumnya balik. roling door dibuka. intinya inti. intinya inti. silahkan, pak. akhirnya, ali. emang, kertinya. kerti lagi? museum? nya. ngedesainnya. pelaku sejarah pembuatnya pelaku sejarah penggunaannya. dia. gimana, dong? iya. pinternya buka kapasinya nih. kan, pindah. oh. kerja motomobi nih?"
"sedikit tips buat kalian yang pengen dapetin 10.000 Rupiah, tapi bosan kalau cuma jalan biasa kayak gini, coba ini, The Japanese Walking Protocol. Jadi caranya itu kalian jalan biasa atau santai selama 3 menit kayak gini nih. Terus lalu jalan cepat selama 3 menit juga. Nah itu diulau-ulang terus sampai 5 kali. Jadi 5 kali jalan biasa, 5 kali jalan cepat. Jadi total waktunya 30 menit. Ini aku pas baru selesai nyobain cara jalan ini, pake Walking Pad Pro dari Hyper Fit. Dan ternyata enak banget. Walking Padnya enak, efek teknik jalan ini di badanku juga enak. Yuk siapa yang tertarik nyobain teknik jalan ini nih, coba komen di bawah ya. Cermin video ini ke temen dan sodala kalian, biar pada nyobain ini juga lap semangat jalannya dan stay hard. Oh ya dengan teknik jalan ini tadi aku bisa dapet 3.500 langkah dalam waktu 30 menit.",0,"tips dapetin rupiah, bosan jalan kayak gini, coba ini, japanese walking protocol. jalan santai menit kayak gini nih. jalan cepat menit juga. diulauulang kali. kali jalan biasa, kali jalan cepat. total menit. pas selesai nyobain jalan ini, pake walking pad pro hyper fit. enak banget. walking padnya enak, efek teknik jalan badanku enak. yuk tertarik nyobain teknik jalan nih, coba komen ya. cermin video teman sodala kalian, nyobain lap semangat jalannya stay hard. teknik jalan dapet langkah menit."
"ini apa namanya? siri ini siri uuuuh ini apatrasi bukan jadi tadi kan gue datang ke perempuan harmonika kan kami gue diundang dan itu zabis tuh gue kaget kalo perniatak kita tuh disuguin sama siri jadi kes macam kabudah ya dan mau ayo gitu lah kalo dia dihitung begini udah gue siungan katamu terus gue nyoba dong kan tapi perniata tadi gue kira tuh adetrasi tapi ternyata bukan itu lebih ke gambir stasiun kali agam itu sadapinang sama kabudah juga jadi kaya wah buat sama kali ini kita menyerih hari kita mencoba budaya apa amsa ah gak di ini kan bikunya doang gak? gak ditelan gak nih? itu untuk apa yang tapi gak? di cara gitu lah baik banget oh iya itu gak dia punya armai habis itu, sana harusnya gigi bisa itu kuat banyak-banyak itu itu lebih antiseptik itu pangitnya apa? kuat gue kita netkain banyak sehobok",6,"namanya? siri siri uuh apatrasi perempuan harmonika diundang zabis tuh kaget perniatak tuh disuguin siri kes kabudah ayo gitu dihitung siungan katamu nyoba perniata tuh adetrasi gambir stasiun kali agam sadapinang kabudah kaya kali menyerih mencoba budaya amsa bikunya doang tidak? ditelan nih? tidak? gitu banget iya armai habis itu, gigi kuat banyakbanyak antiseptik pangitnya apa? kuat netkain sehobok"
"Ini juga salah satu perdebatan yang paling sering. Apakah konsumsi protein sebelum atau sesudah olahraga itu mempengaruhi performans dan mempengaruhi komposisi badan terutama masa otot? Ini ada satu sistemasikan review, meta-analysis terbaru yang melihat itu. Apa yang mereka temui? Sepertinya tidak ada pengaruh yang signifikan. Apakah konsumsi protein itu sebelum ataupun sesudah olahraga? Baik dari sisi performans maupun dari sisi komposisi otot. Tapi mereka ketemu ada efek kecil kalau sanitik kita kosumsi protein sebelum olahraga, kita naikin sedikit kemampuan kaki. Tapi, to be honest, kalau gue ngelihat studi-studi yang lain ya, yang penting kalau menurut gue adalah asupan protein sepanjang hari itu ada. Emino-asip pool, artinya kolam asam amino, terutama asam amino esensial, di dalam badan kita itu secara kesaharian terpenuhi untuk membentuk otot untuk memperbaiki cariangan dan untuk menunjang performans.",7,"salah perdebatan sering. konsumsi protein olahraga mempengaruhi performans mempengaruhi komposisi badan otot? sistemasikan review, metaanalysis terbaru itu. temui? pengaruh signifikan. konsumsi protein olahraga? sisi performans sisi komposisi otot. ketemu efek sanitik kosumsi protein olahraga, naikin kemampuan kaki. tapi, honest, ngelihat studistudi ya, asupan protein ada. eminoasip pool, kolam asam amino, asam amino esensial, badan kesaharian terpenuhi membentuk otot memperbaiki cariangan menunjang performans."
"menjelaskan bahwa teori-teori konspirasi itu menjadi laku di masyarakat, menjadi akrab di masyarakat, itu bukan karena... bukan karena teori itu terpercaya. Tapi karena orang yang menyimaknya memang membutuhkan itu untuk menanangkan jiwanya. Atau yang menjelaskan memang juga bercerita. Bukan, bukan maksudnya gini. Teori konspirasi itu, ya kalau itu tentu saja ya. Jadi teori konspirasi itu, penjelasannya itu memang sangat luar biasa, sangat bagus sehingga menarik perhatian banyak orang gitu. Ya memang, cuman maksudnya gini, teori konspirasi bisa diterima oleh banyak orang, karena orang-orang yang dikalahkan itu butuh, butuh morfin. Atau apa namanya? Butuh pemenaran dalam pikirannya gitu ya. Yang menenangkan kekalahannya gitu. Jadi sering diungkapkan misalkan, waduh kenapa kamu muslimin sekarang kalah? Oh ini konspirasi Yahudi. Wah kenapa sih Indonesia yang gak maju-maju? Ya karena negara-negara barat berusaha untuk menghancurkan ekonomi Indonesia dan sebagainya. Nah jadi teori-teori itu akan membuat kita tuh tenang gitu. Jadi kita tuh tidak lagi resah. Ternyata selama ini kita dibohongin oleh para ilmuwan, bahwa bumi itu sebenarnya datar dan sebagainya. Ini kan bagi kelompok-kelompok yang tidak diterima secara akademik.",0,"teoriteori konspirasi laku masyarakat, akrab masyarakat, karena.. teori terpercaya. orang menyimaknya membutuhkan menanangkan jiwanya. bercerita. bukan, maksudnya gini. teori konspirasi itu, ya. teori konspirasi itu, penjelasannya biasa, bagus menarik perhatian orang gitu. memang, cuman maksudnya gini, teori konspirasi diterima orang, orangorang dikalahkan butuh, butuh morfin. namanya? butuh pemenaran pikirannya gitu ya. menenangkan kekalahannya gitu. misalkan, muslimin kalah? konspirasi yahudi. sih indonesia majumaju? negaranegara barat berusaha menghancurkan ekonomi indonesia sebagainya. teoriteori tuh tenang gitu. tuh resah. dibohongin ilmuwan, bumi datar sebagainya. kelompokkelompok diterima akademik."
"sebenernya nih ya, kalian ngelakuin bodyweight squat sambil ditahan di posisi bawah kayak gini sebentar 8-12 kali, atau sekuatnya jangan nanti dapet berapa terus lanjut, lakuin reverse lanjut sambil ditahan di posisi bawah kayak gini juga 8-12 kali, atau sekuatnya aja dapet berapa lanjut, turun ke lantai buat ngelakuin glute bridge sambil ditahan sebentar di posisi atas kayak gini, 8-12 kali atau sekuatnya jangan nanti dapet berapa jangan ditutup dengan gijijijitin pake satu kaki gin, atau calf raises buat ngatih tot betis sekali goose ngelatik esi banggan badan kalian 8-12 kali, atau sekuatnya aja dapet berapa itu tuh udah termasuk workout di rumah atau dikos aja yang cocok banget buat kalian yang pengen mulai latihan kaki tapi gak punya alat sama sekali nah nanti kalau udah bisa rutin kalian bisa nabung pelan-pelan buat beli dumbbell kayak gini atau karat kayak gini biar latihannya jadi lebih menantang kalau kalian mau rekomendasi dumbbell atau karat, komenajem mau atau dumbbell atau karat atau apapun lah nanti aku kirimin linknya ke DM kalian yuk udah mulai dulu aja workout di rumah atau dikos kayak gini karena kita bisa mulai tanpa alat sama sekali ya jadi gak ada alasan lagi ya oke, cari video kalau bermanfaat, tetap semangat dan stay hard",4,"sebenernya nih ya, ngelakuin bodyweight squat ditahan posisi kayak gini sebentar kali, sekuatnya dapet lanjut, lakuin reverse ditahan posisi kayak gini kali, sekuatnya aja dapet lanjut, turun lantai ngelakuin glute bridge ditahan sebentar posisi kayak gini, kali sekuatnya dapet ditutup gijijijitin pake kaki gin, calf raises ngatih tot betis goose ngelatik esi banggan badan kali, sekuatnya aja dapet tuh workout rumah dikos aja cocok banget latihan kaki alat rutin nabung pelanpelan beli dumbbell kayak gini karat kayak gini latihannya menantang rekomendasi dumbbell karat, komenajem dumbbell karat apapun kirimin linknya yuk aja workout rumah dikos kayak gini alat alasan oke, cari video bermanfaat, semangat stay hard"
"Benda strategi main badminton gua, part 2 Di match ini kita bisa perhatikan cara latasi gua sama partner gua Ketika dapat potensi untuk bisa smash, partner gua langsung ambil posisi backup di depan Tapi karena power smash gua kurang, jadi lawan gua gampang buat ngalikin kara yang kosong Akhirnya gua ketinggalan untuk ke garbola Dan gua memutuskan untuk backhand tipis ke depan, beruntungnya lawan Ero Akhirnya gua main sabar dulu, lebih tenang Kasih drop shot silang, dan smash kara lawan yang habis ambil drop shot Karena posisi lawan belum 100% siap Tapi kali ini partner gua erotikin Tapi akhirnya game ini gua berhasil menang, bareng partner gua Dimana? lanjut part 3 ga nih? Semoga kalian bisa belajar dari startegi dan kesalahan yang gua lakuin ya Jangan berfollow",0,"benda strategi main badminton saya, part match perhatikan latasi partner potensi smash, partner langsung ambil posisi backup power smash kurang, lawan gampang ngalikin kara kosong ketinggalan garbola memutuskan backhand tipis depan, beruntungnya lawan ero main sabar dulu, tenang kasih drop shot silang, smash kara lawan habis ambil drop shot posisi lawan kali partner erotikin permainan berhasil menang, bareng partner dimana? part nih? semoga belajar startegi kesalahan lakuin berfollow"
"teman-teman coba cek kekuatan otot kaki kalian dengan cara duduk berdiri di kursi tangan dibaku, kemudian lakukan 1 menit sebanyak-banyak, jadi harus cepat seperti ini 1 menit wow, hasilnya 71 dari jurnal sistematic review ini memperlihatkan bahwa jumlah 20-50 itu sudah rata-rata dan bagus banget jadi kalau teman-teman berada di angkasi begitu sudah oke namun kalau bisa lebih di atas 50 itu bagus banget berapa nilai mu?",6,"temanteman coba cek kekuatan otot kaki duduk berdiri kursi tangan dibaku, lakukan menit sebanyakbanyak, cepat menit wow, hasilnya jurnal sistematic review ratarata bagus banget temanteman angkasi oke bagus banget nilai mu?"
"Ada aku nangis ngeshare soal loker buat posisi CS Joodle di Poypet Kambuja. Nucunya siarat jadi CS Joodle tuh ga boleh menjuti. Ironis kan? Ya Poypet ini emang udah terkenal lah jadi kota judi dari liputan Vice di 2017. Duta besar Indonesia buat Kambuja bilang kalau sekarang jumlah wargane negara Indonesia yang tetap di Kambuja bertambah tiap tahunnya seiring dengan mau abahnya industri judi online. Alasannya ya jelas karena industri judi online legal di Kambuja khususnya di kota-kota perbatasan kayak buffet, Poypet, dan Sinanufil. Sayangnya KBRI itu ga punya data secara langsung apakah memang WNI yang datang ke Kambuja itu bekerja langsung di Joodle atau engga tapi santu mengakui. Kalau ngeliat patternnya emang seperti itu ada kaitannya. Data 2018 sampai 2019 jumlah WNI di Kambuja itu cuma 3.000. Dan di tahun 2023 WNI di Kambuja jumlahnya jadi 123.000. Termasuk ada 89.000 orang yang lapor kalau bakalan stay di Kambuja long term. Selama 6 bulan sampai 1 tahun. Gila itu naiknya 40x, 40 kali dalam waktu 4 tahun. Santu udah periksa tahun 2024 WNI bisa tembus 150-360.000 orang. Ada juga salah satu tweet dari ex nunjukin screenshot map di sekitaran kota Poypet. Nunjukin kalau banyak warung khas Indonesia kayak angkringan boss, arena angkringan, pecelelesikan di dua, miayam, bakso juda kan, bakso bocir, memangkir rakyat Poypet, bahkan ada yang banget sebagainya. Segitu banyak orang Indonesia yang kerja di sana. Pantesan buterin uang judolnya sampai 100 triliun. Dan lu bisa top up game kesukaan lu di GTD Top Up.",6,"nangis ngeshare loker posisi joodle poypet kambuja. nucunya siarat joodle tuh menjuti. ironis kan? poypet emang terkenal kota judi liputan vice duta indonesia kambuja bilang wargane negara indonesia kambuja bertambah tahunnya seiring abahnya industri judi online. alasannya industri judi online legal kambuja kotakota perbatasan kayak buffet, poypet, sinanufil. sayangnya kbri data langsung wni kambuja langsung joodle engga santu mengakui. ngeliat patternnya emang kaitannya. data wni kambuja wni kambuja orang lapor stay kambuja long term. tahun. naiknya kali tahun. santu periksa wni tembus orang. salah tweet nunjukin screenshot map sekitaran kota poypet. nunjukin warung khas indonesia kayak angkringan boss, arena angkringan, pecelelesikan dua, miayam, bakso juda kan, bakso bocir, memangkir rakyat poypet, banget sebagainya. segitu orang indonesia kerja sana. pantesan buterin uang judolnya triliun. isi ulang permainan kesukaan gtd isi ulang."
"Menurut World Health Organization, WHO, anak-anak seringkali jadi korban tenggelam. Tenggelam adalah penyebab utama kematian pada anak-anak di berbagai negara. WHO menjatat bahwa tenggelam merupakan penyebab kematian terbesar kedua setelah menimonia pada anak-anak usia 1-14 tahun. Makanya penting banget untuk si kecil belajar berenang karena ini adalah tentang keselamatan. Dengan keterampilan berenang yang tepat, si kecil akan bisa merasa lebih percaya diri, aman, yaman, dan mandiri dengan lingkungan air. Dengan keterampilan berenang, mereka bisa menikmati bermain di air tanpa harus selalu mengandalkan bantuan orang dewasa. Ini adalah langkah pertama menuju kemandirian yang penting dalam perkembangan mereka. Selain itu, berenang adalah olahraga yang menyenangkan dan menyihakkan. Berenang bisa membantu meningkatkan kesehatan jantung, membangun kekuatan otot, meningkatkan flexibilitas tubuh. Yuk, mulai perjalanan keajaiban air si kecil di studio renang.",4,"world health organization, who, anakanak seringkali korban tenggelam. tenggelam penyebab utama kematian anakanak negara. menjatat tenggelam penyebab kematian terbesar menimonia anakanak usia tahun. banget belajar berenang keselamatan. keterampilan berenang tepat, percaya diri, aman, yaman, mandiri lingkungan air. keterampilan berenang, menikmati bermain air mengandalkan bantuan orang dewasa. langkah kemandirian perkembangan mereka. itu, berenang olahraga menyenangkan menyihakkan. berenang membantu meningkatkan kesehatan jantung, membangun kekuatan otot, meningkatkan flexibilitas tubuh. yuk, perjalanan keajaiban air studio renang."
"eh, batiknya bagus beli di mana? di online oh di online bukan di sini hahahah omf hmmm malu lah hahahah percayaan diri aja hah oh my god nih lihat ini",6,"eh, batiknya bagus beli mana? online online hahahah omf hmm malu hahahah percayaan aja hah god nih lihat"
"Huawei ini ada aja ulahnya di pasar smartwatch. Jadi mereka baru aja mengenalin Watch Fit 4 series dengan banyak pilihan warna. Dan buat pertama kalinya ada seri Pro. Yang desainnya ini jelas terinspirasi dari Apple Watch Ultra sih. Lihat tularnya kotak flat. Kacanya sapphire, bezelnya titanium, bodinya aluminium kelas aerospice. Mantap. Di sisi kanannya ada crown berwarna, ada tombol, ada semacam jendolan kaku. Mirip. Strapnya juga dibikin bergelombang ala-ala outdoor. Buat yang seri basic, dia juga nggak kalah cakep ya. Layarnya lebih curve. Desainnya tipis, nyaman di tangan. Layarnya amoled 1.82 inch. Pick brightness juga tinggi ya. Yang basic, dia sampai 2000 nits. Yang Pro bisa sampai 3000 nits. Terang banget ini. Cocok buat dipake olahraga outdoor. Nggak pake mikir. Watch Face-nya pun sangat familiar dan banyak yang gratis. Huawei kayak ada ambisi pribadi nih kayak Apple. Fiturnya banyak. Alah Huawei. Bahkan ada beberapa yang Apple nggak bisa. Contohnya, NFC buat kopi kartu access. Dia bisa. Battery yang bisa tahan seminggu lebih. Aman. Ini up to 10 hari. Sistem yang nyambung sama segala jenis OSHP, JOS. Ada juga mode golf yang ngasih trackingan, lokasi lapangan, score sampai ke map offline gratis. Free Diving sampai 40 meter. Ada built-in dual band GPS juga. Ada ECG buat seri Pro-nya. Ada emotional well-being buat monitor mode di kedua tipe. Dan harganya mulai dari 1,8 juta buat varian basic. Dan 3 jutaan buat varian Pro. Ini jelas lebih murah daripada Apple Watch. Saya udah 2 mingguan pake varian Pro ini dan rasanya emang asik sih. Tungguin aja reviewnya di YouTube.",4,"huawei aja ulahnya pasar jam pintar. aja mengenalin watch fit series pilihan warna. kalinya seri pro. desainnya terinspirasi apple watch ultra sih. lihat tularnya kotak flat. kacanya sapphire, bezelnya titanium, bodinya aluminium kelas aerospice. mantap. sisi kanannya crown berwarna, tombol, jendolan kaku. mirip. strapnya dibikin bergelombang alaala outdoor. seri basic, kalah cakep ya. layarnya curve. desainnya tipis, nyaman tangan. layarnya amoled inch. pick brightness ya. basic, nits. pro nits. terang banget ini. cocok dipake olahraga outdoor. pake mikir. watch facenya familiar gratis. huawei kayak ambisi pribadi nih kayak apple. fiturnya banyak. alah huawei. apple bisa. contohnya, nfc kopi kartu access. bisa. battery tahan seminggu lebih. aman. hari. sistem nyambung jenis oshp, jos. mode golf ngasih trackingan, lokasi lapangan, score map offline gratis. free diving meter. builtin dual band gps juga. ecg seri pronya. emotional wellbeing layar mode tipe. harganya juta varian basic. jutaan varian pro. murah apple watch. mingguan pake varian pro emang asik sih. tungguin aja reviewnya youtube."
"Guys aku udah selesai make upan, cuma aku belum pake lip product Udah lumayan lama aku gak pake lip veneal untuk kulup bibir aku dan aku rindu banget pake lipstick ini Dan disini aku punya 5 shades kan aku mau swatches kalian bantuin belian aku Shade mana yang paling bagus dan paling cocok sama look ini First aku mau swatch yang shade 100 charm, jangan lupa di shake dulu sebelum dipake Dan kalo pake ini aku gak pake lip liner, karena ini mudah banget untuk mengover line lips Tapi seperti biasa sebelum dia ngeset aku akan blur bagian luarnya Hal yang aku paling suka dari lip veneal itu dia pigmented banget dan dia nge blur bibir banget Dari set kayak gak terlalu keliatan bibirnya kayak lebih smooth dan soft Ini aku sedih main 5-8 menitan dulu sampe dia ngeset Next shade itu 15 peachy, I also love this color menurut aku ini cocok juga Nah make upnya lagi kayaknya warna nude se bakal paling cocok untuk look ini 3rd shade itu nomor 10 lipi, tapi karena ini warna nyambut Tidak aku fakirnya gak apa-apa belantakan aja, kita akan blend lagi Next ini nomor 30 unreveal Wah ini warna cantik banget, nah aku rasa ini warna cocok banget untuk make up ini Last shade itu 35 cheeky, ini menurut aku adalah warna nude terperfek buat skin tone aku Voting bawah, shade mana yang paling cocok buat aku Ini tuh si Maybelline Superstay Vinyl Ink The OG Vinyl Lipstick Benar-benar transfer proof kayak gak ada apa pun Ini adalah tawaran untuk kalian untuk mencoba",7,"guys selesai make upan, pake lip product lumayan pake lip veneal kulup bibir rindu banget pake lipstick shades swatches bantuin belian shade bagus cocok look first swatch shade charm, lupa shake dipake pake pake lip liner, mudah banget mengover line lips ngeset blur luarnya suka lip veneal pigmented banget nge blur bibir banget set kayak keliatan bibirnya kayak smooth soft sedih main menitan sampe ngeset next shade peachy, also love color cocok make upnya kayaknya warna nude cocok look shade nomor lipi, warna nyambut fakirnya apaapa belantakan aja, blend next nomor unreveal warna cantik banget, warna cocok banget make last shade cheeky, warna nude terperfek skin tone voting bawah, shade cocok tuh maybelline superstay vinyl ink vinyl lipstick benarbenar transfer proof kayak tawaran mencoba"
"Kalo lu ada pergi kesan-san dan jalan-jalan seharian ke Huat Xiang Pei, mata lu tuh akan kebuka. Seberapa hebatnya China itu bikin produk rebrand buat siapa aja yang mau beli. Dan lu jengar gimana cara kerjanya brand-brand ODM di Indonesia yang cuma ganti merek doang. Yang cuma rebrand lah dari produk China. Ya kalo asesori, ga ada hubungan sama teknologi atau keamanan sih ya harusnya fine-fine aja. Tapi kalo sampe kayak PowerBang gini, pasti lu beli brand yang udah bener-bener trusted. Hindari ODM yang cuma ganti-ganti merek doang. Apalagi kalo PowerBangnya itu udah kelim-kelim keselamatan buat tipes auto terbang. Keamanannya soalnya bukan hanya lu dan baterai dari divas yang lu pake. Tapi keamanan penumpang lainnya juga bergantung dari baterai gini ya. Buat pilih brand yang aman, simple nih, gue selalu liat JD.com yang emang ngejaga produk-produk yang dijual di websitenya. Lu ketik PowerBang, Cuk Tech itu top 5 jualan PowerBang terbanyak di JD.com. Dan kalo lu liat brand ini, emang fokus jual macam-macam bentuk PowerBang. Dan lu juga bisa liat, ga main-main jumlah terjualnya. Cuk Tech kirimain gue piserisnya yang 90Wh. Dan diklaim ini airline safe atau aman di bawah ke pesawat. Konteks buat lu, regulasi PowerBang yang boleh di bawah ke pesawat itu maksimum 100wh. Alasannya karena kalo amit-amit kejadian sesuatu sama PowerB nya pas pesawat lagi ada di langit. Masih bisa ditangani dengan aman. Cuk Tech piseris ini ditulis 25.000 mAh. Kalo pake hitung-hitung asedarana, WH nya itu sekitar 92.5wh. Jadi aman. Penulisan spek nya gue suka banget. Langkap di bagian belakangnya. Maksimum output dan single port maksimum output nya. Detail banget ditulis semua. Dan rated kapasitas nya juga tercantum dengan jelas dan spek-spek lainnya. Juga sangat lengkap. Dan kalo gue tes mAh nya pake metode kayak gini, gue dapetin sekitar 19.000 mAh. Sangat-sangat makes sense. Beda 20-25% dibandingnya diklaim Cuk Tech. Dari segala margin of error, efficiency battery, energi yang kebuang, ke panas. Ada juga energi yang ke layar Cuk Tech. Nice ini bedanya. Dan kalo gue hitung lagi WH nya, dari mAh yang gue dapet itu sekitar 7.1wh. Dan yang gue nganyangkan, produk ini udah dapetin review 10.000++ di China. Ternyata banyak juga orang yang butuh power bank segede nih buat dibawa-bawa. Dan terakhir gue ada tes suhu bedain sama dicolok pake Codde Tembo. Ada beda sekitar 3 derajat pas dicas sekitar 30 menit. Masuk akal dan harusnya ini masih nice. Karena kalo dari bisnis sebuah, maksimum suhu device itu yang dicas pake power bank, 45 derajat paling tingginya. Kalo udah merepetin 50 derajat, itu udah sangat bahaya buat baterai device nya. Ya di suhu tinggi gitu, lu pegang device nya juga. Udah sakit tangan nih. Makanya selalu inget kalo ada hubungan sama teknologi dan keamanan. Kindari ODM ganti-ganti merek doang dan beli yang pasti-pasti aja. Link nya Cuk Tech di deskripsi. Jangan lupa top-up game kesukaan lu di GTD Top-Up.",7,"pergi kesansan jalanjalan seharian huat xiang pei, mata tuh kebuka. hebatnya china produk rebrand aja beli. jengar gimana kerjanya brandbrand odm indonesia ganti merek doang. rebrand produk china. asesori, hubungan teknologi keamanan sih finefine aja. sampe kayak powerbang gini, beli brand benerbener trusted. hindari odm gantiganti merek doang. powerbangnya kelimkelim keselamatan tipes auto terbang. keamanannya baterai divas pake. keamanan penumpang bergantung baterai gini ya. pilih brand aman, simple nih, liat jadi.com emang ngejaga produkproduk dijual websitenya. ketik powerbang, cuk tech top jualan powerbang jadi.com. liat brand ini, emang fokus jual macammacam bentuk powerbang. liat, mainmain terjualnya. cuk tech kirimain piserisnya wh. diklaim airline safe aman pesawat. konteks kamu, regulasi powerbang pesawat maksimum wh. alasannya amitamit kejadian powerb nya pas pesawat langit. ditangani aman. cuk tech piseris ditulis mah. pake hitunghitung asedarana, nya .wh. aman. penulisan spek nya suka banget. langkap belakangnya. maksimum output single port maksimum output nya. detail banget ditulis semua. rated kapasitas nya tercantum spekspek lainnya. lengkap. tes mah nya pake metode kayak gini, dapetin mah. sangatsangat makes sense. beda dibandingnya diklaim cuk tech. margin error, efficiency battery, energi kebuang, panas. energi layar cuk tech. nice bedanya. hitung nya, mah dapet .wh. nganyangkan, produk dapetin review china. orang butuh power bank segede nih dibawabawa. tes suhu bedain dicolok pake codde tembo. beda derajat pas dicas menit. masuk akal nice. bisnis sebuah, maksimum suhu device dicas pake power bank, derajat tingginya. merepetin derajat, bahaya baterai device nya. suhu gitu, pegang device nya juga. sakit tangan nih. inget hubungan teknologi keamanan. kindari odm gantiganti merek doang beli pastipasti aja. link nya cuk tech deskripsi. lupa topup permainan kesukaan gtd topup."
"jadi di perjalanan 1 milion Jurni Edisi Tour de Asean ini, kita melewati Thailand dan kita meampir ke pabrik Furukawa B3 untuk Silatur Rahmi dan sekalian ganti Aki di salah satu mobil kita ini di Thailand kita bertemu dengan Kawamurasan, selaku Deputy Managing Director Furukawa Thailand nah, jadi kita sudah bersama Mr. Kawasan, ya, dari Furukawa B3 Thailand Lio ini adalah vice president dari Furukawa B3, dan dari Thailand ini, hello Mr. Kawasan di sini juga kita diajak untuk melihat bagaimana Furukawa B3 dibuat dari pabriknya langsung meskipun tidak bisa direkam, kita bisa lihat langsung bagaimana Furukawa B3 itu dibuat dengan standar yang tinggi jadi tadi kita baru masuk ke dalam pabriknya, kita melihat proses bagaimana sebuah nah, setelah Silatur Rahmi, komunikasi sampai ganti Aki mobil kita akhirnya kita berpamitan untuk kembali melajukan perjalanan tur di ASEAN rasanya tenang sekali ya kalau kita perjalanan jauh menggunakan Aki yang sudah dipercaya lebih dari 100 tahun dan bisa punya pabrik di Jepang, Thailand, dan Indonesia itu dikarenakan Furukawa B3 itu konsisten bangun kualitas, bukan hanya jual produk, makanya bisa bertubuh besar seperti sekarang",7,"perjalanan milion perjalanan edisi tour asean ini, melewati thailand meampir pabrik furukawa silatur rahmi ganti aki salah mobil thailand bertemu kawamurasan, deputy managing director furukawa thailand nah, mr. kawasan, ya, furukawa thailand lio vice president furukawa thailand ini, hello mr. kawasan diajak furukawa pabriknya langsung direkam, lihat langsung furukawa standar masuk pabriknya, proses nah, silatur rahmi, komunikasi ganti aki mobil berpamitan melajukan perjalanan tur asean tenang perjalanan aki dipercaya pabrik jepang, thailand, indonesia furukawa konsisten bangun kualitas, jual produk, bertubuh"
"Kala-kala laga Terutangan buat semuanya Bukti Berlari, sore berlari Terutlah berlari bang, ngelih gimani Ayo semangat para atli tegri Semoga bisa bawa pulak piyala teroti Baratit, mari kita sama-sama panjatkan Bujuh sutur kita, keadaan ulas Semana utala kulanya lakuasa Hari ini, kita sama-sama Lakukan pelupasan kontingen atlet Jakarta-Pusat Untuk mengikuti Pekat waraga pelajar provinsi Dan Pekat waraga provinsi di Jakarta tahun 2025 Di kesempatan yang baik ini Saya ingin menyampaikan Dia dapat 368 atlet Jakarta-Pusat Dan juga 56 Para pelati dan asisten pelati Yang tentunya saya berharap kepada semuanya Agar tentunya bisa memberikan kebanggaan Untuk kota Jakarta-Pusat Saya berharap Anda semua para atli Para pelati, asisten pelati Dapat mengharungkan Nama kota Jakarta-Pusat Di tingkat provinsi BKI Jakarta Saya yakin dan percaya bahwa Ada semua adalah Perwakilan atlet-atlet yang terbaik Yang telah melewati proses leksi Dan atlet yang sangat keras Kota Pusat Sari keren, sari oke",7,"kalakala laga terutangan bukti berlari, sore berlari terutlah berlari bang, ngelih gimani ayo semangat atli tegri semoga bawa pulak piyala teroti baratit, mari samasama panjatkan bujuh sutur kita, ulas semana utala kulanya lakuasa ini, samasama lakukan pelupasan kontingen atlet jakartapusat mengikuti pekat waraga pelajar provinsi pekat waraga provinsi jakarta kesempatan atlet jakartapusat pelati asisten pelati berharap kebanggaan kota jakartapusat berharap atli pelati, asisten pelati mengharungkan nama kota jakartapusat tingkat provinsi bki jakarta percaya perwakilan atletatlet terbaik melewati proses leksi atlet keras kota pusat sari keren, sari oke"
"Dapat berapa mas kemarin enggak? Halo saya pribadi dapat 2 mas. 2 mas ya? 2 mas. Dapat bonus dong? Alhamdulillah dapat. Bagaimana itu dikemanain enggak? Uangnya dipakai untuk investasi, selain investasi juga umroh. Oh alhamdulillah. Untuk udangan saya, orangnya disiplin keras gitu kan. Lah kok nggak apa namanya terlalu gelamai banget gitu. Karena ada pemain itu, pemain itu gelamai kan. Artinya kayak anak mami. Saya harus lupa caranya. Ya itu keras disiplin. Nah saya juga beberapa kali dengan para aktif dan pelati itu sempat marah-marah yarin ya. Untuk menyemangati ya kali itu. Di lapangan tuh bang. Iya di lapangan. Untuk menyemangati gitu kan. Dengan sosotnya bang-bangkit lah. Oke. Sebagai ketua umum PTMSI DK Jakarta. Karena waktu di pond kemarin dia disebutnya Presiden Tennis Meja. Bukan ketua PTMSI. Iya kan? Ihhh. Cuma satu lu di dunia Presiden Tennis Meja nggak salah juga. Mira denger nggak tuh mbak? Mira denger nggak waktu dia track-track di pinggir lapangan tuh? Jujur nggak. Nggak ya? Oh kosen terasi di situ aja ya. Padahal track-track tuh mbak. Wow itu kan nunjuk-nunjuk juga kan. Akhirnya saya bawa tuh di ke Mesjid. Eh bang, solat lu bang. Solat dia. Sampai topinya lupa tetep di belakang. Saya nggak tau apa emang mazapnya begitu atau memang stres ya. Binung gitu ngeliat takut nggak juar umum kan. Karena bebannya kan juar umum. Cuma tadi saya bilang tadi dengan keluarga. Sesuatu itu kita harus bertahun jawab. Iya. Pengorban waktu apa lagi. Yang bertahun jawab itu. Karena bicara bertahun jawab itu adalah bagian daripada Makhatai Bada. Iya. Nah itu, komitmen. Seperti itu aja. Nah kita lakun aja seperti itu aja. Terima kasih.",7,"mas kemarin enggak? halo pribadi mas. mas ya? mas. bonus dong? alhamdulillah dapat. dikemanain enggak? uangnya dipakai investasi, investasi umroh. alhamdulillah. udangan saya, orangnya disiplin keras gitu kan. namanya gelamai banget gitu. pemain itu, pemain gelamai kan. kayak anak mami. lupa caranya. keras disiplin. kali aktif pelati marahmarah yarin ya. menyemangati kali itu. lapangan tuh bang. iya lapangan. menyemangati gitu kan. sosotnya bangbangkit lah. oke. ketua ptmsi jakarta. pond kemarin disebutnya presiden tennis meja. ketua ptmsi. iya kan? ihh. world presiden tennis meja salah juga. mira mendengar tuh mbak? mira mendengar tracktrack pinggir lapangan tuh? jujur tidak. ya? kosen terasi situ aja ya. tracktrack tuh mbak. wow nunjuknunjuk kan. bawa tuh mesjid. bang, solat bang. solat dia. topinya lupa tetep belakang. emang mazapnya stres ya. binung gitu ngeliat takut juar kan. bebannya juar umum. bilang keluarga. bertahun jawab. iya. pengorban lagi. bertahun itu. bicara bertahun makhatai bada. iya. itu, komitmen. aja. lakun aja aja. terima kasih."
"Gak berin nih, kemaren udah gua kenalin cewek sakit, kelanjutannya bagaimana kan? Pilih pasangan tuh lebih susah daripada pilih saham, kalo lu salah beli saham, lu turun lu kat los Kalo lu salah pilih pasangan bro, lu nyangkut semua hidup, hindari nyangkut semua hidup ya Gak liquid, gak sedi jual lelah menyebarkan ya, aku seketi pukul gorengan kan, jadi harus pilihnya hati-hati Kenapa pen bro? Nah, kenapa pen? Terima nasib bro, nyangkut semua hidup",1,"berin nih, kemaren kenalin cewek sakit, kelanjutannya kan? pilih pasangan tuh susah pilih saham, salah beli saham, turun kat los salah pilih pasangan bro, nyangkut hidup, hindari nyangkut hidup liquid, sedi jual lelah menyebarkan ya, seketi gorengan kan, pilihnya hatihati pen bro? nah, pen? terima nasib bro, nyangkut hidup"
"Bro, warnanya dong, WarOt 2 kali dalam sehari tuh boleh ga sih? Hah, maksudnya gimana tuh? Ya misalnya paginya aku latihan push up, terus seharianya aku lari atau latihan 4 arm gitu. Boleh ga? Oh gitu maksudnya, kalau ada waktu dan tenangannya sih gapapa bro, silahkan aja. Tapi kalau aku kurang rekomen ya WarOt kayak gitu. Hah, kenapa kok kayak gitu bro? Gini bro, kalau aku pribadi ya, mendingat tuh WarOtnya sekalian dalam sehari tapi all out gitu. Misalkan kayak kamu tadi tuh, habis latihan push up, langsung aja lari atau latihan 4 arm gitu. Di gabung dalam satu sesi. Oh gitu ya? Iya bro, soalnya nih WarOt 2-3 kali dalam sehari tuh levelnya tuh udah atlet bro. Kalau orang biasa kayak kita mas 1 kali sehari udah oke banget. Iya, kita orang biasa. Yoi, kecoali nih, kamu pengen jadi atlet. Atau kalau kamu punya banyak waktu dan banyak kekuatan. Nah itu gapapa kamu WarOt 2-3 sesi dalam sehari. Iya juga sih, faktor waktu dan kekuatan tuh menentukan banget ya. Tempat sekali. Oke oke, mulai sekarang kayaknya gue WarOtnya sekali sehari aja deh. Nanti kalau udah kuat, dan ada waktunya mungkin baru 2 kali sehari. Haha oke oke bro. Makasih atifnya bro. Aku bakal follow kamu sih buat tips-tips yang kayak gini nih. Siap sama-sama.",7,"bro, warnanya dong, warot kali sehari tuh sih? hah, maksudnya gimana tuh? paginya latihan push up, seharianya lari latihan arm gitu. tidak? gitu maksudnya, tenangannya sih gapapa bro, silahkan aja. rekomen warot kayak gitu. hah, kayak gitu bro? gini bro, pribadi ya, mendingat tuh warotnya sehari gitu. kayak tuh, habis latihan push up, langsung aja lari latihan arm gitu. gabung sesi. gitu ya? iya bro, nih warot kali sehari tuh levelnya tuh atlet bro. orang kayak mas kali sehari oke banget. iya, orang biasa. yoi, kecoali nih, atlet. kekuatan. gapapa warot sesi sehari. iya sih, faktor kekuatan tuh menentukan banget ya. sekali. oke oke, kayaknya warotnya sehari aja deh. kuat, kali sehari. haha oke oke bro. makasih atifnya bro. follow sih tipstips kayak gini nih. samasama."
"Selalu datang di Final Pro, Kusali 2025, antara pintang Timur Surabaya, kewawak Black Steel, FCA Papua. Juala Pro Kusali 2025, Kusali Timur Surabaya. Selamat tinggal.",7,"final pro, kusali pintang timur surabaya, kewawak black steel, fca papua. juala pro kusali kusali timur surabaya. selamat tinggal."
"Kapan lagi jalan-jalan ke Gias, rasa jalan-jalan ke Jepang? Cuma ada di bootnya Mazda! Kenapa rasa Jepang? Karena jelas bukan sekadar karena Mazda itu benar dari Jepang, tapi bootnya terinspirasi dari Mazda TransAoyama yang ada di Jepang. Dan bukan Mazda namanya kalau nggak punya produk spesial setiap kali Gias. Ini ada Mazda CX-3 Pro 2000CC dengan Aksesor Auto XC. Dan nggak cuma itu aja, ada yang versi kurunya warna merah di sana. Ada Mazda CX-60 Series, dimana yang versi Pro ini ada warna baru, dan yang paling spesial adalah mobil ini. Mazda CX-60 versi RWD dengan harga spesial Rp 699,9 jutaan aja, khusus selama Gias. Gak cuma itu aja, ada Mazda CX-80 Plug-in Hybrid, ada Mazda CX-30, dan juga ada Mazda 3 Headback. Kalau pengen coba mobilnya, ada Mazda CX-80, dan juga Mazda CX-3 Pro with Auto XC. Ada Mazda Launch yang nyaman banget, Mazda KV yang kalian bisa nikmati, dan Instagram Mobile, Mazda Curated yang layak banget untuk kalian koleksi, plus ada Auto XC, 4x modifikasi yang banyak promo-nya. Dan terakhir nggak lupa, tentunya ada promo ya, ada Attractive Cell Steel sampai 100 jutaan rupiah, DP rendah, cicilan ringan, dan juga tentunya ada undian, pergi ke Jepang, atau pun ke Singapura. Menarik kan, mangganya kalau kalian ke Gias, jangan lupa ke bucinya Mazda.",7,"jalanjalan giias, jalanjalan jepang? bootnya mazda! jepang? mazda jepang, bootnya terinspirasi mazda transaoyama jepang. mazda namanya produk spesial kali giias. mazda pro aksesor auto xc. aja, versi kurunya warna merah sana. mazda series, dimana versi pro warna baru, spesial mobil ini. mazda versi rwd harga spesial jutaan aja, khusus giias. aja, mazda plugin hybrid, mazda cx, mazda headback. coba mobilnya, mazda cx, mazda pro auto xc. mazda launch nyaman banget, mazda nikmati, instagram mobile, mazda curated layak banget koleksi, plus auto xc, modifikasi promonya. lupa, promo ya, attractive cell steel jutaan rupiah, rendah, cicilan ringan, undian, pergi jepang, singapura. menarik kan, mangganya giias, lupa bucinya mazda."
"Halo, perkenalkan nama Kus Nadia dari Wadayat Ambassador Solo Berdaian terbanyak hal-hal baru tentang suatu yang saya nanti-nanti kan Pengalaman berikut event bersama Wadayat Ambassador jadi momen yang tak terlupakan bagi saya Dan dari Wadayat Ambassador saya bisa mulai belajar banyak hal sebagai beauty enthusiast dan influencer Banyak benefit yang saya dapatkan sebagai Wadayat Ambassador Selain mendapatkan kesempatan percoba produk baru dan yang berikut event Kita juga bisa sial informasi sesama teman IAA untuk lebih kreatif sebagai beauty influencer Aku pribadi menasa happy dan banggam jadi bagian dari Wadayat Ambassador Yang menjadi wadah bagi para beauty enthusiast untuk berani mencoba dan berkehasil dalam kecatikan Banyak kegiatan yang modku dapat meningkatkan rasa pecahkan diri dan motivasi para teman-teman beauty influencer Growth Terima kasih",2,"halo, perkenalkan nama kus nadia wadayat ambassador solo berdaian halhal nantinanti pengalaman event wadayat ambassador momen terlupakan wadayat ambassador belajar beauty enthusiast influencer benefit dapatkan wadayat ambassador kesempatan percoba produk event sial informasi teman iaa kreatif beauty influencer pribadi menasa happy banggam wadayat ambassador wadah beauty enthusiast berani mencoba berkehasil kecatikan kegiatan modku meningkatkan pecahkan motivasi temanteman beauty influencer growth terima kasih"
kelasnya sudah 1st kelas kalau mobilnya gede tapi muatnya cuma sedikit dan ini harganya 3billion rpd aja cing adalah Lexus LM500 H4 Seater sebagai Luxury Mover Lexus flagshipnya flagship nih dengan mesin hybrid lebih powerful nabun ramah lingkungan dan berbeka sistem penggerak 4 roda Direct 4 naik Lexus LM500 Hagi nya udah gak perlu khawatir soal Lightroom panjang 5 meter isinya cuma berempat dan isinya memang bener-bener mewah kayak disini nih ada ruang spatu buat nyimpen-nyimpen spatu dan kalian bisa pakai senda hotel udah ini-tadi disini ada ciler buat nyimpen-minuman-minuman dan buat ketak ke tixi bak si book ada mejanya terus di depan ada screen fotemen yang besar dan bisa kita project lewat kabel HDMI di bagian konsol tengah ini gimana gile dengan divider pun menguatkan kesan eksklusifnya dan iya joknya bisa diatur serileks mungkin rasal izi chair lengkap otoman buat kaki berasa 1st kelas di kabin yang arahnya cenderung konservatif kalem tapi aura tajirnya kena tapi satu hal yang bikin penasaran posisi duduk ini kan persis di atas poros rodah dan kalau naik travel ini posisi yang paling gak enak tapi kalau naik Lexus LM kayaknya enak-enak aja ya ada yang pernah nyoba ga sih?,6,kelasnya kelas mobilnya gede muatnya harganya billion rpd aja cing lexus seater luxury mover lexus flagshipnya flagship nih mesin hybrid powerful nabun ramah lingkungan berbeka sistem penggerak roda direct lexus hagi nya khawatir lightroom meter isinya berempat isinya benerbener mewah kayak nih ruang spatu nyimpennyimpen spatu pakai senda hotel initadi ciler nyimpenminumanminuman ketak tixi bak book mejanya screen fotemen project kabel hdmi konsol gimana gile divider menguatkan kesan eksklusifnya iya joknya diatur serileks rasal izi chair lengkap otoman kaki berasa kelas kabin arahnya cenderung konservatif kalem aura tajirnya kena penasaran posisi duduk persis poros rodah travel posisi enak lexus kayaknya enakenak aja nyoba sih?
"Pertama ini, ke ini! Kita lagi mendengar saatnya dari Pertama Mereka Sekarang aku mau mempunyai kelas hyperteam kembali Dan kembali lebih kuat, lebih baik, lebih bergantung dan lebih ekspansif Tapi buat kalian harga jadi ada berubah, jangan khawatir Aku tanya agak berusaha sedikit di bagian MOP Ya, aku tuh berubah packaging semahal ini Tapi yang sekarang anti ngelotok, tibocor dan anti keluhkesah yang pernah dikeluhkan kalian Kan tau nggak sih kalau MOP itu masuk ke top 10 beseran Lipteen Indonesia Jadi aku tau banget banget yang mencintai formula dari Lipteen ini Kalian nggak usah khawatir karena formulannya tidak berubah Dan semua orang-orang favorit kalian tetap ada di sini Tapi kalian harus lihat packagingnya sekarang, seperti ini ya guys Dan kalau kalian tarik ke atas, nggak ada area yang meleber-leber lagi di atas ini Ini, perpikan Formulannya tetap transfer proof dan tuh lihat kayak glassy, tapi nggak terasa banyak-banyak di bibir Tetap bisa menemanik kalian dari am-pam dan tidak akan ngegaris di dalam bibir Bikin bibir terasa sehat, tidak kering Hanya comeback stronger with a better packaging yang much more expensive packaging Kita juga udah nggak pakai hologram di sini, kita pakai perlice Dia nggak ada yang ngelotok-ngelotok lagi Hari ini itu aku pakai staycation, terus aku ombre sama night ride Untuk mendapatkan hasil seperti ini Dan pastinya ini tetap transfer proof, tetap glassy, cantik banget di bibir Udah akal bahar ini, jangan lupa di check out Karena ini juga salah satu perlice mop yang cepet banget sold outnya Walaupun banyak yang komplain aku jualin ngumpit Kayak makasih atas kesetiaannya dan kesabaran kalian menunggu kita ganti packaging Semoga setelah ganti packaging semakin banyak yang mencintai M2P yang calon fast hyperthin dari Mother of Pearl Tunggu geberakan mopes lanjutnya",7,"ini, ini! mendengar kelas hyperteam kuat, baik, bergantung ekspansif harga berubah, khawatir berusaha mop ya, tuh berubah packaging semahal anti ngelotok, tibocor anti keluhkesah dikeluhkan sih mop masuk top beseran lipteen indonesia banget banget mencintai formula lipteen khawatir formulannya berubah orangorang favorit lihat packagingnya sekarang, guys tarik atas, area meleberleber ini, perpikan formulannya transfer proof tuh lihat kayak glassy, banyakbanyak bibir menemanik ampam ngegaris bibir bibir sehat, kering comeback stronger better packaging much expensive packaging pakai hologram sini, pakai perlice ngelotokngelotok pakai staycation, ombre night ride hasil pastinya transfer proof, glassy, cantik banget bibir akal bahar ini, lupa check salah perlice mop cepet banget sold outnya komplain jualin ngumpit kayak makasih kesetiaannya kesabaran menunggu ganti packaging semoga ganti packaging mencintai calon fast hyperthin mother pearl tunggu geberakan mopes"
"Perut kamu masih bunci juga ngelakuin gerakannya dari rumah Jangan-jangan karena kamu belum tau ini nih Kalau kamu ngelakuin gerakannya dengan form kayak gini Terus untuk bebannya kalau di rumah kamu gak punya dambel kayak yang di video Ada alternatifnya kamu bisa pakai botol minum 1 liter Nah ini bakal fokus menarjadkan otop perut kamu yang bagian atas Tapi kalau kamu ngelakuin gerakannya kayak gini Dambel atau si botol minumnya itu taro di bagian depan kamu Terus kakinya dibawah in and out ke arah sisi kerenan Dan juga kiri dari si dambel atau botol minum Ini bakal fokus menarjadkan otop perut kamu yang bagian bawah Nah tapi kalau kamu ngelakuin gerakannya kayak gini Kaki kanan dan kiri kamu keatas ke bawah lesi yang di video Ini masih sama bakal fokus menarjadkan otop perut kamu yang bagian bawah Tapi kalau kamu ngelakuin gerakannya kayak gini Keduah kaki kamu dibawah naik turun Tapi pas dibawah katas itu full banget Dan kepala kamu agak sedikit diangkat kayak gini video Masih sama juga nih Ini bakal fokus menarjadkan otop perut kamu yang bagian bawah Perut kamu bagian samping Udah ada nextnya, kalian mau gue bikin gerakan apa lagi nih komen ya?",6,"perut bunci ngelakuin gerakannya rumah janganjangan nih ngelakuin gerakannya form kayak gini bebannya rumah dambel kayak video alternatifnya pakai botol minum liter fokus menarjadkan otop perut ngelakuin gerakannya kayak gini dambel botol minumnya taro kakinya dibawah arah sisi kerenan kiri dambel botol minum fokus menarjadkan otop perut ngelakuin gerakannya kayak gini kaki kanan kiri keatas lesi video fokus menarjadkan otop perut ngelakuin gerakannya kayak gini keduah kaki dibawah turun pas dibawah katas full banget kepala diangkat kayak gini video nih fokus menarjadkan otop perut perut samping nextnya, gerakan nih komen ya?"
"Mungkin hari gue liat marketing HP, makin kotak aja. Cuma orangnya ga waras yang kepikiran pake HP, di sendokan semen, pas sendokannya kata. HAYA! Tapi saluk sama kreativitas ya real nih.",6,"liat marketing hp, kotak aja. orangnya waras kepikiran pake hp, sendokan semen, pas sendokannya kata. haya! saluk kreativitas real nih."
"kalian tau asli kalo rutin jalan kaki 8-12 ribu langkah per hari atau lebih setiap harinya itu bisa menurunkan resiko kematian sampai 50% dibandingin sama orang yang jalan kaki yang kurang dari 3500 langkah per hari ini ada studi yang dari Ahepaluk DKK tahun 2022 yang membandingkan 15 studi yang berbeda dari berbagai negara makanya sejak 1925 sampai sekarang jemba langkah ku perharinya segini nih rata-ratanya yuk share video ini ke orang-orang cerita kalian biar pada mulai jalan kaki yang agak jauhan dikit gitu 5000 langkah dulu pun gapapa yang penting mulai aja dulu oke, stay hard",6,"asli rutin jalan kaki ribu langkah harinya menurunkan resiko kematian dibandingin orang jalan kaki langkah studi ahepaluk dkk membandingkan studi berbeda negara jemba langkah perharinya segini nih rataratanya yuk share video orangorang cerita jalan kaki jauhan dikit gitu langkah gapapa aja oke, stay hard"
Kenapa sih? Saya tiap forehand yang kut terus? Karena follow true yang biasa kita lakukan itu salah. Follow true yang biasa orang lakukan adalah melakukan akhiran kesamping seperti ini. Follow true yang benar adalah melakukan akhiran kebahu dengan sikut menghadap ke depan. Gimana? Forehand kamu masih nyangkut di net nggak? Follow for more tips dan komen tips apalagi yang mau kita buat kan?,6,sih? forehand kut terus? follow true lakukan salah. follow true orang lakukan akhiran kesamping ini. follow true akhiran kebahu sikut menghadap depan. gimana? forehand nyangkut net tidak? follow tips komen tips kan?
"jangan memprogram anak-anak kita itu menjadi kecanduan makanan dan obesitas parah sampai mereka itu susah membedakan yang mana yang lebih penting, nyawa lebih penting atau makanan lebih penting seperti yang satu ini",6,"memprogram anakanak kecanduan makanan obesitas parah susah membedakan penting, nyawa makanan"
"ini studi terbaru khusus buat temen-temen pelari, pesepeda dan temen-temen yang lebih demen olahraga endurance atau cardio jadi studi ini ngeliat di athlete-athlet endurance, terus mereka melihat apa yang mereka makan dan korelasinya itu dengan kekuatan tulang dan masa ototok mereka tuh ngeliat konsumsi protein hewani terasosiasi dengan kekuatan tulang dan juga density tulang, kepadatan tulang yang lebih superior konsumsi protein hewani terkorelasi dengan masa otot yang lebih tinggi, terutama di bagian kaki, terutama di bagian calf yaitu betis, dan temen-temen tau sendiri ya kalau temen-temen pelari dan pesepeda, seberapa pentingnya itu otot kaki, terutama otot betis jadi bagi temen-temen yang demen olahraga lari, pesepeda atau cincin cardio, inget protein hewani itu sangat-sangat penting untuk kekuatan dan density tulang dan juga masa otot, terutama di bagian kaki, semoga bermanfaat",4,"studi terbaru khusus temanteman pelari, pesepeda temanteman demen olahraga endurance cardio studi ngeliat athleteathlet endurance, makan korelasinya kekuatan tulang ototok tuh ngeliat konsumsi protein hewani terasosiasi kekuatan tulang density tulang, kepadatan tulang superior konsumsi protein hewani terkorelasi otot tinggi, kaki, calf betis, temanteman temanteman pelari pesepeda, otot kaki, otot betis temanteman demen olahraga lari, pesepeda cincin cardio, inget protein hewani sangatsangat kekuatan density tulang otot, kaki, semoga bermanfaat"
"Google baru-baru ini mengungumkan realisa yang mereka buat yang disebut dengan musik LM, yang mampu mengubah teks menjadi musik. Musik LM dibangun dengan memanfaatkan deep learning untuk memahami struktur dan elemen musik, seperti melodi, ritme, dan harmoni. Dengan musik LM pengguna dapat memasukkan teks seperti lyric lagu atau puisi dan mengubahnya menjadi musik yang sesuai. Hasil yang diberikan oleh musik LM tidak selalu identik dengan musik yang sudah ada, tetapi bisa memberikan hasil yang unik dan berbeda. Menurut Google, musik LM memiliki banyak kemampuan, seperti memahami emosi dan tonalitas teks. Membuat melodi yang sesuai serta membuat arrangement musik yang menarik. Ini memungkinkan para pengguna untuk membuat musik secara cepat dan mudah tanpa harus memiliki pengatahuan mendalam tentang musik. Musik LM juga memiliki banyak aplikasi potensial dalam bidang musik dan heburan, seperti membuat musik untuk film atau video game, menghasilkan lagu baru untuk artis dan band, atau bahkan membantu proses komposisi musik yang lebih cepat dan efisien. Meskipun musik LM baru saja diluncurkan, Google sudah berencana untuk mengembangkan fitur dan aplikasi baru untuk membuat pengalaman pengguna lebih baik. Ini menunjukkan bahwa Google terus berinvestasi dan berinnovasi dalam bidang AI dan teknologi musik.",6,"google barubaru mengungumkan realisa musik lm, mengubah teks musik. musik dibangun memanfaatkan deep learning memahami struktur elemen musik, melodi, ritme, harmoni. musik pengguna memasukkan teks lyric lagu puisi mengubahnya musik sesuai. hasil musik identik musik ada, hasil unik berbeda. google, musik memiliki kemampuan, memahami emosi tonalitas teks. melodi sesuai arrangement musik menarik. pengguna musik cepat mudah memiliki pengatahuan mendalam musik. musik memiliki aplikasi potensial bidang musik heburan, musik film video permainan, menghasilkan lagu artis band, membantu proses komposisi musik cepat efisien. musik diluncurkan, google berencana mengembangkan fitur aplikasi pengalaman pengguna baik. google berinvestasi berinnovasi bidang teknologi musik."
"Kali ini overtest sudah tangan, terus kali kita hampai kuyup gini nih Dan ada petir, ayo tolong mau di yuk",2,"kali overtest tangan, kali hampai kuyup gini nih petir, ayo tolong yuk"
"abis latihan string kita saatnya visu, visu, perawatan otot-otot ini gua kasih tau deh ya, tempat perawatan gua wah, serem lemkap, John, bersih tempatnya juga keren tu, Fajri, tempatnya keren banget jadi buat temen-temen tuh, lihat yang mau visu, mau sport massage ada di El Ton Tenggu gua tadi abis dari apa? sport massage jadi ada apa aja di sini, John, fasa kita? nah, di sini memang spesialisnya kita visu atau rapi sama sport massage aja tapi spesialisasinya ada yang memanlual pico dan juga ada juga drag-middling jadi ada yang dipakai jarum eh, enak banget, jadi kalian pelari, jangan cuma lari doang ayo, dirawat otot-ototnya ya, segerr ole-ole, e-ole-ole selesai, kita perawatan di El Ton Tenggu di kawasan Melawai enak, John, tempatnya jadi di belakangnya ini, dulu di depan itu ini, ini, ini, di stak nah, di belakangnya, ini terima kasih, Elon Technik mantap",4,"habis latihan string visu, visu, perawatan otototot kasih deh ya, perawatan wah, serem lemkap, john, bersih tempatnya keren tu, fajri, tempatnya keren banget temanteman tuh, lihat visu, sport massage ton tenggu habis apa? sport massage aja sini, john, fasa kita? nah, spesialisnya visu rapi sport massage aja spesialisasinya memanlual pico dragmiddling dipakai jarum eh, enak banget, pelari, lari doang ayo, dirawat ototototnya ya, segerr oleole, eoleole selesai, perawatan ton tenggu kawasan melawai enak, john, tempatnya belakangnya ini, ini, ini, ini, stak nah, belakangnya, terima kasih, elon teknik mantap"
"Before, after Tim mascara super extra bold, polymazing, lightening, gini atau tim mascara natural, tapi tetap polymizing, lightening juga Gak usah pakai tim timan Ini aku cuma pakai satu mascara yang sama tapi bisa merebakan 2 hati yang berbeda seperti ini Aaaaaaahhh Tidak ada teman-teman seperti ini Nggak, ini aku menangis Taraaa Gak ada yang plasmer sama sekali, teman-teman Torture test adalah kewajiban aku pada brand satu ini Madad of girls Max Kara Setiap aku pakai pasti semua yang nanya, aku pakai mascara apa? Max Kara Kalian bisa dapetin hasil yang natural kalau kalian penggunaannya satu layer Bentuknya itu ada area yang lebih pendek, ada area yang lebih panjang Untuk mencakup semua area bulu mata kalian Dia tuh kayak sedikit banget melengkung Karena kalau terlalu melengkung, itu tuh resiko kotor di kelopak mata Mau natural finish, pakai satu layer aja Tidak betapa gampangnya aku mencakup semua area sampai ke ujung bulu mata aku, teman-teman Before, after one layer only Terasa banget ada volumnya, ada lengthnya Dan tetap terlihat natural, tidak ada yang kayak kelampi-kelampi terpisah dengan indah Nggak juga hitam, tapi nggak yang hitam menyeramkan gitu Kita lanjutin ke layer kedua Gang, belum spy 3 dan nggak kelampi masih tetap terpisah-pisah Tapi dia udah mulai menyentuh alis aku Gampang base layer, karena dia bukan tipu mascara dengan formula yang terlalu keras gitu kering Tapi juga nggak terlalu lembek, jadi nggak lengket Gue tuh layer ketiga, karena dia Aku tuh suka mascara yang bisa di layer sesuka hati kita secara terus mana-narus Ngeri nggak se-shock apa? Before, after Sekarang kita akan selesain bulu mata bawahnya, oke? Oh my God, bener-bener shock Aku ada orang yang selalu mencoba mascara lebih dari ribuan mascara yang aku coba Jadi aku bisa sempurna kan formula, kersempurna menurut aku ada Max Carer dari Maduro's Pro Aku akan kasih yang terbeda ini ke kalian Kalau dipakai satu layer, dia bener-bener super cantik, lancening, volumizing, tapi natural Sesuai request banyak orang Ini juga sesuai request banyak orang Kalau kalian mau yang sangat ekstra seperti pakai false lashes Kalian bisa build up sampai up to you guys Tapi kalau aku rekomendasiin 3 layer aja udah cukup banget Ini memang nggak cocok kalau buat lagi natural makeup, tapi kalau lagi bold makeup bisa sampai jadi kayak gini Sekarang saatnya kita torture test lanjut par 2",6,"before, tim mascara super extra bold, polymazing, lightening, gini tim mascara natural, polymizing, lightening pakai tim timan pakai mascara merebakan hati berbeda aahh temanteman tidak, menangis taraa plasmer sekali, temanteman torture test kewajiban brand madad girls max kara pakai nanya, pakai mascara apa? max kara dapetin hasil natural penggunaannya layer bentuknya area pendek, area mencakup area bulu mata tuh kayak banget melengkung melengkung, tuh resiko kotor kelopak mata natural finish, pakai layer aja betapa gampangnya mencakup area ujung bulu mata aku, temanteman before, one layer banget volumnya, lengthnya natural, kayak kelampikelampi terpisah indah hitam, hitam menyeramkan gitu lanjutin layer gang, spy kelampi terpisahpisah menyentuh alis gampang base layer, tipu mascara formula keras gitu kering lembek, lengket tuh layer ketiga, tuh suka mascara layer sesuka hati mananarus ngeri seshock apa? before, selesain bulu mata bawahnya, oke? god, benerbener shock orang mencoba mascara ribuan mascara coba sempurna formula, kersempurna max carer maduros pro kasih terbeda dipakai layer, benerbener super cantik, lancening, volumizing, natural sesuai request orang sesuai request orang ekstra pakai false lashes build guys rekomendasiin layer aja banget cocok natural makeup, bold makeup kayak gini torture test par"
"Apakah olahraga bisa membantu kita itu dalam mengambil keputusan yang lebih baik dalam hidup? Sebenarnya udah banyak studi yang tunjukin kalau di orang-orang yang obesitas yang belaibir, itu mereka itu nggak bisa mengontrol impulsif behavior. Yaitu, kelakunya impulsif contoh kayak gimana? Lu udah tau lu obesitas, prediabetes dan diabetes, sipertensi dan segala macem lah. Tiba-tiba di depan lu ada cake. Lu nggak mikir lagi, lu makan aja langsung shuffling to your mouth. Itulah contoh impulsif behavior. Nah, jadi di studi ini, mereka itu melihat di orang-orang yang obesitas. Mereka itu disuruh turunin berat badan melalui perubahan pola makan dan perubahan gaya hidup melalui olahraga. Jadi otak mereka itu diskenn, dan mereka juga dites impulsif behavior yang mereka, yaitu delay discounting nama studinya ini. Jadi apa yang mereka temuin di orang-orang yang obesitas ini dengan terjadinya penurunan berat badan, baik itu dari pola makan ataupun olahraga? Mereka itu lebih bisa mengontrol impulsif behavior yang mereka. Tapi dikusus di bagian-bagian orang-orang yang olahraga, terjadi perubahan yang lebih unik dan lebih efektif dibandingkan dengan orang-orang yang cuma dikasih perubahan pola makan. Jadi bagi temen-temen yang susah mengontrol impulsif behaviornya temen-temen, yang temen-temen udah tau bahwa ini sesuatu nggak boleh gua lakuin karena kondisi badan gue yang seperti ini. Saatnya temen-temen fokus ke penurunan berat badan menjadi berat badan ideal dengan perubahan pola makan dan yang terpenting salah satunya adalah olahraga. Semoga bermanfaat.",7,"olahraga membantu mengambil keputusan hidup? studi tunjukin orangorang obesitas belaibir, mengontrol impulsif behavior. yaitu, kelakunya impulsif contoh kayak gimana? obesitas, prediabetes diabetes, sipertensi macem lah. tibatiba cake. mikir lagi, makan aja langsung shuffling mouth. contoh impulsif behavior. nah, studi ini, orangorang obesitas. disuruh turunin berat badan perubahan pola makan perubahan gaya hidup olahraga. otak diskenn, dites impulsif behavior mereka, delay discounting nama studinya ini. temuin orangorang obesitas penurunan berat badan, pola makan olahraga? mengontrol impulsif behavior mereka. dikusus bagianbagian orangorang olahraga, perubahan unik efektif dibandingkan orangorang dikasih perubahan pola makan. temanteman susah mengontrol impulsif behaviornya temanteman, temanteman lakuin kondisi badan ini. temanteman fokus penurunan berat badan berat badan ideal perubahan pola makan terpenting salah satunya olahraga. semoga bermanfaat."
"Kok bisa ada HP 3 jutaan secakup ini? Kok bisa kamera HP 3 jutaan sebening ini bahkan di malam hari? Kok HP 3 jutaan bisa masuk ke daftar HP dengan kamera terbaik versi DX Omar? Ngelip di antara HP-HP flagship belasan juta lho. Damn! Transient selalu berulah ya kali ini lewat Ticno Camon 40 Pro 5G. Kemarin varian 4Gnya jadi pilihan di rekomendasi kelas 2 juta. Karena kameranya luar biasa. Sekarang ada versi Pro 5Gnya di harga 3 jutaan. Upgrade-nya lebih-lebih lagi. Kamera tetap jadi andalan ya, kualitas top di kelasnya. Mau dipake buat foto terang, foto malam, indoor, bening. Silahkan dilihat bentar nih beberapa foto. Kalau mau yang lebih banyak termasuk versus sama HP flagship ada di YouTube, silahkan ditonton. Foto yang gerakannya kencang tetap aman, gak mudah blur, gak mudah goyang. Di versi Pro 5G ini HP-nya juga ready buat diajak foto basah-basahan underwater siap. HP-nya udah tahan air. Yang Pro 5G ini udah IP68-IP69. Ada tombol One-Tap Flash Snap juga buat akses instan langsung buka kamera atau aplikasi lain kalau di setting. Kamera 3 jutaan yang selalu bikin tenang. Gokil. Kalau kita ada salah-salah komposisi foto pun bisa pake AI buat bantu benerin. Bisa crop sana sini, terus minta dia luasin gambar pake AI Image Extender. Kalau ada objek yang ganggu bisa pake AI Reser hasilnya rapi. Desainnya juga elegan, banyak kelengkungan, gak kaku kayak saudaranya. Layarnya tipe kerfunya, alus kalau swipe dari tepian. Speknya juga jagoan. Panel AMOLED ukuran 6.78 inch, refresh rate 144Hz, kaca Corning Gorilla Glass 7i. Breakfastnya juga tinggi lagi, di bawah sinar matahari outdoor juga masih jelas. Di belakang desainnya pun cakep, rapi, gak kelihatan nebet mau pamer kamera. Padahal kualitasnya, ya gitu. Dimensinya tipis 7.3mm doang, bobotnya juga enteng di 179 gram, tambah casing bawaan pun masih nyaman. Baterenya tetep gede, di 5200 mAh, chargingnya juga kenceng, 45W. Dan mesinnya, Tic No Comon 40 Pro 5G pake Dimensity 7300, RAMnya 8GB, dan storage 256GB. Buat main game enteng aman, MLBB bisa 90 fps. Buat Genshin bisa rata-rata 40 fps. HP 3 jutaan bisa kayak gini ya. Trendsian lagi-lagi ngerusak pasar. Lewat Kamon 40 Pro 5G, kameranya... Sekali lagi, uf, ngerik.",6,"jutaan secakup ini? kamera jutaan sebening malam hari? jutaan masuk daftar kamera terbaik versi omar? ngelip hphp flagship belasan juta lho. damn! transient berulah kali ticno camon pro kemarin varian gnya pilihan rekomendasi kelas juta. kameranya biasa. versi pro gnya harga jutaan. upgradenya lebihlebih lagi. kamera andalan ya, kualitas top kelasnya. dipake foto terang, foto malam, indoor, bening. silahkan bentar nih foto. versus flagship youtube, silahkan ditonton. foto gerakannya kencang aman, mudah blur, mudah goyang. versi pro hpnya ready diajak foto basahbasahan underwater siap. hpnya tahan air. pro ipip. tombol onetap flash snap akses instan langsung buka kamera aplikasi setting. kamera jutaan tenang. gokil. salahsalah komposisi foto pake bantu benerin. crop sini, luasin gambar pake image extender. objek ganggu pake reser hasilnya rapi. desainnya elegan, kelengkungan, kaku kayak saudaranya. layarnya tipe kerfunya, alus swipe tepian. speknya jagoan. panel amoled ukuran inch, refresh rate hz, kaca corning gorilla glass breakfastnya lagi, sinar matahari outdoor jelas. desainnya cakep, rapi, nebet pamer kamera. kualitasnya, gitu. dimensinya tipis .mm doang, bobotnya enteng gram, casing bawaan nyaman. baterenya tetep gede, mah, chargingnya kenceng, mesinnya, tic comon pro pake dimensity ramnya gb, storage gb. main permainan enteng aman, mlbb fps. genshin ratarata fps. jutaan kayak gini ya. trendsian lagilagi ngerusak pasar. kamon pro kameranya.. lagi, uf, ngerik."
"Aku mau kasih challenge buat kalian, kalau kalian punya uang 100 ribu rupiah, kalian mau beli skincare apa aja Aku beluan ya, pakai yang pertama, facial wash Facial washnya kita ambil dari Jet Sofur aja, gannya 7.500 Lalu untuk Moist nya, kita pakai skin food aja dari Viva Itu 9.738, mungkin harga sekitar 10.000 rupiah Lalu untuk Vitamin C nya, itu di harga 20.000 dari produk Viva juga Untuk sunscreen nya, pakai Pulse yang SPF 35 Karena aku jarang keluar-keluar, cuma di dalam rumah doang, paling balik kelinik Itu harga itu 31.400 Lalu untuk retinol malam-malam di barangin sama skin food nya Itu di harga 20.900 dari produk Hanasuri Kita jumlahkan 99.538 Sekarang kelihatan kalian",4,"kasih challenge kalian, uang ribu rupiah, beli skincare aja beluan ya, pakai pertama, facial wash facial washnya ambil jet sofur aja, gannya moist nya, pakai skin food aja viva harga rupiah vitamin nya, harga produk viva sunscreen nya, pakai pulse spf jarang keluarkeluar, rumah doang, kelinik harga retinol malammalam barangin skin food nya harga produk hanasuri jumlahkan"
"udah pada tau belum, kalau something baru baru ini nge-reformulasi dan nge-repackaging sarung-sarungan mereka untuk hariannya ada banyak banget, tapi di video ini aku mau fokus bahas mengenai sarung vitamin senya dulu something glassy 20% vitamin C alias versi reformulasi dari sarung vitamin senya yang ini nah, sarung ini, formula senya itu beneran serius itu dalam satu botol sarung ini, terdapat beberapa kandungan pencorah seperti 20% vitamin C, gluten-brite, dan ferolik acid oh iya, sedikit info kalau gluten-brite adalah sebuah kandungan pencorah yang udah diapatenin sama something untuk text itu kak, kelihatannya lumayan cahaya dan pasti pakai di kulit itu cepet banget nge-reformunya dan ini finish ya, lihat deh kulit aku, ya ampun menyala susu ku, nggak deh, menyala kulitku, hahaha ngelucuk kak, siakum ini hasilnya gimana? jadi gini, jadi gini, aku baru pakai sarung vitamin senya kita semingguan dan hasilnya beneran kelihatan banget kulit aku kelihatan lebih cegah, lebih seger dan kelihatan kayaknya lebih ada kehidupan, hahahaha",6,"belum, something ngereformulasi ngerepackaging sarungsarungan hariannya banget, video fokus bahas sarung vitamin senya something glassy vitamin alias versi reformulasi sarung vitamin senya nah, sarung ini, formula senya beneran serius botol sarung ini, kandungan pencorah vitamin glutenbrite, ferolik acid iya, info glutenbrite kandungan pencorah diapatenin something text kak, lumayan cahaya pakai kulit cepet banget ngereformunya finish ya, lihat deh kulit aku, ampun menyala susu ku, deh, menyala kulitku, hahaha ngelucuk kak, siakum hasilnya gimana? gini, gini, pakai sarung vitamin senya semingguan hasilnya beneran banget kulit cegah, seger kayaknya kehidupan, hahahaha"
"buat kalian yang belum tau yang suka mainan web ini ada satu template extension vs code yang harus kalian install kan ini buatan Indonesia yaitu gue bikin ini sendiriannya bro ya jadi tolong di install aja dan di kasih review nya ini fungsinya untuk nge-generate file template basic untuk kalian ngoding web di awal pertama kali mau bikin project gitu jadi nanti ada beberapa pack kayak macam disini gue sebutnya option pack ya ada baby pack, starter pack, scratch pack, reactive pack, reactive, feedback jadi disini nanti kalau kalian pilih akan otomatis memenculkan atau mencreate file-file tertentu sesuai dengan opsi pilihan kalian dan disini dokumentasinya udah dilengkapin juga jadi kalian tinggal cek-cek aja terus gunain terus install dan ini gratis-tis-tis-tis dan akan selalu di update sesuai dengan kebutuhan kalian masing-masing oke thank you he-he cek DKS code extension",4,"suka mainan web template extension visual studio code install buatan indonesia sendiriannya bro tolong install aja kasih review nya fungsinya ngegenerate file template basic ngoding web kali project gitu pack kayak option pack baby pack, starter pack, scratch pack, reactive pack, reactive, feedback pilih otomatis memenculkan mencreate filefile sesuai opsi pilihan dokumentasinya dilengkapin tinggal cekcek aja gunain install gratistististis update sesuai kebutuhan masingmasing oke thank hehe cek dks code extension"
"This is definitely not my crowd 19, would you like 25 now? Easy, but you talk pretty far Bitch, in the cup that you just now Take me with a music game too loud Crazy takes but you don't even know her Save me till the party is over Kiss me, I'll see that you're over We'll see, but if she were sober If she were sober If she were sober If she were sober If she were sober Cause she was sober Tück down the road Walkin out And dead Playing by you Pullin' me close Back me, say over But I'm over this rollercoaster My current color Will be bright until the point You pull me down at the beach you",2,"definitely crowd would like now? easy, talk pretty far bitch, cup take music permainan loud crazy takes dont even know save till party kiss me, ill see youre well see, sober sober sober sober sober cause sober road walkin dead playing pullin close back me, say rollercoaster current color bright point pull beach"
"Kapan lagi cuma kling-ling doang, terus dapat free product, no click-click, no gimmick, tonton video ini sampai habis biar tahu caranya. Hai hai, ini aku lagi di acara warna color first. Di sini kita diberi knowledge tentang personal color kita dengan experience yang seru di setiap zonanya. Nah, cara biar kita dapat free product itu, kita donghut dulu aplikasi Beauty Scientology. Terus, ken barcode-nya di setiap zonanya. Zona pertama disambut dengan nentuin season kita tuh apa sih? Nah, nanti tinggal di foto aja kita lalu ketemu hasilnya. Zona dua, diisi dengan outfit-outfit yang sesuai dengan warna yang kita banget nih. Di-remake in pd buat pergi-pergi keluar. Dan juga biar kita tuh nggak ngerasa kecerahan, atau pun kegelapan gitu. Zona tiga, itu buat nentuin shade cushion yang sesuai dengan tipu dan warna kulit kita sama shade per lip-lipan. Caranya juga simple banget nih, tinggal foto aja muka kita. Terus nanti keluar deh hasilnya. Nah, zona empat ini ada area untuk personal color analysis buat yang udah beli tiketnya yang harganya tuh cuma 10000, tapi udah sold out guys katanya sampai hari terakhir. Ini aku nggak bisa rekam karena emang nggak punya tiketnya sih. Lanjut ke zona lima, itu kita disedia in tester dan shade yang udah disesuaikan dengan color analysis kita. Karena punya aku ini warm spring, sidinya aku coba-cobain deh per lip-lipan blush cushion yang udah disediain disana. Nah, di zona terakhir itu kita ditutup dengan cafe dengan dessert yang unik dan pastinya enak nih teman-teman, dan minumannya pun juga seger-seger. Anyways, acara ini juga dimeryahkan oleh gue-star-gue-star yang inspiratif yang bikin acaranya tuh makin seru. Hek, kemaren aku kebetulan ada halda Arafah sama rapport nih yang lagi podcast bareng-bareng di stage yang heboh banget dan tiap harinya tuh bakal ada gue-star yang beda-beda. Anyways, disini juga banyak banget promonya dari skon 25% dan di skon 30% khusus rush hour. Ada juga nih untuk free product khusus pembelian beberapa item tertentu. Nah, setelah udah nyamperin semua zona, nanti tinggal diridim deh di keselahkasir dan yay, aku dapet free productnya dan ada macem-macem free product lainnya nih. Oh ya, kalian kalau misalnya kesini jangan takutnya sar, karena udah disediain nih tetap tanya ada juga di aplikasinya loh. Sampai ini ada di main atrium Senayan City dari tanggal 8 sampai 16 Februari 2025. Jangan sampai ketinggalan!",4,"klingling doang, free product, clickclick, gimmick, tonton video habis caranya. hai hai, acara warna color first. knowledge personal color experience seru zonanya. nah, free product itu, donghut aplikasi beauty scientology. terus, ken barcodenya zonanya. zona disambut nentuin season tuh sih? nah, tinggal foto aja ketemu hasilnya. zona dua, diisi outfitoutfit sesuai warna banget nih. diremake pergipergi keluar. tuh ngerasa kecerahan, kegelapan gitu. zona tiga, nentuin shade cushion sesuai tipu warna kulit shade liplipan. simple banget nih, tinggal foto aja muka kita. deh hasilnya. nah, zona area personal color analysis beli tiketnya harganya tuh sold guys terakhir. rekam emang tiketnya sih. zona lima, disedia tester shade disesuaikan color analysis kita. warm spring, sidinya cobacobain deh liplipan blush cushion disediain disana. nah, zona ditutup cafe dessert unik pastinya enak nih temanteman, minumannya segerseger. anyways, acara dimeryahkan sayastarsayastar inspiratif acaranya tuh seru. hek, kemaren halda arafah rapport nih podcast barengbareng stage heboh banget harinya tuh sayastar bedabeda. anyways, banget promonya skon skon khusus rush hour. nih free product khusus pembelian item tertentu. nah, nyamperin zona, tinggal diridim deh keselahkasir yay, dapet free productnya macemmacem free product nih. ya, kesini takutnya sar, disediain nih aplikasinya loh. main atrium senayan city tanggal februari ketinggalan!"
"Perut bulat pasti hamil anak perempuan. Mitos atau fakta? Kamu tim percaya atau tim ahmasa sini? Katanya, bentuk perut ibu hamil bisa nebak jenis kelamin bayi. Padahal itu cuma mitos loh. Bentuk perut itu, gak ada hubungannya dengan jenis kelamin ya? Karena bentuk perut dipengaruhi otot perut, posisi, dan ukuran janin. Tapi bisa gak sih nebak jenis kelamin tanpa USG? Jawabannya? Ternyata bisa aja! Penelitian dalam jurnal brand, behavior, and immunity menemukan ibu hamil anak perempuan lebih sering alami morning sickness nih. Nafsu makan juga bisa jadi pertanda loh, ibu hamil anak laki-laki biasanya makan 10% lebih banyak kalori. Nah, kalo kamu? Ngalamin yang mana nih? Cerita di komen ya? Yuk, follow dan save video ini untuk dapetin tips ke hamilan lainnya.",5,"perut bulat hamil anak perempuan. mitos fakta? tim percaya tim ahmasa sini? katanya, bentuk perut hamil nebak jenis kelamin bayi. mitos loh. bentuk perut itu, hubungannya jenis kelamin ya? bentuk perut dipengaruhi otot perut, posisi, ukuran janin. sih nebak jenis kelamin usg? jawabannya? aja! penelitian jurnal brand, behavior, immunity menemukan hamil anak perempuan alami morning sickness nih. nafsu makan pertanda loh, hamil anak lakilaki makan kalori. nah, kamu? ngalamin nih? cerita komen ya? yuk, follow save video dapetin tips hamilan lainnya."
"sudah bisa, apalagi yang main mac harus sumkom dengan motor yang satu ini WMoto Velora 150 kenapa? ini berkaitan dengan kapasitas tanki bensinnya jadi Velora 150 ini punya tanki bensin yang besar kapasitasnya mencapai 11,5 liter jadi tankinya disini, tutupnya ya bubangnya dan tutupnya ini ada kabelnya jadi tidak mungkin terjatuh dan ini kenapa bisa besar? bukan hanya disini tapi tankinya sampai ke bawah salurannya dan di bawah sini di bawah dek makanya bisa 11,5 liter jadi PCI yang 8,1 liter apalagi yang mac yang 7,1 liter jadi kaitan kecil banget ya mantap ya jadi ini sekali isi itu saja bisa dibaga untuk menempuh jarak pasti di atas 300 km ya karena kapasitasnya sebesar itu jadi para pemilik Velora 150 tidak perlu sering-sering memperkalkan CPU ya jadi motornya berdasarkan kiri karena jarang ini bensin mantap ya",6,"bisa, main mac sumkom motor wmoto velora kenapa? berkaitan kapasitas tanki bensinnya velora tanki bensin kapasitasnya mencapai liter tankinya disini, tutupnya bubangnya tutupnya kabelnya terjatuh besar? tankinya salurannya dek liter pci liter mac liter kaitan banget mantap isi dibaga menempuh jarak kapasitasnya pemilik velora seringsering memperkalkan cpu motornya berdasarkan kiri jarang bensin mantap"
"siap lari? siap sudah siap lari hari ini? sudah sudah pakai smartwatch? sudah Strava nya sudah nyala? sudah soflas? sudah FOSL nya? ada dong topi? sudah headset? sudah kacemata? sudah caption buat Strava? sudah tebus foto juga hari ini? tebus sudah siap lari sambil ngevlog? sudah ok, siap",1,"lari? lari ini? pakai jam pintar? aplikasi olahraga nya nyala? soflas? fosl nya? topi? headset? kacemata? caption aplikasi olahraga? tebus foto ini? tebus lari ngevlog? ok,"
"Lagi-lagi ada kasus LCD iPhone bergaris. Kata pemiliknya, sempat kedudukan. Ya, udah apa lagi? Ini mah, pasti pecah dalemnya. Kan gapaket? Lama. Pemiliknya langsung minta diganti. Sama LCD yang baru, untuk LCD iPhone series 12. Harga cuma 1 jutaan. Gasat ser, langsung dikerjain. Sama teknisi kita. Selain harganya, yang murah meria. Pengerjaannya juga bisa ditunggu. Ga bakal nyesel deh service iPhone kalian. Di Indo Gadget Service. Kesburuan langsung datang ke Stor Kami. Terima kasih.",6,"lagilagi lcd iphone bergaris. pemiliknya, kedudukan. ya, lagi? mah, pecah dalemnya. gapaket? lama. pemiliknya langsung diganti. lcd baru, lcd iphone series harga jutaan. gasat ser, langsung dikerjain. teknisi kita. harganya, murah meria. pengerjaannya ditunggu. nyesel deh service iphone kalian. indo gadget service. kesburuan langsung stor kami. terima kasih."
"Saya mulai najim dengan 73 kilo, lalu setelah 12 tahun ini baran saya dengan 79 kilo. Hah? Hanya 6 kilo dalam 12 tahun? Artinya baik! Kakaal banget! Walaupun berat baran tidak beda jauh, baran ini keliatan beda banget dengan badan ini karena masa otot yang lebih banyak dan kardal lemak tubuh yang lebih rendah. Saya juga pernah sampai sekitar 100 kilo di tahun 2023, tapi karena kardal lemak tubuh yang lumayan tinggi, saya harus cutting selama kurang lebih 1 tahun untuk mendapatkan badan seling ini. Moin yang saya mau share di video ini terutama buat kalian yang baru mulai najim yang saya sering lihat di comment section bahwa bannyatari kalian merasa progres kalian kurang cepat karena kalian hanya naik 1-2 kilo sebulan, tapi problemnya kalian punya ekspektasi yang tidak realistis. Karena bannyatari kalian lihat progres orang yang pakesteroid yang bisa mengalami perubahan yang signifikan banget dalam beberapa bulan atau satu tahun yang tidak mungkin kamu bisa capei dengan latihan dan minum suplemen saja. Intinya selama 12 tahun di mana saya lihat yang rutin minima 5 kali seminggu dan jaga pola makan setiap hari, saya menambah hanya sekitar 1 kilo pure muscle dalam stau. Saya tidak mau membuat kamu kurang semangat, tapi faktennya adalah membentuk otot membutuhkan waktu yang lumayan lama. Tapi ini sangat worth it karena membentuk badanmu secara natural adalah investasi dalam kesehatanmu.",4,"najim kilo, baran kilo. hah? kilo tahun? baik! kakaal banget! berat baran beda jauh, baran keliatan beda banget badan otot kardal lemak tubuh rendah. kilo kardal lemak tubuh lumayan tinggi, cutting badan seling ini. moin share video najim lihat comment section bannyatari progres cepat kilo sebulan, problemnya ekspektasi realistis. bannyatari lihat progres orang pakesteroid mengalami perubahan signifikan banget capei latihan minum suplemen saja. intinya lihat rutin minima kali seminggu jaga pola makan hari, menambah kilo pure muscle stau. semangat, faktennya membentuk otot membutuhkan lumayan lama. worth membentuk badanmu natural investasi kesehatanmu."
nah teman teman nih motor termahalnya honda yang dijual di Indonesia honda coldwing ini yang versi anniversary 50 tahun jadi coldwing itu pertama kali tahun 1925 ini versi yang 50 tahunnya warnanya merahnya merah kayak petchenek rotsing ya kayak rotsing cuma lebih mewah ada banyak garis-garis suara coldwingnya tuh akhirnya semua dikasih 1 item semua ya beri kerudupanya dia ada di tengahnya maka pakai link terus yang berlagi adalah sekarang udah ada airbagnya kalau yang sebelumnya jadi kayak lachi buat maro handphone buat nge-chuss sekarang ini adalah kotak buat airbagnya terus yang lain semakin mirip ya ini ada tombol-tombolnya di surut banyak buat audio buat access player GFT-nya jadi ini layar GFT itu 7 inch teman teman ada navigasi ada Apple CarPlay ada Android Auto terus ini motor miskinya tapi disiitnya ya dual clutch transmission jadi transmissionnya mirip kayak motor memetik gitu ada tombol-tombol disini dia bisa me-tip sama manual itu auto kalau empty manual dia ini untuk drag-to-jalan ini untuk digineutralnya ada terus kontrol segala terus kontrolnya bisa diseptis di sini juga terus ini yang sebelah gini lebih ramai lagi tombol-tombolnya buat menjadik lagi kalau lagi manual ya kalau manual benar-benar diginyak dia pakai tombol disini kayak petchenek itu nih buat langin buat tambah harus di depan sini gitu masinya boxer 6 cylinder 1080 cc terus kayak prongkapan skopsenya sama-sama kayak persiapan skurunya bentuknya masih ke-degu dia banget kanan kiri kayak gini ke-degu yang belakangnya,4,teman teman nih motor termahalnya honda dijual indonesia honda coldwing versi anniversary coldwing kali versi tahunnya warnanya merahnya merah kayak petchenek rotsing kayak rotsing mewah garisgaris suara coldwingnya tuh dikasih item kerudupanya tengahnya pakai link berlagi airbagnya kayak lachi maro handphone ngechuss kotak airbagnya tomboltombolnya surut audio access player gftnya layar gft inch teman teman navigasi apple carplay android auto motor miskinya disiitnya dual clutch transmission transmissionnya kayak motor memetik gitu tomboltombol metip manual auto empty manual dragtojalan digineutralnya kontrol kontrolnya diseptis sebelah gini ramai tomboltombolnya menjadik manual manual benarbenar diginyak pakai tombol kayak petchenek nih langin gitu masinya boxer cylinder kayak prongkapan skopsenya samasama kayak persiapan skurunya bentuknya kedegu banget kanan kiri kayak gini kedegu belakangnya
"Hai, gue cuma mau menunjukkan beberapa hasil tangkapan gue kemarin Dan habis belanja di Shopee lagi Gue tuh lagi nyari heels yang buat acara gitu loh Jadi mau yang agak heboh atau agak sparkly gitu And I found a few Yang pertama adalah ini, ini 9 senti Jadi lumayan, gue tuh kayaknya paling suka 9 atau 8 senti deh Menurut gue tuh masih sangat nyaman tapi cakup gitu keliatannya Tapi gue suka detailnya karena dia kayak ada mutiara yang gantung-gantung gitu And it's very sparkly and lively, I love this Detailnya kayak gini, cakup kan? Terus gue punya ini, this is my favorite of all Karena ini menurut gue enak banget dipakainya Ini udah sempet gue pake semalaman gitu dan nyaman banget, para banget Ini juga 9 senti, bener-bener cakup banget dipakainya Dan ini kayak rose gold gitu Setahu gue ada yang silver juga atau ada warna lain apa gitu, you can check that out Nanti seperti biasa gue taro semua linknya di profile But I really love this Ini udah pasti gue akan sering banget pake Udah gitu gue juga suka banget karena pinggirannya tuh bisa di adjust gitu loh Jadi kayak enak banget dipakainya tuh kayak kenceng dan gak lepas-lepas gitu It's super comfortable, I'm telling you, this is so freaking good Nah terus yang terakhir adalah yang memberikan gue kesedihan Mendalam luar biasa, karena dia kayak cakup banget gitu modelnya sebenarnya ya kan Kayak yang melilit sampai atas gitu Ini selanah gue kepanjangan kayaknya Selanahnya jangan dipertanyakan ya, karena ini gue gunting sendiri, udah gak usah dibahas Tapi ini cakup banget dan dia juga ada detail kayak glitternya gitu Dan gue juga suka karena dia melilit sampai heelsnya gitu, it's actually so pretty Tapi gak tau kenapa pas gue pake sakit banget lilitan belakangnya gitu Apakah karena gue belum biasa, aku tidak mengerti But it's so uncomfortable, I'm so sad Padahal dia tuh lilitannya yang otomatis gini juga Gue tuh gak punya sendalin kayak gini, so I was honestly very excited to get this Tapi ternyata tidak nyaman aku sedih Nih ya detailnya kayak gini, cakup banget gak sih? Menurut gue sih ini cakup banget Tapi ya gimana dong, aku harus latihan lagi kayaknya Atau gue bisa pake alas sepatu atau gimana I'm gonna have to figure something out, because I really like this I actually love them all, cuma satu aja kurang nyaman But that's it, thank you so much for watching, bye",5,"hai, hasil tangkapan kemarin habis belanja shopee tuh nyari heels acara gitu loh heboh sparkly gitu found ini, senti lumayan, tuh kayaknya suka senti deh tuh nyaman cakup gitu keliatannya suka detailnya kayak mutiara gantunggantung gitu sparkly lively, love detailnya kayak gini, cakup kan? ini, favorite enak banget dipakainya sempet pake semalaman gitu nyaman banget, banget senti, benerbener cakup banget dipakainya kayak rose gold gitu setahu silver warna gitu, check taro linknya profile really love banget pake gitu suka banget pinggirannya tuh adjust gitu loh kayak enak banget dipakainya tuh kayak kenceng lepaslepas gitu super comfortable, telling you, freaking good kesedihan mendalam biasa, kayak cakup banget gitu modelnya kayak melilit gitu selanah kepanjangan kayaknya selanahnya ya, gunting sendiri, dibahas cakup banget detail kayak glitternya gitu suka melilit heelsnya gitu, actually pretty pas pake sakit banget lilitan belakangnya gitu biasa, mengerti uncomfortable, sad tuh lilitannya otomatis gini tuh sendalin kayak gini, honestly excited get nyaman sedih nih detailnya kayak gini, cakup banget sih? sih cakup banget gimana dong, latihan kayaknya pake alas sepatu gimana gonna figure something out, really like actually love all, aja nyaman thats it, thank much watching, bye"
"Wow, karena nggak bawa lip wardah jadi kena tilang Yang niatnya belanja mau risetok wardah kaget dong ada patrolip Jadi task kita tuh dicek bawa lip stick wardah atau nggak Yab, pasti aku bawa dong karena ini brand kecintan aku Nggak expect langsung dapet free product dari wardah Eh, sekenang buat kamu yang nggak bawa pun akan dapat red cut Fucar 25k, lumayan banget kan? Dan tentunya banyak promo spesial up to 30% Bye one gate one, special bundling dari tangga 28 Juli sampai 3 Agustus 2020 Pokasinya di atrium Pascal Watson Beauty My Way dari produk make up sampai skincare wardah Bikin kalap, apalagi kita bisa cobain aktiviti seru, try on make up atau skincare sepuasnya Tambah bisa cobain experience color analysis Precision color juga make up palette sampai complexion finder Biar nggak salah sih atau mau coba skin analysis juga bisa banget Apalagi di bulan Agustus wardah akan banyak aktiviti menarik seputar lips Buat kamu yang penasaran, stay tune dan pantengin terus di IG-nya wardah beauty banding Yuk siapin lips wardah di test kamu sebelum dicek patrolips",6,"wow, bawa lip wardah kena tilang niatnya belanja risetok wardah kaget patrolip task tuh dicek bawa lip stick wardah yab, bawa brand kecintan expect langsung dapet free product wardah eh, sekenang bawa red cut fucar lumayan banget kan? promo spesial bye one gate one, special bundling tangga juli agustus pokasinya atrium pascal watson beauty way produk make skincare wardah kalap, cobain aktiviti seru, try make skincare sepuasnya cobain experience color analysis precision color make palette complexion finder salah sih coba skin analysis banget agustus wardah aktiviti menarik seputar lips penasaran, stay tune pantengin ignya wardah beauty banding yuk siapin lips wardah test dicek patrolips"
"Hai, habis banget aku di undang ke acara Disney Content Showcase di Singapore Aku udah makeup di hotel tapi otorikologasi, aku mau touch up dan pake lipstick Buat pagi ini supaya lebih fresh, aku pake Makeover Power State Transfer Proof Matte Lip Cream yang shade authentic no. 40 Seru banget acaranya banyak film dan series keren yang aku nonton di dalam Setelah acara selesai, aku harus langsung balik ke Jakarta for my next event Nah karena acaranya malam, aku mau ganti pake Makeover Power State Transfer Proof Matte Lip Cream yang shade Pleasure no. B1001 Jiar tampilnya beda! Oke bye!",4,"hai, habis banget undang acara disney content showcase singapore makeup hotel otorikologasi, touch pake lipstick pagi fresh, pake makeover power state transfer proof matte lip cream shade authentic no. seru banget acaranya film series keren nonton acara selesai, langsung jakarta next event acaranya malam, ganti pake makeover power state transfer proof matte lip cream shade pleasure no. jiar tampilnya beda! oke bye!"
"jadi duit betting di Viva World Cup itu cuma yo guys balik lagi hari ini kita mau bahas tema yang paling banyak di request or reviewer di drift ya itu apakah biasa dunia mempengaruhi liquiditas crypto saya pernah bilang beberapa kali podcast ya my trading size is so big jadi kalau saya mengambil sebuah keputusan itu nggak boleh base on feeling tapi base on data jadi duit betting di Viva World Cup itu cuma 3,5% nya market kad grip bro jadi kalau dibilang apa tangan efek it doesn't matter it is so small it cannot move the market",7,duit betting viva world cup guys bahas tema request reviewer drift world mempengaruhi liquiditas crypto bilang kali podcast trading size big mengambil keputusan base feeling base data duit betting viva world cup nya market kad grip bro dibilang tangan efek doesnt matter small cannot move market
"Hai, gue punya penemuan terakbar dalam dunia permekapan yang menurut gue sangat mencengangkan Ini tidak lain tidak bukan adalah dari... Eh... Eh... Hah, oh... Skin coma namanya adalah swipe... Eh... Swipe pen Pen maksudnya bukan pen wajan ya, ngerti ya, udah lah ya Terus namanya adalah quickie warnanya, setel gue ini cuma ada 2 warna I don't even know where this brand comes from, gue gak tau lo kalapang gak Tapi gue nemu di e-comments, and I bought it and just like I'm so excited to try this So that's what we're gonna do today Dia tuh satu produk, tapi lo liat gak sih? Kayak pensil bocil jaman dulu, ngerti gak sih? Yang ada macem-macem warna, but instead of colors Ini adalah bermacam-macam fungsi gitu loh, ini ada buat Alice Ya kan, terusnya ada highlighter, ada lipstick sekaligus blush Jadi kita akan mencoba diahari nih Huhuhuhuhuh Ini gue udah pakai kompleksian ya kan, terus Alice gue gak pakai ini lagi, begit gue lupa dia punya Alice Tapi ya, Alice itu kayak yang super horror gitu So I'm probably gonna use this for contouring ya kan, contouring Atau bisa gue jadikan eyeliner juga So let's just try this Kita pakai buat eyeliner, bukan di waterline ya, karena gue takut Tapi di atas kelopak aja, karena dia creamy banget, babe This is so good for eyeliner, dibelannya gampang banget, parah Terus gue mau pakai lip color atau blushnya I'm gonna go with this darker one Aku mau kasih di sini, Doraemon Huhuhuhuh Oh my god, lucu banget Kita akan pakai produk yang eyebrownya tadi Tapi sekarang buat conjuring betul sekali ya kan This might be perfect for nose contour Karena pensilnya kecil banget ya kan Terus dia ada highlighternya Gue mau pakai apakah dia bener-bener akan, oh iya lagi, wak Setitik doang udah sebelanga hasilnya Cieee Oh my god, I love this Terus terakhir Cik, kenapa jadi marah-marah? Ahem Dan terakhir kita akan pakai lip colornya yang warna nude Sepertinya ini terlalu pucat, tapi apakah saya peduli? Tentu tidak Ini juga gue udah kebayang sih teksturnya, akan enak banget buat lipstick Cakup banget, parah gue suka warnanya, gue suka teksturnya I totally, totally recommend this to everyone Terutama yang mencari produk yang bisa dibawa-bawa Buat traveling, you're definitely, definitely gonna fall in love with this It's so good",6,"hai, penemuan terakbar world permekapan mencengangkan dari.. eh.. eh.. hah, oh.. skin coma namanya swipe.. eh.. swipe pen pen maksudnya pen wajan ya, mengerti ya, namanya quickie warnanya, setel warna dont even know brand comes from, kalapang nemu ecomments, bought like excited try thats gonna today tuh produk, liat sih? kayak pensil bocil jaman dulu, mengerti sih? macemmacem warna, instead colors bermacammacam fungsi gitu loh, alice kan, terusnya highlighter, lipstick blush mencoba diahari nih huhuhuhuhuh pakai kompleksian kan, alice pakai lagi, begit lupa alice ya, alice kayak super horror gitu probably gonna use contouring kan, contouring jadikan eyeliner lets try pakai eyeliner, waterline ya, takut kelopak aja, creamy banget, babe good eyeliner, dibelannya gampang banget, parah pakai lip color blushnya gonna darker one kasih sini, doraemon huhuhuhuh god, lucu banget pakai produk eyebrownya conjuring might perfect nose contour pensilnya banget highlighternya pakai benerbener akan, iya lagi, wak setitik doang sebelanga hasilnya ciee god, love cik, marahmarah? ahem pakai lip colornya warna nude pucat, peduli? kebayang sih teksturnya, enak banget lipstick cakup banget, parah suka warnanya, suka teksturnya totally, totally recommend everyone mencari produk dibawabawa traveling, youre definitely, definitely gonna fall love good"
"Apple saat ini berusaha menuhin perseratan TKDN di Indonesia biar bisa jual iPhone 16 secara resmi di Indonesia. Info dari Kementerian Pemintian, Apple belum menuhin komitmen investasinya yang diperluin buat dapet sertifikasi TKDN. Dari total komitmen investasi sebesar Rp 1,71 triliun, Apple baru invest sekitar Rp 1,48 triliun. Jadi ada kurang sekitar Rp 240 miliar. Dan info terakhir, Apple rencananya mau bangun pabrik di Bandung Indonesia. Investasi sekitar Rp 10 juta lagi atau sekitar Rp 157 miliar. Buat produksi asesoris dan komponen pendukung produk Apple lainnya. Investasi Apple di Indonesia sih sebenernya kayak orang Reci. Kalau lo bandingin investasi Apple di Vietnam yang tembus Rp 255 triliun. Vietnam itu dikasih investasi 150 kali lebih banyak dari Indonesia. Bersed yaunya.",6,"apple berusaha menuhin perseratan tkdn indonesia jual iphone resmi indonesia. info kementerian pemintian, apple menuhin komitmen investasinya diperluin dapet sertifikasi tkdn. total komitmen investasi triliun, apple invest triliun. miliar. info terakhir, apple rencananya bangun pabrik bandung indonesia. investasi juta miliar. produksi asesoris komponen pendukung produk apple lainnya. investasi apple indonesia sih sebenernya kayak orang reci. bandingin investasi apple vietnam tembus triliun. vietnam dikasih investasi kali indonesia. bersed yaunya."
"Ini dia, Politron G3 Series. Kalau yang ini sih, varian G3 Plus ya, mobil listrik pertama dari Politron. Hmm, atau ini mobil listrik Indonesia yang pertama? Yaudahlah, yang jelas, mobil ini canggih banget. Fungsi ada, asnya ada 21, banyak banget, ini udah level 2 ya. Bahkan mobil ini sudah bisa parkir sendiri. Untuk keamanan, airbagnya ada 6. Mobil ini bisa di remote dari jarak jauh. Tentunya, kompetibel dengan Android Auto dan Apple CarPlay secara wireless. Kalau kamera ter-60, pasti ada di mobil ini. Butuh carjik, tidak perlu nyari USB atau colokan lighter. Colokan listrik seperti di rumah pun ada di sini. Mungkin mau pasang striker atau masak dengan rice cooker? Hehehehe, mobil 5C ini juga berpenambilan keren. Lekukannya modern. Lampu-lampunya hampir semua LED. Veloknya ada 20 inci untuk varian G3 Plus. Sementara yang G3 tetap besar, veloknya 19 inci. Sanroof juga pakai panoramik untuk varian G3 Plus. Motor Power 150 kW, jarak tempuh sekali car sampai 402 km. Untuk harganya, varian G3 dijual mulai dari 299 juta rupiah. Sampai ada jaminan pembelian kembali sebelum 3 tahun. 70% dari harga baru. Jadi...",6,"dia, politron series. sih, varian plus ya, mobil listrik politron. hmm, mobil listrik indonesia pertama? yaudahlah, jelas, mobil canggih banget. fungsi ada, asnya banget, level ya. mobil parkir sendiri. keamanan, airbagnya mobil remote jarak jauh. tentunya, kompetibel android auto apple carplay wireless. kamera ter, mobil ini. butuh carjik, nyari usb colokan lighter. colokan listrik rumah sini. pasang striker masak rice cooker? hehehehe, mobil berpenambilan keren. lekukannya modern. lampulampunya led. veloknya inci varian plus. besar, veloknya inci. sanroof pakai panoramik varian plus. motor power kw, jarak tempuh car kamu. harganya, varian dijual juta rupiah. jaminan pembelian tahun. harga baru. jadi.."
"Battle Gentle Face Wars yang ngga bikin kulit jadi kering, kira mana yang lebih bagus ya? Oke dari segi harga punya setapil di angka 90 ribu untuk 125 milih, sedangkan punya faserina di angka 49 ribu untuk 120 milih. Untuk ingredientsnya, kalau punya setapil itu mengadung glissering dan hasilnya maiz, sedangkan punya faserina ada kantongan pantenol yang bisa bantu menuntangkan kulit dan jerawat. Untuk teksturnya, kalau punya setapil tekstur itu gel dan sama sekali gak ada busanya, jadi pasti pakai di kulit kayak keren berasa ngebesihin kulit gitu loh. Sedangkan punya faserina teksturnya gel juga tapi masih ada sedikit busa, pasti pakai rasanya nyaman banget. Walaupun busanya sedikit tapi dia masih berasa ngebesihin kulit banget, jadi dipakai dikit aja udah cukup. Dan setelah dibilas, kedua nya sama-sama gak bikin kulit jadi kering ketarik. Tapi kalau disuruh pilih satu, aku lebih pilih punya faserina sih. Soalnya dari segi harga jauh lebih murah tapi pasti pakai rasanya jauh lebih nyaman. Dah, dianggap logis approve pula.",6,"battle gentle face wars ngga kulit kering, bagus ya? oke segi harga setapil angka ribu milih, faserina angka ribu milih. ingredientsnya, setapil mengadung glissering hasilnya maiz, faserina kantongan pantenol bantu menuntangkan kulit jerawat. teksturnya, setapil tekstur gel busanya, pakai kulit kayak keren berasa ngebesihin kulit gitu loh. faserina teksturnya gel busa, pakai nyaman banget. busanya berasa ngebesihin kulit banget, dipakai dikit aja cukup. dibilas, nya samasama kulit kering ketarik. disuruh pilih satu, pilih faserina sih. segi harga murah pakai nyaman. dah, dianggap logis approve pula."
"Sebenernya nih ya, kalian ngelakuin Rose satu narek karitnya ke arah dan kalian kayak gini 8-12 kali atau sekuatnya aja dapet berapa terus lanjut, sangkutin karitnya diatas pintu kayak gini dan lakuin pull down 8-12 kali atau sekuatnya aja dapetnya berapa terus lanjut, narek karitnya ke arah buka kalian kayak gini atau face pull 8-12 kali atau sekuatnya aja dapet berapa dan ditutup dengan injek karitnya dan lakuin hammer curse kayak gini buat latiwet tot bicep kalian 8-12 kali atau sekuatnya aja dapetnya berapa ini tuh udah termasuk latihan punggung di rumah atau dikos aja kayak gini cocok banget buat kalian yang pengen mulai latihan otot punggung tapi gak punya space yang terlalu lebar karena nanti kalo udah bisa rutin dan lancar, kalian bisa mulai upgrade workoutnya nih misalkan dengan beli tiang pull up yang bisa dipasang di pintu kalo mau rekomenasinya komen aja mau otot tiang pull up atau apapun nanti aku kirimin linknya ke DM kalian ya atau bisa juga bikin tiang pull up kalo ada spacenya di rumah kalian atau bisa langsung pergi keji buat latihan punggung yang lebih berat jadi kalo kalian mau rekomenasi karit atau matras atau kalian mau dumbbell atau apapun komen aja mau atau karit atau matras atau dumbbell nanti aku kirimin linknya ke DM kalian ya share video ini kalo benar-benar banget follow buat tips-tips menarik lainnya dan stay hard",7,"sebenernya nih ya, ngelakuin rose narek karitnya arah kayak gini kali sekuatnya aja dapet lanjut, sangkutin karitnya diatas pintu kayak gini lakuin pull kali sekuatnya aja dapetnya lanjut, narek karitnya arah buka kayak gini face pull kali sekuatnya aja dapet ditutup injek karitnya lakuin hammer curse kayak gini latiwet tot bicep kali sekuatnya aja dapetnya tuh latihan punggung rumah dikos aja kayak gini cocok banget latihan otot punggung space lebar rutin lancar, upgrade workoutnya nih beli tiang pull dipasang pintu rekomenasinya komen aja otot tiang pull apapun kirimin linknya tiang pull spacenya rumah langsung pergi keji latihan punggung berat rekomenasi karit matras dumbbell apapun komen aja karit matras dumbbell kirimin linknya share video benarbenar banget follow tipstips menarik stay hard"
"Betal acne patch viral yang harganya murah meriah Ever pure vs Therma Angel Dari segi harga untuk punya Dharma Angel di harga Rp 31.000 untuk 12 patches Dan kan punya Ever pure di harga Rp 90.000 untuk 22 patches Dan kedua nya sama-sama tipis banget Nah untuk kemampuan mengangkat jerawatnya Kalau punya Ever pure dipakai sekali aja itu beneran ngangkat jerawat Sampai ke akar akar dan jerawatnya itu ga muncul lagi Sedangkan punya Dharma Angel, dia tuh masih ninggalin di sejerawat Jadi menurut aku perlu pakai beberapa kali supaya hasil itu lebih maksimal Jadi kalian teringin cobain sama mana",0,"betal acne patch viral harganya murah meriah ever pure therma angel segi harga dharma angel harga patches ever pure harga patches nya samasama tipis banget kemampuan mengangkat jerawatnya ever pure dipakai aja beneran ngangkat jerawat akar akar jerawatnya muncul dharma angel, tuh ninggalin sejerawat pakai kali hasil maksimal teringin cobain"
"kulit aku belum dipakai ngapapa ini tuh sebenernya masih geradakan-geradakan dikit gitu dan kalo dipakai buat make up, pasti hasilnya tidak akan flawless kalo tidak skin prep dan menurut aku skin prep yang paling penting itu 1, sesuatu yang bisa mengangkat selak kulit mati tapi jenton untuk dipakai setiap hari 2, sesuatu yang bisa melembapkan kulit 3, primer dan ada produk yang memang sudah masuk ke best product 2024-nya Shafarasha ya itu Mediheal dan yang aku suka tuh yang wara putih ini, Fyfeo Enzympil Lingpat ini tuh orang banget untuk dipakai daily dan bisa mengangkat geradakan-geradakan gitu di kulit white hydrating juga aku biasanya pake ini untuk step one-nya jangan lupa leher belakang juga ya temen-temen nah, ini dia kulitnya kerasa kayak lebih moist, lebih rata gitu sekarang kita akan mencari hidrasinya kabar baiknya adalah Mediheal sekarang punya 2 produk baru yang ini yang collagen ampul pet yang ini yang watermite moisture pet ini yang memberikan hidrasi kalo yang ini untuk menjaga kekenyalan kulit yang kita akan bahas dari watermite sekarang aku pake ini ingredients itu ada ice line, glasian water wood line, forget me not flower petnya tuh juga beda kalo yang ini kan dia bergerigi kalo yang ini dia bentuknya super soft dan moist dan kalian tinggal tempelin aja di wajah terus kita tunggu selama 15 menit nanti dia terselera akan berubah kayak menjadi kapan gitu oke, jadi ini udah aku di milis 15 menit ini udah penyerapan sempurna terus kulit kalian akan langsung kenyal glowing and ready for makeup tinggal pake primer aja karena pake primer juga ga apa sih gua kok ngasih liat hasilnya se flawless apa kalo skin prep kalian itu bener tera, ini aja hasilnya flawless nampel di kulit dan cantik ga klatan dempul, itulah pentingnya skin prep",4,"kulit dipakai ngapapa tuh sebenernya geradakangeradakan dikit gitu dipakai make up, hasilnya flawless skin prep skin prep mengangkat selak kulit mati jenton dipakai melembapkan kulit primer produk masuk best product nya shafarasha mediheal suka tuh wara putih ini, fyfeo enzympil lingpat tuh orang banget dipakai daily mengangkat geradakangeradakan gitu kulit white hydrating pake step onenya lupa leher temanteman nah, kulitnya kerasa kayak moist, gitu mencari hidrasinya kabar baiknya mediheal produk collagen ampul pet watermite moisture pet hidrasi menjaga kekenyalan kulit bahas watermite pake ingredients ice line, glasian water wood line, forget flower petnya tuh beda bergerigi bentuknya super soft moist tinggal tempelin aja wajah tunggu menit terselera berubah kayak gitu oke, milis menit penyerapan sempurna kulit langsung kenyal glowing ready makeup tinggal pake primer aja pake primer sih ngasih liat hasilnya flawless skin prep bener tera, aja hasilnya flawless nampel kulit cantik klatan dempul, skin prep"
"beberapa minggu lalu gua nyobain ikutan bootcamp di hacktivate dua sesi kebetulan gua join disana ya untuk kelas naid bootcampnya hacktivate yang berjudul FAN atau Furn front end reak native dua sesi yang pertama sesinya itu seputaran engineering empathy dan yang kedua sesinya itu seputaran noding, objek dan array di javascript yang menarik adalah di sesi pertama gua join engineering empathy ternyata disitu mempelajari berbagai macam hal seputaran non-technis jadi lebih ke self improvement diri kita supaya kita ga stuck disitu-situ aja biar lebih upgrade lagi dan untuk sesi yang kedua, nah disini udah jelas live coding jadi mentornya itu menyampaikan dengan cukup baik seputaran javascript, objek dan array termasuk dengan pengimplementasiannya waktu itu implementasinya adalah seputaran google maps api cukup detail juga diterangkannya tuh dari no awal mula sampai akhir mula maksud gua intinya ya aman lah untuk kita bisa tangkap gitu apa yang disampaikan oleh mentornya dan yang udah pasti yang bakal gua kejar adalah support sistemnya karena hacktivate ini terkenal dengan penyaluran kerja yang bagus, mentornya juga bagus-bagus lulusannya juga bagus-bagus kalau kalian misalkan pengen nyobain dulu nih ya nyobain dulu kelas yang gratisannya ada 1 jam belajar bareng hacktivate langsung aja cek linknya di deskripsi atau pengen langsung join kelas malamnya night boot camp fern front end reak netif bisa langsung juga cek di deskripsi pake kode coupon punya gua h8d gua udah free chat, thank you banget, bye",4,"minggu nyobain ikutan bootcamp hacktivate sesi join disana kelas naid bootcampnya hacktivate berjudul fan furn front end react native sesi sesinya seputaran engineering empathy sesinya seputaran noding, objek array javascript menarik sesi join engineering empathy disitu mempelajari seputaran nontechnis self improvement stuck disitusitu aja upgrade sesi kedua, live coding mentornya seputaran javascript, objek array pengimplementasiannya implementasinya seputaran google maps api detail diterangkannya tuh maksud intinya aman tangkap gitu mentornya kejar support sistemnya hacktivate terkenal penyaluran kerja bagus, mentornya bagusbagus lulusannya bagusbagus nyobain nih nyobain kelas gratisannya jam belajar bareng hacktivate langsung aja cek linknya deskripsi langsung join kelas malamnya night boot camp fern front end reak netif langsung cek deskripsi pake kode coupon free chat, thank banget, bye"
"Hai, hari ini kita akan mencoba sebuah produk yang agak-agak enggak jelas gitu Ini semacam freckle stamp dan gue nggak sengaja menemukan dia online ya Kaga tahu kan berhasil apa enggak, tapi mari kita coba Kemarin sih gue coba di tangan dan susah banget gitu, ilangnya kayak besoknya masih ada juga It's very hard to remove so it might be nice Dia ada stampnya gini dan yang gue suka adalah stampnya tuh kayak random gitu bentuknya Jadi ada yang lebih gede, ada yang lebih kecil, makanya bisa kayak langsung... ...plok-plok-plok langsung jadi gitu Jadi dalamnya kayak cushion gitu, tinggal lo teken aja Sampai semua produknya ada disitu, apakah ada semuanya? Oh enggak, belum Kurang neken, babe Nah, okay, probably something like that Habis itu, ada kurik degannya belum pernah gue pakai di muka Jadi kita berdoa dulu, Bismillahirrahmanirrahim Oh... Okay, okay, that's probably too much Oh, oh, okay Kayanya sih kebanyakan ya, mohon maaf Tapi nggak apa-apa, abis ini kita ratakan Karena seperti yang gue bilang, dia kagak ilang-ilang, parah, susah banget ilangnya Dari dulu tuh gue tiap makin produk buat freckles gini tuh Pas lo blend, selalu kayak ilang gitu jatohnya, nggak tahu kenapa Tapi kalau nggak dibelan kan serba-salah ya So I think this is brilliant, I mean, do you see that? Oh wow Nah, tadi gue tambahin di dagu dan gue kasih juga di sekitar foreheadnya Just to make it more believable Karena biasanya freckles tuh benar-benar kayak tersebar gitu kan If I'm not mistaken But honestly, I think this is the best freckles product that I've ever tried Benar-benar bagus banget, dan yang paling gue suka adalah Dia tuh nggak gampang ilang, jadi dibelan tuh benar-benar jadi bagus banget Please keep in mind, this is my first time trying this Jadi mungkin semakin sering lo pake, semakin sering lo latian, lo kan semakin jago But for the first attempt, this is not bad at all, I freaking love this",6,"hai, mencoba produk agakagak gitu freckle stamp sengaja menemukan online kaga berhasil enggak, mari coba kemarin sih coba tangan susah banget gitu, ilangnya kayak besoknya hard remove might nice stampnya gini suka stampnya tuh kayak random gitu bentuknya gede, kecil, kayak langsung.. ..plokplokplok langsung gitu dalamnya kayak cushion gitu, tinggal teken aja produknya disitu, semuanya? enggak, neken, babe nah, okay, probably something like habis itu, kurik degannya pakai muka berdoa dulu, bismillahirrahmanirrahim oh.. okay, okay, thats probably much oh, oh, okay kayanya sih kebanyakan ya, mohon maaf apaapa, habis ratakan bilang, kagak ilangilang, parah, susah banget ilangnya tuh produk freckles gini tuh pas blend, kayak ilang gitu jatohnya, dibelan serbasalah think brilliant, mean, see that? wow nah, tambahin dagu kasih foreheadnya make believable freckles tuh benarbenar kayak tersebar gitu mistaken honestly, think best freckles product ive ever tried benarbenar bagus banget, suka tuh gampang ilang, dibelan tuh benarbenar bagus banget please keep mind, first time trying pake, latian, jago first attempt, bad all, freaking love"
"Pengen workout di rumah tapi kamu tidak punya cukup space, you need to notice. Satu alat ini bisa menggantikan semua alat fitness gym dan tidak perlu banyak space karena speedy-n's dari Vellphone pakai magnetik sistem di mana beban atau babel sudah tidak dibutuhkan lagi. Dengan speedy-n's kamu bisa melatih semua otot seperti ini. Untuk kamu yang masih pemula bisa akses video-video coach profesional supaya workout mau jadi efektif dan aman. Beban tarik kiri dan kalan aptus 100 kilo. Yang bisa diatur di layar atau dengan bluetooth ring sehingga tidak harus memindahkan beban saat olahraga. Selain latihan beban speedy-n's juga ada model ski dan rowing. Intinya speedy-n's bisa jadi opsiun untuk kamu yang pengen workout di rumah tapi tidak punya banek space untuk simpan babel, alat dan beban.",3,"workout rumah space, need notice. alat menggantikan alat fitness gym space speedyns vellphone pakai magnetik sistem beban babel dibutuhkan lagi. speedyns melatih otot ini. pemula akses videovideo coach profesional workout efektif aman. beban tarik kiri kalan aptus kilo. diatur layar bluetooth ring memindahkan beban olahraga. latihan beban speedyns model ski rowing. intinya speedyns opsiun workout rumah banek space simpan babel, alat beban."
"Saya mau pecah silat itu bisa kayak judo, bisa kayak kondor pelaraga nasional yang diperlakukan seperti olahraga dunia. Pencecah silat hari ini sudah memiliki 83 negara dan ada di lipat benua, sehingga syarat utama sudah terpenuhi. Tinggal prosesnya kita jalankan, insya Allah, mau duanya supaya pecah silat bisa segera rekokkan. Bye!",6,"pecah silat kayak judo, kayak kondor pelaraga nasional diperlakukan olahraga world. pencecah silat memiliki negara lipat benua, syarat utama terpenuhi. tinggal prosesnya jalankan, insya allah, duanya pecah silat rekokkan. bye!"
"Apabila Anda berada di Gias 2025, mampir ke bus-busnya JK. Ada solusi untuk melindungi mobil Anda. Lihat ini, panas sekali lampunya. Nah, bayangkan ini adalah mata hari. Tanpa kaca film panas sekali. Nah, dengan kaca film lumar, ini black metallic. Wow, sama sekali tidak merasakan panasnya. Nah, ini pilihan kita, selera kita. Mau segelap apa, mau gayanya hitam pekat, mau gayanya agak terlihat bening seperti ini, bisa ada semua di sini. Kalau yang tadi untuk melindungi panas dalam kabin, kalau ini untuk melindungi cat body mobil Anda, ini adalah lumar PPF. Nah, jadi dengan lumar PPF, cat original mobil kita terjaga. Bebas baret halus, dan apabila terjadi baret halus, dipanasin sedikit, dia hilang. Self healing, sayang mobil kan? Nih, lakai ini. Ada juga kaca film CPF1, ini sekali pilihan kaca filmnya ya. Nah, ada yang namanya Black Security. Black Security itu, kaca filmnya tebal, sehingga melindungi kita, apabila terjadi apa-apa, terdipacahan kacanya. Nah, ada lagi yang baru nih. Nah, yang ini kaca film CPF1 Nero X, yang sudah terpasang di Jari Aris Kavi, yang terpadang di Giav 2025. Nih, kaca film ini, bagus menunggi panasnya. Ada lagi, Duratec PPF. Lihat nih. Ada yang glossy, ada juga yang matte. Dan ini menarik. Ini bisa untuk PPF kan, rakyat pedal kita. Ayo PPFin, rakyat pedalnya, biar nggak baret-baret. Mahal nih sekarang beginian. Ha ha. Nah, sekarang udah tau kan, gimana caranya melindungi mobil kita. Nah, apabila anda ke Giav 2025, mampir ke busnya JKN, ada Lumar, ada CPF1, ada Duratec, omplit. Yow, sini, itu mau mobil.",2,"giias mampir busbusnya jk. solusi melindungi mobil anda. lihat ini, panas lampunya. nah, bayangkan mata hari. kaca film panas sekali. nah, kaca film lumar, black metallic. wow, merasakan panasnya. nah, pilihan kita, selera kita. segelap apa, gayanya hitam pekat, gayanya bening ini, sini. melindungi panas kabin, melindungi cat body mobil anda, lumar ppf. nah, lumar ppf, cat original mobil terjaga. bebas baret halus, baret halus, dipanasin sedikit, hilang. self healing, sayang mobil kan? nih, lakai ini. kaca film cpf, pilihan kaca filmnya ya. nah, namanya black security. black security itu, kaca filmnya tebal, melindungi kita, apaapa, terdipacahan kacanya. nah, nih. nah, kaca film cpf nero terpasang jari aris kavi, terpadang giav nih, kaca film ini, bagus menunggi panasnya. lagi, duratec ppf. lihat nih. glossy, matte. menarik. ppf kan, rakyat pedal kita. ayo ppfin, rakyat pedalnya, baretbaret. mahal nih beginian. ha. nah, kan, gimana melindungi mobil kita. nah, giav mampir busnya jkn, lumar, cpf, duratec, omplit. yow, sini, mobil."
"Tadi, ini adalah satu bentuk dari Gresrut, pembina Nusia Dini yang dicari di sini bukan menangkala, tapi gimana caranya mereka bisa menikmati bermensepak bola dengan baik dengan benar. Dan dengan sesuatu yang menyenangkan, itu itinya dari Gresrut. Kariketnya adalah cara pasing, ribling, terning, sebagainya. Dan dengan cara pasing, ribling, terning, sebagainya, dan dengan cara pasing, ribling, terning, sebagainya. Saya buat ikut main juga mas Rika ya. Pake unikut, putra straight. Yes, seru banget. Tuanya kumpulin dengan keras ketika terjadi pelanggaran. Dan akhirnya anaknya itu nans. Dan itu jadi sebuah presiden yang buruk dari orang tua dan kejadian itu terhadap orang-orang yang melihat. Terutama anak-anak yang masih mungkin daya serap. Mereka itu masih, kok bapak gue jadi marah-marah? Kok jadi wasis jadi berantem sama orang tua gue? Kok antara orang tua jadi berantem? Itu yang harus digindarkan. Tidak boleh ada kekerasan dalam latangan setan bola. Yang takutnya jadi terawam aja. Betul.",0,"tadi, bentuk gresrut, pembina nusia dicari menangkala, gimana menikmati bermensepak bola benar. menyenangkan, itinya gresrut. kariketnya pasing, ribling, terning, sebagainya. pasing, ribling, terning, sebagainya, pasing, ribling, terning, sebagainya. main mas rika ya. pake unikut, putra straight. yes, seru banget. tuanya kumpulin keras pelanggaran. anaknya nans. presiden buruk orang tua kejadian orangorang melihat. anakanak daya serap. masih, marahmarah? wasis berantem orang tua saya? orang tua berantem? digindarkan. kekerasan latangan setan bola. takutnya terawam aja. betul."
"Viral! Sepasang remaja di lombok menikah di usianya yang 15 dan 17 tahun, tentu aja. Banyak keluarganet yang mempertanyakan apakah boleh menikah di bawah umur? Seharusnya belum boleh ya. Karena menurut undang-undang perkawinan Indonesia, minimal usia menikah di atas 19 tahun bagi laki-laki dan 16 tahun bagi perempuan. Bukan itu aja. Pernikahan di bawah umur sangat berisiko. Bagi kesehatan mental kedua pasangan, dikarnakan belum siap menghadapi masalah ekonomi dan lainnya. Dan akibatnya, timbul stres, depresi, hingga kekerasan rumah tangga yang lebih rentan, terjadi pada wanita muda loh. Apalagi jika pasangan wanita hamil di usianya yang masih muda, juga bisa berisiko tekanan darah tinggi, anemia, bayi prematur, hingga meninggal dunia. Jadi, nikah itu butuh kesiapan. Bukan cuma cinta ya, jangan buru-buru kalau belum siap mental, fisik dan finansial. Menurut sobat sehat, gimana?",6,"viral! sepasang remaja lombok menikah usianya tahun, aja. keluarganet menikah umur? ya. undangundang perkawinan indonesia, minimal usia menikah lakilaki perempuan. aja. pernikahan umur berisiko. kesehatan mental pasangan, dikarnakan menghadapi ekonomi lainnya. akibatnya, timbul stres, depresi, kekerasan rumah tangga rentan, wanita muda loh. pasangan wanita hamil usianya muda, berisiko tekanan darah tinggi, anemia, bayi prematur, meninggal world. jadi, nikah butuh kesiapan. cinta ya, buruburu mental, fisik finansial. sobat sehat, gimana?"
"K Phoenix belum selesai, ini ada badai berikutnya Infinix Note 50S 5G Plus apalah lagi nih ya, harga flash-shellnya 2,9 juta SOC nya tau apa? Dimensity 7300 dibawah 3 juta, kita udah bisa dapet SOC Sak kencang ini dan karena ini dimensi, TRT nya HP ini adalah HP 5G jadi kalau operator kalian sudah support 5G dan area nya mendukung internetan jadi makin kencang lagi nih RAM 8GB, storage 256GB, baterai 5200 mAh dengan charger 45W layar pake AMOLED Curve 144Hz, Indis Play Fingerprint Scanner kameranya 64MP, Sony IMX682 bisa rekam 4K dan hebatnya, videonya bisa stabil nih kalau keapasannya juga mantap ya, punya IP64 ada NFC, speaker stereo dan yang unik dari back cover leathernya adalah... wangi iya, back cover nya ini ada aroma nya, ada HA, jenis ini ya smartphone ini akan dijual eksklusif secara online dan nantikan peluncuran Note 55G series pada tanggal 16 Mei 2025 jangan sampai kelewatan, karena Infinix masih ada kejutan-kejutan lainnya",6,"phoenix selesai, badai infinix note plus apalah nih ya, harga flashshellnya juta soc nya apa? dimensity dibawah juta, dapet soc sak kencang dimensi, trt nya operator support area nya mendukung internetan kencang nih ram gb, storage gb, baterai mah charger layar pake amoled curve hz, indis play fingerprint scanner kameranya mp, sony imx rekam hebatnya, videonya stabil nih keapasannya mantap ya, nfc, speaker stereo unik back cover leathernya adalah.. wangi iya, back cover nya aroma nya, ha, jenis smartphone dijual eksklusif online nantikan peluncuran note series tanggal mei kelewatan, infinix kejutankejutan"
"Oke, jadi hari ini kita berangkat pertiga dalam rangka Cherry 38 Chesa Restallance Sebenarnya itu tim Cherry udah bawa mobil ini dan bisa dapetin jarang 1332,2 km Nah, yang bisa lah, kita tantang, kita bisa lebih baik usinya dengan kekompakan tim Harusnya, nyetirkan dia, kita lihat kalau kita bertiga yang bawa Ini mobil full tank dan bensinnya full, diseriknya full, kita bakal bisa dapat berapa km Coba, kita lihat",7,"oke, berangkat pertiga rangka cherry chesa restallance tim cherry bawa mobil dapetin jarang nah, lah, tantang, usinya kekompakan tim harusnya, nyetirkan dia, lihat bertiga bawa mobil full tank bensinnya full, diseriknya full, coba, lihat"
"Tiga gilakan basic dalam pedal Pertama forehand Pukulan yang dilakukan dengan sisi dominan pemain merupakan pukulan yang paling kuat yang digunakan untuk menyerang lawan Kedua, backhand Pukulan yang dilakukan dengan sisi tidak dominan pemain digunakan untuk mengembalikan bola yang tidak bisa dijakau oleh forehand Ketiga, folly Pukulan yang dilakukan sebelum bola memontrol ketanah digunakan untuk menyerang dan memanfaatkan sisi dekat jaring So, kalau belajar basic pedal, kita juga harus back to basic dengan mandi pake proguard tilly cleansing yang mengandung epileptos dan cihagian tibak terial untuk mengambalikan kesegaran dan keberasian tubuh",2,"gilakan basic pedal forehand pukulan sisi dominan pemain pukulan kuat menyerang lawan kedua, backhand pukulan sisi dominan pemain mengembalikan bola dijakau forehand ketiga, folly pukulan bola memontrol ketanah menyerang memanfaatkan sisi jaring so, belajar basic pedal, back basic mandi pake proguard tilly cleansing mengandung epileptos cihagian tibak terial mengambalikan kesegaran keberasian tubuh"
"Hari ini kita jalan-jalan di Gias tanpa topeng Masalahnya cuma satu, Rian Kalau orang yang lain Rian, gubar Tapi kita jalan-jalan, kita coba interview cewek-cewek",1,"jalanjalan giias topeng satu, rian orang rian, gubar jalanjalan, coba interview cewekcewek"
"Katanya, Salomon Aeroglet 3 ini adalah sepatu deli terpenuh paling oke tahun ini. Apa bener? Tonton versi impresi selengkapnya bareng gue, Hos Magang, Joseph Watbeng di channel YouTube Runhood Sekarang. Leggo!",4,"katanya, salomon aeroglet sepatu deli terpenuh oke ini. bener? tonton versi impresi selengkapnya bareng saya, hos magang, joseph watbeng channel youtube runhood sekarang. leggo!"
"Saya tidak akan mundur menghadapi koroktor. Mereka harus mengerti saya ini siap mati untuk bangsa dan rakyat ini. Maaf yaa manapun saya tidak takut. Sudah sedara koroktor-koroktor itulah yang buat guru-guru susah, doktor-doktor susah, perawat-perawat susah, petani susah. Karena itu terima kasih dukungan seorang udara. Kita bersama akan menghadapi maling-maling itu. Dan kita akan mengusir mereka dari bumi Indonesia kalau perlu. Saya nanti juga akan sisikan dana. Saya akan bikin penjara yang sangat, pokoknya sangat kokok. Di suatu tempat yang terpencil mereka tidak bisa keluar malam hari. Kita akan cari pulau kalau mereka mau keluar biar ketemu sama Hiu.",1,"mundur menghadapi koroktor. mengerti mati bangsa rakyat ini. maaf yaa manapun takut. sedara koroktorkoroktor guruguru susah, doktordoktor susah, perawatperawat susah, petani susah. terima kasih dukungan udara. menghadapi malingmaling itu. mengusir bumi indonesia perlu. sisikan dana. penjara sangat, pokoknya kokok. terpencil malam hari. cari pulau ketemu hiu."
"Shhh! Jangan kok, pesa-pesa baduh! Ini aja udah jadi geberakan dengan harga yang terjangkau dan bagus banget! Tuh-tuh, atau nggak apa, mereka bikin satu rangkaian sekarang, temen-temen! Gila sih, gue... Ini ada sunscreen dengan SPF 35 dan PA++++ Terus ada serumnya dan juga ada moisturizernya yang mengandung Buat active ingredients ya itu niacinamide dan vitamin C dan juga ada snowmash roomnya Pastinya, pastinya, pastinya, karena aku coba Tapi aku akan fokus ke moisturizernya aja Namanya adalah Sinsui Serum Moisturizing Cream with 7 Japanese Skin Sensial Niacin White Serum Manjang namanya ya yang... Untuk sekarang, aku mau kasih kalian lihat teksturnya dulu ya Lumayan tic kayak gini Jadi, kalau buat kulit kering, hydrationnya tuh dapet banget Tapi penyerapannya lihat, cemet banget ya Ini aku anggul agak banyak, tuh tetep langsung nyerup gitu loh Ini yang belum, ini yang udah tuh Jadi nggak terlalu lepek gitu loh di kulit Nah, inilah dia hasilnya setelah menyerup sempurna ke kulit Moist tapi nggak lengket, terus nggak terlalu basah gitu Tapi aku baru pakai ini dari tanggal, dewasaan Januari gitu Dan aku akan update lagi ke kalian, oke?",7,"shh! kok, pesapesa baduh! aja geberakan harga terjangkau bagus banget! tuhtuh, apa, rangkaian sekarang, temanteman! sih, saya.. sunscreen spf serumnya moisturizernya mengandung active ingredients niacinamide vitamin snowmash roomnya pastinya, pastinya, pastinya, coba fokus moisturizernya aja namanya sinsui serum moisturizing cream japanese skin sensial niacin white serum manjang namanya yang.. sekarang, kasih lihat teksturnya lumayan tic kayak gini jadi, kulit kering, hydrationnya tuh dapet banget penyerapannya lihat, cemet banget anggul banyak, tuh tetep langsung nyerup gitu loh belum, tuh lepek gitu loh kulit nah, hasilnya menyerup sempurna kulit moist lengket, basah gitu pakai tanggal, dewasaan januari gitu update kalian, oke?"
"Terlihat kecil, tapi nyatanya Bloated! Yup, buat kalian yang nontonin story aku Pasti kalian udah tau masalah utama hidup aku sekarang adalah kerus aku yang bloated Tapi tenang banget aku udah konsultasi dan ternyata permasalahannya adalah Untuk kentara ini aku tuh harus menghindari apapun itu yang mengandung laktosa Tapi masalahnya, ampir semuanya tuh mengandung laktosa, gimana dong? Jangan sedih teman-teman, aku udah menemukan solusi Tapi karena selim almon drink, waktu itu di Bangkok aku cobain yang o-drink Iku enak banget dan ternyata yang almon drink ini juga enak banget Jadi aku tidak merasa persiksa sama sekali harus menghindari laktosa Karena dia lakos free dan juga sugar free Tapi rasanya tuh enak, ampir semua teropi karena selim ini enak Dari selai copat yang aku suka, selai kerobinnya aku suka Sekarang o-drink aku suka, bulannya juga aku pakai I love strawberry kerasim memang mereka tuh selalu berinnovasi untuk orang-orang yang lagi mau mengurangi berat badan dan menjaga kesehatan Tapi rasanya tetap enak Jadi emang teropikan asli ini adalah solusi buat kalian yang gak bisa minum susu Dan kalian udah ngadapkan kebaikan almon dan gak bikin kembung dan gak bikin enak Sugar free, low fat, tinggi serat dan mengandung protein lebih tinggi dari almon drink lainnya pula Tapi kalau buat kawan yang belum tahun ya, almon itu adalah superfood yang banyak juga hasiat lainnya ya Menurunkan kolesterol, menjaga kesehatan jantung, mengendalikan kadar gula darah, meningkankan fuksi otak Dan juga bisa membantu menurunkan berat badan masih banyak kebunan lainnya gitu Jadi Buruan beli di Alphamar karena lagi ada promo dan doapan protaku segera tidak bunuh Bye everyone",7,"kecil, bloated! yup, nontonin story utama hidup kerus bloated tenang banget konsultasi permasalahannya kentara tuh menghindari apapun mengandung laktosa masalahnya, ampir tuh mengandung laktosa, gimana dong? sedih temanteman, menemukan solusi selim almon drink, bangkok cobain odrink iku enak banget almon drink enak banget persiksa menghindari laktosa lakos free sugar free tuh enak, ampir teropi selim enak selai copat suka, selai kerobinnya suka odrink suka, bulannya pakai love strawberry kerasim tuh berinnovasi orangorang mengurangi berat badan menjaga kesehatan enak emang teropikan asli solusi minum susu ngadapkan kebaikan almon kembung enak sugar free, low fat, serat mengandung protein almon drink kawan ya, almon superfood hasiat menurunkan kolesterol, menjaga kesehatan jantung, mengendalikan kadar gula darah, meningkankan fuksi otak membantu menurunkan berat badan kebunan gitu buruan beli alphamar promo doapan protaku bunuh bye everyone"
"Katanya ibu hamil ga boleh olah raga. Eh, jangan langsung percaya ya! Justru, olah raga itu punya banyak manfaat untuk mama dan janin. Bukan dilarang, tapi malah dianjurkan. Asalkan pilih jenis olah raga yang aman dan nyaman ya. Yang paling simpel, mums bisa jalan santai atau joging. Enaknya sih pagi atau sore hari, biar ga kepanasan. Zumba, yoga, atau pilates bareng sesama ibu hamil juga bisa loh. Apalagi bonusnya bisa ketemu support sistem baru. Mual, dan kaki bengkak. Coba berenang deh mums. Tapi tetap hati-hati ya, terutama di area licin. Menjelang lahiran, biasanya doktersaran kan latihan jongkok. Tapi jangan gerakan mendadak ya, pelan-pelan aja. Nah, kalo mums paling suka olah raga yang mana nih selama hamil? Share di kolom komentar ya. Yuk, follow dan share video ini buat info ke hamilan lainnya.",1,"hamil olah raga. eh, langsung percaya ya! justru, olah raga manfaat mama janin. dilarang, dianjurkan. pilih jenis olah raga aman nyaman ya. simpel, mums jalan santai joging. enaknya sih pagi sore hari, kepanasan. zumba, yoga, pilates bareng hamil loh. bonusnya ketemu support sistem baru. mual, kaki bengkak. coba berenang deh mums. hatihati ya, area licin. menjelang lahiran, doktersaran latihan jongkok. gerakan mendadak ya, pelanpelan aja. nah, mums suka olah raga nih hamil? share kolom komentar ya. yuk, follow share video info hamilan lainnya."
"Lebih bagus angkat beban yang ringan repetisi yang banyak atau beban yang berat tapi repetisi sedikit. Kebanyakan orang percaya saat mereka melatih dengan beban yang ringan repetisi yang banyak, mereka akan mendapatkan badan yang shape dan tone karena cara ini fokus ke fat loss. Sedangkan kalau pakai beban yang berat dan repetisi yang sedikit, badan akan keliatan bulky dan besar. Faktannya yang membuat badanmu keliatan shape atau bulky tergantung dua faktor. Yang pertama semakin tinggi kardel emak tubuhmu semakin bulky, lalu semakin rendah kardel emak tubuhmu semakin kamu akan keliatan tone atau shape. Yang kedua, structure tubuhmu. Ada orang yang punya tulang klavicular yang lebih lebar sehingga badan akan keliatan lebih bulky dibandingkan dengan orang dengan berat badan, masa otot dan kardel emak yang sama, tapi tulang klavicular yang lebih sempit. So, simple-nya mau fokus ke fat loss, masa building atau body recomposition target repetisi selalu sama kurang lebih di 6 sampai 12 repetisi dekat dengan failure atau sampai failure. Artinya dengan beban yang challenging yang bisa berbeda untuk setiap dari kita. Untuk orang A, 20 kilo sudah berat, namun untuk orang B, 20 kilo masih terhitung pemanasan. Kalau kamu mulai workout dengan beban yang ringan dan repetisi yang banyak dan waktu istirahat yang pendek, sebenarnya yang kamu lakukan adalah merubah latihan beban menjadi kadiu dan ini sama sekali bukan tujuan dari latihan beban.",4,"bagus angkat beban ringan repetisi beban berat repetisi sedikit. kebanyakan orang percaya melatih beban ringan repetisi banyak, badan shape tone fokus fat loss. pakai beban berat repetisi sedikit, badan keliatan bulky besar. faktannya badanmu keliatan shape bulky tergantung faktor. kardel emak tubuhmu bulky, rendah kardel emak tubuhmu keliatan tone shape. kedua, structure tubuhmu. orang tulang klavicular lebar badan keliatan bulky dibandingkan orang berat badan, otot kardel emak sama, tulang klavicular sempit. so, simplenya fokus fat loss, building body recomposition target repetisi repetisi failure failure. beban challenging berbeda kita. orang kilo berat, orang kilo terhitung pemanasan. workout beban ringan repetisi istirahat pendek, lakukan merubah latihan beban kadiu tujuan latihan beban."
"Ini tiga cara menghilangkan neri otot cepat. You need to notice. Neri otot atau dooms adalah hal yang wajar kalau kamu olahraga dan tidak bisa dihindari. Supaya kamu cepat rikafa dari dooms yang pertama dan paling penting, pastikan kamu dapat istirahat alias tidur yang cukup minimal 6 sampai 8 jam per hari. Lalu kedua, pastikan nutrisimu terutama asupam protein mau tercukupi karena ini sangat berpengaruh terhadap proses recovery ini. Yang terakhir, kamu bisa konsumsi korkumin. Korkumin tidak hanya sebagai pelinuliver, namun juga bersifat sebagai anti-inflamatory dan anti-oxida. Sehingga bisa membantu mempercepat recovery, membantu menjalak kesehatan sendibahkan membantu turunkan lemak darah alias kolesteron. Sebaiknya korkumin ini langsung dikonsumsi setelah olahraga. Kalau mau yang praktis, saya rekomen korkumin dalam bentuk tablet. Dengan kanuhan OREX core yang terukur dan telah teruji klinis, pastikan kamu juga mengonsumsi korkumin yang tersendarisasi B-POM. So check it out guys.",7,"menghilangkan neri otot cepat. need notice. neri otot dooms wajar olahraga dihindari. cepat rikafa dooms penting, pastikan istirahat alias tidur minimal jam hari. kedua, pastikan nutrisimu asupam protein tercukupi berpengaruh proses recovery ini. terakhir, konsumsi korkumin. korkumin pelinuliver, bersifat antiinflamatory antioxida. membantu mempercepat recovery, membantu menjalak kesehatan sendibahkan membantu turunkan lemak darah alias kolesteron. korkumin langsung dikonsumsi olahraga. praktis, rekomen korkumin bentuk tablet. kanuhan orex core terukur teruji klinis, pastikan mengonsumsi korkumin tersendarisasi bpom. check guys."
"semakin banyaknya mobil elektrik membuat pabrikan ban juga membuat ban khusus EV tapi saat ini kebanyakan ban khusus EV itu di import langsung sehingga harganya lumayan mahal tapi ternyata Dunlop sedang mereset apakah ban yang mereka produksi di dalam negeri cocok untuk digunakan oleh sebuah elektrik vehicle kalau ini berhasil kita akan punya alternatif lebih terjangkau lagi untuk mengganti ban mobil listrik kita nah saya diberikan kesempatan eksklusif untuk ikut tes bersama mereka nah sekarang sedang dilakukan pengecekan dan mobil yang digunakan adalah Hyundai IONIQ 5 dan yang dites adalah ban Dunlop Espace Sport LM705 dibandingkan dengan ban kompetitor yang merupakan OEM dari Hyundai IONIQ 5 ini dan pengetesannya akan lebih dari 20.000 km sekarang sudah 11.000 km dan kita akan melanjutkan perjalanan ke arah timur terima kasih pengujian ini akan berlangsung selama 30 hari dengan target 20.000 km lebih sekarang saya di hari ke 18 dan ada beberapa tahap pengujian tapi tahap yang saya laluinnya adalah pengukuran tingkat keausan ban jadi ini ban nya bilang ban kiri depan dan kanan belakang itu adalah Dunlop Espace Sport LM705 sedangkan di kanan depan dan kiri belakang itu adalah ban kompetitor yang merupakan OEM dari Hyundai IONIQ 5 ini setiap 10.000 km itu di rotasi dan setelah 20.000 km akan lihat tingkat keausan mana yang lebih besar sekarang saya sedang bersama dengan tim Dunlop dan di sebelah saya ada padarius dari produk di development Dunlop yang juga merupakan ketua penyelenggara kegiatan ini Pak, ini tesernya hanya 3 orang ini? ya, artinya sekali ini kita bergantian ya? itu total sekitar 52 orang oh, 52 orang bergantian setiap hari? ya tujuan dari pengetesannya apa, Pak? ya, ini kita ingin mencoba atau meretakan langsung produk dan nepjika dipakai di mobil EV target dari Dunlop sendiri untuk pengetesan ini apa, Pak? ya, ini ada 2 target yang pertama adalah target terhadap pengen mudi dan yang kedua adalah target secara produk nah, tentu target pengen mudi mereka mencoba langsung daya cengkamban Dunlop jika dipakai di mobil EV dan untuk target produk sendiri di iRotase disini kita juga akan mengecek tingkat keausan ban Dunlop jika dipakai di mobil EV rute-nya kemana saja, Pak? ya, rute-rute sekalig ini kita cukup panjang ini, Bung Kiterah ya, kita menghormit rute dari Jakarta sampai di Semarang kalau kita lihat total dari jarak tembuh dari Jakarta Semarang kembali dari Semarang ke Jakarta kira-kira 800 kilo, dari kita tembus selama 30 hari setiap hari, Jakarta Semarang? ya, betul, begitu Dunlop sendiri, apakah ada produknya sudah dipakai sebagai OEM dari mobil EV, Pak? ya, untuk publikkan Dunlop seperti komitmennya untuk menjaga ramah lingkungan kita sudah mempunyai OEM langsung dipakai di mobil EV saat ini Dunlop sudah dipakai di mobil Nissan Leaf oh iya, Nissan Leaf ya? betul, ya pengujian ini tidak terbatas hanya tingkat keausan, tapi juga akan dilanjutkan sampai menjagau ke daya cengkamban kemudian rolling resistance sampai kehendingannya karena di EV semua itu penting EV kita tahu, dia sangat kending, tidak ada suara dan getaran dari penggedaknya jadi suara ban akan terdengar lebih jelas kalau banyak berisik makanya ban EV itu harus hending kemudian, karena EV itu memiliki tenaga dan torsi yang instant maka dibutuhkan juga daya cengkamban yang kuat dari ban supaya bisa menyalurkan daya dan torsi yang instant tersebut secara efektif ke jalan dan satu lagi, rolling resistance, alias hambatan glinding itu akan mempengaruhi jarak tempuh total dari sebuah mobil istri dan itu semua akan dihuji dalam pengetasannya nah beginilah kesiharian dari tim dunlop jadi setiap kali mereka istirahat untuk solat, untuk makan itu mobil langsung di charg di DC fast charging itulah kenapa mereka bisa setiap hari pulang pergi Jakarta semarang selama 30 hari berturut-turut Padaryus, selama 30 hari, mereka akan kembali di jalan dan mereka akan kembali di jalan dan mereka akan kembali di jalan 30 hari berturut-turut Padaryus, so far bagaimana hasil pengetasannya? so far sampai sejauh ini tingkat kaosan dan lap SESport LM75 lebih kecil dibandingkan dengan kompatitor wah, mantap dan pengujian juga masih akan berlanjut karena setelah ini setelah selesai uji tingkat kaosan akan juga di uji bagaimana noise-nya, bagaimana rolling resistance-nya dan bagaimana grip-nya atau daya cengkambanya tapi saya selaku pengguna Dunlop SESport LM75, sudah beberapa mobil saya pakai itu saya tahu sekali bagaimana bagusnya grip-nya dan rolling resistance-nya juga rendah serta noise-nya yang luar biasa sangat minim dari Dunlop SESport LM75 bahkan saya berencana untuk mengganti band standar dari Wuling Bingo EV saya ini ke Dunlop SESport LM75 ada kan ya Pak, ukuran saja ya? ya, untuk ukuran ini ada ada ya? ya oke, jadi sekarang tim akan melanjutkan lagi ke Semarang oke, terima kasih dan balik lagi ke Jakarta lagi hari ini juga besok akan seperti itu juga nah, kita sama-sama tunggu hasilnya hasilnya nanti setelah ada akan dipublis di website dan sosial media dari Dunlop semoga hasilnya sesuai dengan harapan Pak ya, semoga ingat ayo, kita selalu dukung produk buatan dalam negeri Selamat melanjutkan perjalanan Pak oke, terima kasih",7,"banyaknya mobil elektrik pabrikan ban ban khusus kebanyakan ban khusus import langsung harganya lumayan mahal dunlop mereset ban produksi negeri cocok elektrik vehicle berhasil alternatif terjangkau mengganti ban mobil listrik kesempatan eksklusif tes pengecekan mobil hyundai ioniq dites ban dunlop espace sport dibandingkan ban kompetitor oem hyundai ioniq pengetesannya melanjutkan perjalanan arah timur terima kasih pengujian target tahap pengujian tahap laluinnya pengukuran tingkat keausan ban ban nya bilang ban kiri kanan dunlop espace sport kanan kiri ban kompetitor oem hyundai ioniq rotasi lihat tingkat keausan tim dunlop sebelah padarius produk development dunlop ketua penyelenggara kegiatan pak, tesernya orang ini? ya, bergantian ya? total orang oh, orang bergantian hari? tujuan pengetesannya apa, pak? ya, mencoba meretakan langsung produk nepjika dipakai mobil target dunlop pengetesan apa, pak? ya, target target mudi target produk nah, target mudi mencoba langsung daya cengkamban dunlop dipakai mobil target produk irotase mengecek tingkat keausan ban dunlop dipakai mobil rutenya kemana saja, pak? ya, ruterute sekalig ini, kiterah ya, menghormit rute jakarta semarang lihat total jarak tembuh jakarta semarang semarang jakarta kirakira kilo, tembus hari, jakarta semarang? ya, betul, dunlop sendiri, produknya dipakai oem mobil ev, pak? ya, publikkan dunlop komitmennya menjaga ramah lingkungan oem langsung dipakai mobil dunlop dipakai mobil nissan leaf iya, nissan leaf ya? betul, pengujian terbatas tingkat keausan, dilanjutkan menjagau daya cengkamban rolling resistance kehendingannya tahu, kending, suara getaran penggedaknya suara ban terdengar berisik ban hending kemudian, memiliki tenaga torsi instant dibutuhkan daya cengkamban kuat ban menyalurkan daya torsi instant efektif jalan lagi, rolling resistance, alias hambatan glinding mempengaruhi jarak tempuh total mobil istri dihuji pengetasannya kesiharian tim dunlop kali istirahat solat, makan mobil langsung charg fast charging pulang pergi jakarta semarang berturutturut padaryus, hari, jalan jalan jalan berturutturut padaryus, far hasil pengetasannya? far tingkat kaosan lap sesport dibandingkan kompatitor wah, mantap pengujian berlanjut selesai uji tingkat kaosan uji noisenya, rolling resistancenya gripnya daya cengkambanya pengguna dunlop sesport lm, mobil pakai bagusnya gripnya rolling resistancenya rendah noisenya minim dunlop sesport berencana mengganti band standar wuling bingo dunlop sesport pak, ukuran ya? ya, ukuran ya? oke, tim melanjutkan semarang oke, terima kasih jakarta besok nah, samasama tunggu hasilnya hasilnya dipublis website sosial media dunlop semoga hasilnya sesuai harapan ya, semoga ayo, dukung produk buatan negeri selamat melanjutkan perjalanan oke, terima kasih"
"bagi temen-temen yang demen olahraga tapi sering sekali cedera lu olahraga bola cedera, futsal cedera, basket cedera, badminton cedera, lari cedera salah satu alesannya adalah karena temen-temen itu tidak pernah olahraga yang gua blok yaitu ke gym ini gua moshi beberapa studi yang tunjukin ya, resistance training yaitu kalau temen-temen ke gym angkat beban itu akan menurunkan risiko temen-temen cedera ada saat temen-temen ngerjain olahraga yang lain gua sendiri pribadi demen sekali olahraga-olahraga yang dinamis gua demen, ya gua lagi coba belajar surfing snowboarding gua udah lumayan, jadi gua demen olahraga-olahraga yang seperti itu dan gua tau persis, karena udah gua ngeliat dengan mata kepala gua sendiri terutama di snowboarding ya, di atas gunung itu berapa banyak orang itu cedera cedera ligamen, patah tulang, karena kan kecepatan dan lu dinamis ya jadi kalau kita itu tidak memperkuat otot-otot dan ya tulang-tulangnya kita abis itu kalau temen-temen demen olahraga yang dinamis yaitu udah pasti rentan cedera jadi, go hit the gym perkuat semua gerakan, perkuat overall body untuk melakuin olahraga-olahraga yang dinamis semoga bermanfaat",7,"temanteman demen olahraga cedera olahraga bola cedera, futsal cedera, basket cedera, badminton cedera, lari cedera salah alesannya temanteman olahraga blok gym moshi studi tunjukin ya, resistance training temanteman gym angkat beban menurunkan risiko temanteman cedera temanteman ngerjain olahraga pribadi demen olahragaolahraga dinamis demen, coba belajar surfing snowboarding lumayan, demen olahragaolahraga persis, ngeliat mata kepala snowboarding ya, gunung orang cedera cedera ligamen, patah tulang, kecepatan dinamis memperkuat otototot tulangtulangnya habis temanteman demen olahraga dinamis rentan cedera jadi, hit gym perkuat gerakan, perkuat overall body melakuin olahragaolahraga dinamis semoga bermanfaat"
"turun akibat di laporan keuangannya ataupun informasi yang sudah keluar kan ini ada satu grup lah yang turun ke dalam dan tentu kita melihat juga karena regulasi halp yang 5% itu kan kemarin diperlakukan saat COVID tentu ini perlu ada review juga mengenai regulasi tersebut tapi akan dilaporkan apa? jadi menilai apa? ya tentu perkembangan perekonomian akan dilaporkan ke apa? tapi sejauh ini mengawakirkan kesimpakannya kalau dari segi kundang mental kan buat kalau pendorunan ini kan di perbagai negara saham naik turun ya saat sam-sam negara lain minggu-minggu lalu turun dalam nah sekarang mungkin kemarin kita perlu terlalu kena, nah baru kena beribas 1,2",1,"turun akibat laporan keuangannya informasi grup turun regulasi halp kemarin diperlakukan covid review regulasi dilaporkan apa? menilai apa? perkembangan perekonomian dilaporkan apa? mengawakirkan kesimpakannya segi kundang mental pendorunan perbagai negara saham turun samsam negara mingguminggu turun kemarin kena, kena beribas"
"Hai teman-teman semuanya, hari ini seru banget karena teman-teman dari Vitality banyak banget yang hadir, terus juga spesialisasi juga, thank you banget udah mendukung kaca kita hari ini pokoknya acara Vitality kali ini seru banget, jadi teman-teman jangan lupa ikut acara Vitality yang lainnya, bye bye Grafior modest, bye, kembila",4,"hai temanteman semuanya, seru banget temanteman vitality banget hadir, spesialisasi juga, thank banget mendukung kaca pokoknya acara vitality kali seru banget, temanteman lupa acara vitality lainnya, bye bye grafior modest, bye, kembila"
"ini adalah BMW iXXDrive 50 apa saja bedanya dengan sebelumnya XDrive 40? ini dia dari luar tidak banyak perbedaan tapi sekarang veletnya dari 21 inch menjadi 22 inch kemudian trim yang bronze sekarang menjadi silver baik digrill maupun di bagian body samping baterai nya membesar sebelumnya 71 kWh sekarang lebih dari 100 kWh yang membuat range dari mobil ini mencapai 630 km tenangkannya juga membesar kalau sebelumnya hanya 322 HP sekarang menjadi 523 HP dan torsinya 765 Nm yang bisa melajukan mobil ini 0-100 km per jam dalam 4,6 detik bagian dalamnya sama saja tapi untuk pertama kalinya BMW yang menempatkan BMW Connected Drive di BMW iX ini jadi mobil ini terhubung dengan internet dan kita bisa melakukan subscription ke fitur yang kita butuhkan dan tidak perlu membayar untuk fitur yang tidak kita butuhkan mobil ini juga sudah support offer di air update jadi untuk update software-nya sangat mudah bisa dilakukan sendiri tidak perlu ke bankan resmi mobil ini sekarang menggunakan 4-wheel steering untuk radius putar yang lebih pendek dan suspensinya sudah air suspension di Indonesia BMW iXXDrive 50 ini di jual seharga sekitar 2,6 miliar rupiah off the road yang artinya tidak berbeda jauh dengan XDrive 40",7,bmw ixxdrive bedanya xdrive perbedaan veletnya inch inch trim bronze silver digrill body samping baterai nya membesar kwh kwh range mobil mencapai tenangkannya membesar torsinya melajukan mobil jam detik dalamnya kalinya bmw menempatkan bmw connected drive bmw mobil terhubung internet subscription fitur butuhkan membayar fitur butuhkan mobil support offer air update update softwarenya mudah bankan resmi mobil wheel steering radius putar pendek suspensinya air suspension indonesia bmw ixxdrive jual seharga miliar rupiah road berbeda xdrive
"Hai, hari ini kita akan make upan ada beberapa produk baru yang mau gue cobain produk lokal, dua-duanya, gireng banget ngasih lo Terus ini lagi irritasi muka gue seperti biasa, sonong main that, sabar aja ya Pertama gue mau pake base dulu, ini gue udah pake alis ya, pensil alisnya, funbo gue masih suka lihat semua ini Dan primernya kita akan pake Umbriolis kecintaan gue ini si creamnya yang light, light, cream, constant eheh, meh Multifunction moisturizer pokoknya namanya ya Jangan suruh saya baca bahasa perancis, maaf Gue memang udah suka banget sama ini dari zaman dahulu kalah ya Kayaknya lo belum pada lahir, mak lo juga belum lahir, kayaknya nenek lo juga masih belum Pokoknya masih jaman penjajahan, pokoknya gue udah suka banget sama ini dari dulu Sebelum gue emosi, kita singkirkan dulu rambutnya ya Lalu baru gue ratakan Nah yang akan kita coba hari ini adalah eyeshadow terbarunya sadak Gue rikasi tiga warna sama sadak, terima kasih ya, gemes banget Ini Perfect Mood Eye Palette Yang ini namanya Feeling Rosy, dia agak merah gitu Terus ini Feeling Neutral, makanya warnanya neutral Dan ini Feeling Golden, makanya dia ada gold brownnya gitu, gemas Kayaknya yang akan gue pake adalah yang Feeling Golden Ada matte, ada shimmernya dan... Uuhh Oh, mantap sekali warnanya, oh my God Oke ini kayaknya busap Kayaknya ini cakep banget ya, shadonya Jadi kita akan pake saja langsung ya, karena aku sudah penasaran Tapi, saya lupa, yang mau gue coba satu lagi adalah produk terbaru dari Iris Brush Makeup gitu Dia kolaborasi sama Bubah, Bubah Alvian Dan ini tuh kayak banyak banget satu set buat muka dan buat mata juga Akhirnya 12 brush Dan semuanya sintetis alus banget, parah banget kayak bulu karbon Jadi hari ini semua brush yang akan kita pake adalah brushnya dia Gue lagi malas pake eye primer, jadi kita akan teruskan dengan eyeshadow Eee, kita mau pake ini dulu Yang warna neutral dulu Buat di crease-nya dan seluruh kelopak juga gak apa-apalah ya Kayak yaudah laya gitu Ini warna-warna aman Ini warna-warna yang selalu gue sarankan buat yang baru mulai makeup atau kalau lo yang... Oh, buset Eh, ada banget nih pay-offnya, parah banget Pigmentasinya luar biasa Dan ini brushnya kacau banget, alus banget, gue udah ngawar di lagi, oh my God Aku gak tahu, aku harus ngebahas yang mana dua-duanya membuat aku terpukau Cee, seperti permain fox Kilaunya terpukau, eh, apa? Eh, kilaunya? Eh, rose gold dia boleh Masih dengan brushnya airis dan bubah luar biasa nih Uduh, uduh ngeri banget, ngeri banget Back with the blending brush And I'm using the darker color The chocolate, the brown color Eh, eh, lo ngerti gak sih gue ngobong apa? Gue gak ngerti gue ngobong apa, enjir Kita taro di area crease-nya untuk membuat efek seolah-olah mata lo semakin dalam gitu I actually don't need to do this anymore Karena mata gue udah terlalu dalang, tapi gak apa-apa Karena aku mau mencoba eyeshadow-nya Dan ini semua pikmentasinya kacau banget by the way Aduh, pasti abis ini udah gak ada yang berani meminta brush gue Kak, bagi brushnya doang satu yang gak kepaking Ada, semuanya udah gue gigitin, mau lo, mau Terus gue pake warna goldnya ini Dan kita akan pake brush yang kecil, gue gak menyangka dia punya brush kecil juga Gue mesti buat pointed eye detail, kamu pintar banget sih Ini kita akan taro buat di inner corner Just to add a little bit, desi desi Kayak agak ada, eh apa tuh kebakaran di inner corner gitu, menyala-nyala gitu Kayaknya gue mau bikin dia agak gelap luarnya Masalah aja gak usah dipikirin, kan terjadi itu adalah prinsip make upan gue Kayak asal aja, itu juga jadi sendiri ya kan Lalu di blend sedikit, boleh Terus kita akan ke foundation, ini sepertinya tidak ada di brush setnya ya Foundation brushnya yang gue lihat sih cuma ini doang L-looks liquid complexion, kayak flat gitu Gue bakal coba ini, tapi ini bukan apa yang gue biasanya pake Kita akan pake foundationnya nama Ini True Skin Anti-Aging UV Filter Liquid Foundation Gue berbicara tentang ini banyak kali, gue suka ini Gue udah lama banget sih gak pake flat brush gini buat foundation Tapi gue pikir ini perfect untuk skin gue Sekarang kulit gue lagi irritasi jadi biar gak diubuk-ubuk OMG gue jadi nostalgia tau gak sih, udah lama banget gue gak pake brush gini buat foundation Tapi jaman-jaman gue awal tau makeup tuh, brush foundation tuh kayak gini semua bentukannya I might fall in love with this, ini enak banget kacau Foundationnya juga memang yang gliding enak banget gitu loh, bener-bener nyatu banget Sama kalau, do you see how nice my skin looks right now Kayak bekas jerawat atau apa gitu masih ada ya, cuma merah-merahnya udah sangat-sangat tertutupi Udah sangat mendingan banget dan masih berasa ringan luar biasa This is really really good and telling you Kayak kalau dikasih tau orang tua tuh di dengerin Terus masih dalam semangat produk lokal kita akan pake concealer ini SK Ada dua warna seperti biasa karena gue malas beli lagi Jadi kita pake apa yang ada, tapi ini warnanya gak pas Jadi aku harus mencampur dua warna gak lho Ngeri kan, ngeri orang ya kan, masa gak ngerti, kalau gak ngerti sekolah lagi aja deh mendingan Masih sekolah ya, semuanya, masih bocah ya, ah kasiun Dan tentu saja mereka punya brush concealer, ini full cover concealer dan bentuknya kayak gini Jadi kita pake aja, blush on, kita akan pake ini dari baton scarves namanya coralva Dia kayak cream blush gitu, kita gunakan brush ini lagi, foundationnya tadi Aduh gue suka banget ini brush ini, oh my god Padahal tadi ya gue kira ini gak akan kepake sama sekali tapi ternyata Karena ini berber alus banget lo harus cobain brush ini, kacau banget Do you see, like everything is so easy with this Lipsticknya azarin velvety lippy cream yang warna cream bruleh nr. 01 Eh aku belum pake mana sekarang ya ampun tunggu ya So this is the final look, gue suka banget looknya, berber simpel dan gampang banget dibuatnya Gue suka banget eyeshadow-nya, ini enak banget, semuanya yang matte, yang shimmer, semuanya berfungsi dengan baik dan benar Falloutnya hampir gak ada, kacau banget, dan gue juga suka banget brush set ini kacau Kayaknya udah lama banget gue gak segirang ini menemukan brush set karena semuanya berber alus banget dan enak banget dipakainya As you can see, kalo lo punya brush set ini ya menurut gue you have to try this one Ini berber kayak yang lo kira tadinya lo gak akan suka tapi ternyata enak banget, oh my god I'm gonna be obsessed with this, I swear to god Beklah sekian perhelatan Akbar kali ini, semoga membantu Terima kasih banyak-banyak buat nonton dan sampai jumpa di video selanjutnya, bye",6,"hai, make upan produk cobain produk lokal, duaduanya, gireng banget ngasih irritasi muka biasa, sonong main that, sabar aja pake base dulu, pake alis ya, pensil alisnya, funbo suka lihat primernya pake umbriolis kecintaan creamnya light, light, cream, constant eheh, meh multifunction moisturizer pokoknya namanya suruh baca bahasa perancis, maaf suka banget zaman kalah kayaknya lahir, mak lahir, kayaknya nenek pokoknya jaman penjajahan, pokoknya suka banget emosi, singkirkan rambutnya ratakan coba eyeshadow terbarunya sadak rikasi warna sadak, terima kasih ya, gemes banget perfect mood eye palette namanya feeling rosy, merah gitu feeling neutral, warnanya neutral feeling golden, gold brownnya gitu, gemas kayaknya pake feeling golden matte, shimmernya dan.. uuhh oh, mantap warnanya, god oke kayaknya busap kayaknya cakep banget ya, shadonya pake langsung ya, penasaran tapi, lupa, coba produk terbaru iris brush makeup gitu kolaborasi bubah, bubah alvian tuh kayak banget set muka mata brush sintetis alus banget, parah banget kayak bulu karbon brush pake brushnya malas pake eye primer, teruskan eyeshadow ee, pake warna neutral creasenya kelopak apaapalah kayak yaudah laya gitu warnawarna aman warnawarna sarankan makeup yang.. oh, buset eh, banget nih payoffnya, parah banget pigmentasinya brushnya kacau banget, alus banget, ngawar lagi, god tahu, ngebahas duaduanya terpukau cee, permain fox kilaunya terpukau, eh, apa? eh, kilaunya? eh, rose gold brushnya airis bubah nih uduh, uduh ngeri banget, ngeri banget back blending brush using darker color chocolate, brown color eh, eh, mengerti sih ngobong apa? mengerti ngobong apa, enjir taro area creasenya efek seolaholah mata gitu actually dont need anymore mata dalang, apaapa mencoba eyeshadownya pikmentasinya kacau banget way aduh, habis berani brush kak, brushnya doang kepaking ada, gigitin, kamu, pake warna goldnya pake brush kecil, menyangka brush mesti pointed eye detail, pintar banget sih taro inner corner add little bit, desi desi kayak ada, tuh kebakaran inner corner gitu, menyalanyala gitu kayaknya gelap luarnya aja dipikirin, prinsip make upan kayak aja, blend sedikit, foundation, brush setnya foundation brushnya lihat sih doang llooks liquid complexion, kayak flat gitu coba ini, pake pake foundationnya nama true skin antiaging filter liquid foundation berbicara kali, suka banget sih pake flat brush gini foundation pikir perfect skin kulit irritasi diubukubuk omg nostalgia sih, banget pake brush gini foundation jamanjaman makeup tuh, brush foundation tuh kayak gini bentukannya might fall love this, enak banget kacau foundationnya gliding enak banget gitu loh, benerbener nyatu banget kalau, see nice skin looks right kayak bekas jerawat gitu ya, merahmerahnya sangatsangat tertutupi mendingan banget berasa ringan really really good telling kayak dikasih orang tua tuh dengerin semangat produk lokal pake concealer warna malas beli pake ada, warnanya pas mencampur warna lho ngeri kan, ngeri orang kan, mengerti, mengerti sekolah aja deh mendingan sekolah ya, semuanya, bocah ya, kasiun brush concealer, full cover concealer bentuknya kayak gini pake aja, blush on, pake baton scarves namanya coralva kayak cream blush gitu, brush lagi, foundationnya aduh suka banget brush ini, god kepake berber alus banget cobain brush ini, kacau banget see, like everything easy lipsticknya azarin velvety lippy cream warna cream bruleh nr. pake ampun tunggu final look, suka banget looknya, berber simpel gampang banget suka banget eyeshadownya, enak banget, matte, shimmer, berfungsi falloutnya ada, kacau banget, suka banget brush set kacau kayaknya banget segirang menemukan brush set berber alus banget enak banget dipakainya see, brush set try one berber kayak suka enak banget, god gonna obsessed this, swear god beklah sekian perhelatan akbar kali ini, semoga membantu terima kasih banyakbanyak nonton jumpa video selanjutnya, bye"
"mau upgrade VGA PC desktop perlu ganti PSU juga nggak sih? nah, kalau upgradenya ke VGA keluaran baru sebaiknya ganti PSU juga yang udah support standar-standar terbaru ini masih kan pasokan daya ke komponen PC terjamin dan sesuai dengan standar yang dibutuhkan misalnya pakai MSI MAG A850 GLS PCIe5 PSU ini sudah punya native 12V 2x6 connector cocok nih kalau pakai GeForce RTX 50 series bisa untuk RTX 5060, RTX 5060 Ti, RTX 5070, RTX 5070 Ti sampai RTX 5080 pakai 2 kalar kabel juga bikin kita lebih mudah tahu apakah kabel sudah terpasang dengan baik mau pakai VGA yang pakai 3x8 pin PCI juga bisa PSU modular ini konekturnya melimpah kapasitas daya juga besar sampai 850W udah standar ATX 3.1 cocok buat komponen PC sampai beberapa tahun ke depan dan dia menawarkan Gold Efficiency bikin pemakaian listrik jadi lebih efisian dura bilitasnya di jamin tinggi fitur perlindungannya juga lengkap desktop PC kita aman dari bahaya akibat listrik yang tidak stabil kerasi yang panjang sampai 7 tahun PSU modern ini juga sudah siap buat desktop AI PC canggih, mumpuni, stabil, efisian dan cocok untuk PC high performance masak ini bisa untuk PC gaming maupun PC untuk cari duit jadi",4,"upgrade vga desktop ganti psu sih? nah, upgradenya vga keluaran ganti psu support standarstandar terbaru pasokan daya komponen terjamin sesuai standar dibutuhkan pakai msi mag gls pcie psu native connector cocok nih pakai geforce rtx series rtx rtx ti, rtx rtx rtx pakai kalar kabel mudah kabel terpasang pakai vga pakai pin pci psu modular konekturnya melimpah kapasitas daya standar atx cocok komponen menawarkan gold efficiency pemakaian listrik efisian dura bilitasnya jamin fitur perlindungannya lengkap desktop aman bahaya akibat listrik stabil kerasi psu modern desktop canggih, mumpuni, stabil, efisian cocok high performance masak gaming cari duit"
"laptop ini bisa main game Black Mids Mookong dan CyberPang di atas 200 fps mau render 3D lancar ini Lenovo Legion Pro 7i keluaran 2025 penampilannya gaming banget banyak RGB nya dia pake RTX 5090 dan bisa DLSS4 yang bikin frame rate game jadi tumpah-tumpah masih bisa di overclock juga biar lebih kencang prosesornya pake Intel Core Ultra 9 dengan 24 core di dalamnya NPU juga punya, buat peningin dia pake Legion Cold Front Vapor dengan Vapor Chamber jadi mampu menghandle TDP processor dengan GPU hingga 250W RAM nya langsung 32GB tapi masih bisa di upgrade SSD nya juga langsung PCIe Gen5 yang super kencang layar QHD 240Hz OLED 100% DCI-P3 mantap buat gaming esports dan editing dia juga pake Legion terus try keyboard yang nyaman buat main game atau kerja baterai 80W ada rapid charge, Wi-Fi 7 dan Thunderbolt 4 juga ada garansinya 3 tahun dengan ADP kalau dia jatuh ketupan cahiran atau kena Core Stratelistrik tetap aman kandika 100% sama Lenovo bisa di claim berkali-kali pula",6,"komputer jinjing main permainan black myth wukong cyberpunk fps render lancar lenovo legion pro keluaran penampilannya gaming banget rgb nya pake rtx dlss frame rate permainan tumpahtumpah overclock kencang prosesornya pake intel core ultra core dalamnya npu punya, peningin pake legion cold front vapor vapor chamber menghandle tdp processor gpu ram nya langsung upgrade ssd nya langsung pcie gen super kencang layar qhd oled dcip mantap gaming esports editing pake legion try keyboard nyaman main permainan kerja baterai rapid charge, wifi thunderbolt garansinya adp jatuh ketupan cahiran kena core stratelistrik aman kandika lenovo claim berkalikali"
"gitu, aku pengen ke soro sih tapi gak ada yang ngajak terlalu gue mesefa ke gaya, dikit gak? ya yang mari dorhan nih jago otomatik nih videonya nonton kan, ajetan sefa hadah, Farhan Farhan bikin konten apaan sih jadi gue di tek-tek kan by the way, gue kan udah perang ajak lu kemarin ya udah gue bantuin ya, sampe bisa beli mobil ya cuma kemarin tuh udah salah kostum kayaknya belum mandi juga gitu loh terus kan tahun itu dia di ajak kenapa tahunnya harus diajak lagi gitu kalo mau ke sana tuh, effort sendiri lah gitu gak enak soalnya kalo sama Sefa di ketawat, wah kok dia begitu ya udah diajak kemarin, mending kita diajak lagi lu njak gitu enak juga gak mau prasite gue nanti kalo dia tau ya kan dan gue bisa di tek-tek lah, prasite gue lah cuma dimensihan aja",6,"gitu, soro sih ngajak mesefa gaya, dikit tidak? mari dorhan nih jago otomatik nih videonya nonton kan, ajetan sefa hadah, farhan farhan konten sih tiktok way, perang ajak kemarin bantuin ya, sampe beli mobil kemarin tuh salah kostum kayaknya mandi gitu loh ajak tahunnya diajak gitu tuh, effort gitu enak sefa ketawat, diajak kemarin, mending diajak njak gitu enak prasite tiktok lah, prasite dimensihan aja"
"banyak banget yang nanya sama aku kalau doktor hewan up to pulih ya kita koas gak ya? nah sama seperti jurosan kedokteran lainnya kita koas juga ya setelah kita lulus S1 atau sarjana kedokteran hewan kita ambil koasistensi selama 1,5 sampai 2 tahun pada saat koasistensi kita lebih banyak terjun kelapangan dan mempraktikkan ilmu-ilmu yang sudah diajarkan pada saat S1 pada saat koasistensi memang akan ada rotasi misalnya 2 bulan kita belajar unga selalu 2 bulan berikutnya kita belajar anjing kucing kemudian 2 bulan berikutnya kita belajar kuda semua akan tergantung dengan peraturan universitas masing-masing pada saat koas itu pressure banget ya karena kita dituntut untuk bisa mengilasakan kasus mandiri dalam jangka waktu yang seingkat ini contohnya kemarin ada 2 masis suaku asistensi dari unibrow yang ikut tujian doktor-dokter di doktor ikan Indonesia disini mereka akan kita ajarin semua dimulai dari handling sampai mereka mencoba operasi ikan mas kita berusaha banget untuk kasih bekal ilmu yang cukup buat mereka ada yang mau koas di tempat aku",6,banget nanya doktor hewan pulih koas ya? jurosan kedokteran koas lulus sarjana kedokteran hewan ambil koasistensi koasistensi terjun kelapangan mempraktikkan ilmuilmu diajarkan koasistensi rotasi belajar unga belajar anjing kucing belajar kuda tergantung peraturan universitas masingmasing koas pressure banget dituntut mengilasakan mandiri jangka seingkat contohnya kemarin masis suaku asistensi unibrow tujian doktordokter doktor ikan indonesia ajarin handling mencoba operasi ikan mas berusaha banget kasih bekal ilmu koas
"kalau kalian sampai sekarang masih males-malesan, board out please banget tolong minimal kalian tuh ngelakuin squat ya buat nguatin otot kaki kalian atau kalau misalnya kalian lututnya bermasalah, kalian kelihatan berat badan atau udah lanjut usia, minimal reverse lungjus lah ini latihan ngaki juga tapi ramah buat orang-orang yang aku sebutin tadi kalau belum jasih bang sampe pegangan kursi gini pun juga udah oke banget kok please ya, karena apa? ya karena kaki kita tuh bener-bener kepake buat aktivitas dari hari kejalan tolong 4x4 atau kalian ngangkat barang atau apapun lah itu tuh semuanya pake kaki ya jadi please banget, pake kaki kalian sama perbanyak jalan kaki gini ya jangan males oke, share video ini ke temen-temen kalian yang pasti pada males walk out biar works on his leg atau her leg, their leg oke",4,"malesmalesan, board please banget tolong minimal tuh ngelakuin squat nguatin otot kaki lututnya bermasalah, berat badan usia, minimal reverse lungjus latihan ngaki ramah orangorang sebutin jasih bang sampe pegangan kursi gini oke banget please ya, apa? kaki tuh benerbener kepake aktivitas kejalan tolong ngangkat barang apapun tuh pake kaki please banget, pake kaki perbanyak jalan kaki gini males oke, share video temanteman males walk works leg leg, leg oke"
"sekilas tampilannya mulus, usian juga muda dan ngakunya penat terabas banjir sedikit kalau nemu seniya yang kayak gini kira-kira bakal dibeli atau engga nih temuan pertama ternyata seniya ini aslinya berplat e-cirabon tapi tim kita nemunya jauh banget di mataram NTV pindahnya si jauh tapi ternyata masalahnya ikut juga begitu dicek lebih dalam, astaga! kolong steer dan bawah jog depan udah diserang karat parah ini tanda-tanda kelasik mobil yang pernah nyemplung ke banjir lanjut ke baris tengah, break it jog, full karat lantai dasar juga gak kalah serem, kotor, lembab dan masih tercium bahwa khas sisa air yang pernah masuk kabin dan ini yang paling nyesek, area bagasi, karatnya makin jadi dan sisa-sisa air masih nangkring manis di pojokan bener-bener kenangan banjir yang gak bisa dilupakan jadi meskipun mobil ini masih muda, catatan kondisinya lumayan berat buat kamu yang lagi cari mobil bekas jangan cuma liat body luar pastikan dicek total luar dalam biar gak beli kucing dalam karung kejadian kayak gini tuh sering banget kejadian supaya aman, panggil aja timur inspeksi cukup dengan 150 ribu untuk inspeksi menyeluruh plus laporan lengkap dan konsultasi mau lebih detail, tambah 50 ribu aja buat dapetin laporan kondisi sistem elektrik dari OBD langsung aja hubungi mau inspeksi dengan klik link di bayu Instagram untuk informasi lebih lanjut ya atal tinggal pilih mobil bekas yang udah lelos inspeksi dari dealer-diller terverbikasi di website Meladin di jamin, aman",5,"sekilas tampilannya mulus, usian muda ngakunya penat terabas banjir nemu seniya kayak gini kirakira dibeli engga nih temuan seniya aslinya berplat ecirabon tim nemunya banget mataram ntv pindahnya dicek dalam, astaga! kolong steer jog diserang karat parah tandatanda kelasik mobil nyemplung banjir baris tengah, break jog, full karat lantai dasar kalah serem, kotor, lembab tercium khas sisa air masuk kabin nyesek, area bagasi, karatnya sisasisa air nangkring manis pojokan benerbener kenangan banjir dilupakan mobil muda, catatan kondisinya lumayan berat cari mobil bekas liat body pastikan dicek total beli kucing karung kejadian kayak gini tuh banget kejadian aman, panggil aja timur inspeksi ribu inspeksi plus laporan lengkap konsultasi detail, ribu aja dapetin laporan kondisi sistem elektrik obd langsung aja hubungi inspeksi klik link bayu instagram informasi atal tinggal pilih mobil bekas lelos inspeksi dealerdiller terverbikasi website meladin jamin, aman"
"Kebanyakan orang berpikir ini obat yang terbaik. Tapi sebenernya ini obat yang terbaik. Ilmuwan Yunani Hippocrates berkata, jadikanlah makanan sebagai obat bagi tubuh kita. By the way, hippocrates adalah bapak ke doktoran modian. Kebanyakan penyakit jaman sekarang seperti darah tinggi, diabetes, obesitas, asam urad dan masih banyak lagi disebabkan oleh gaya hidup yang tidak sehat, terutama pola makanan yang tidak teratur. Karena makanan dan minuman yang kamu konsumsi setiap hari bisa menjadi sumber kesehatan atau sumber penyakit. Simpenya menambahkan refoods dan mengurangi makanan kemasan. Protein, sayur, buah, dan kabuhi yang tidak kompleks harus menjadi makanan pokok kamu, bukan makanan seperti ini. Intinya utamakan ini supaya kamu bisa bebas dari ini atau tidak atur pola makanan kamu, tapi nanti kamu diatur oleh ini.",7,"kebanyakan orang berpikir obat terbaik. sebenernya obat terbaik. ilmuwan yunani hippocrates berkata, jadikanlah makanan obat tubuh kita. way, hippocrates doktoran modian. kebanyakan penyakit jaman darah tinggi, diabetes, obesitas, asam urad disebabkan gaya hidup sehat, pola makanan teratur. makanan minuman konsumsi sumber kesehatan sumber penyakit. simpenya refoods mengurangi makanan kemasan. protein, sayur, buah, kabuhi kompleks makanan pokok kamu, makanan ini. intinya utamakan bebas atur pola makanan kamu, diatur ini."
"kalau kalian belum pernah dateng ke gym sama sekali dan pengen cobain tapi bingung kalau pas dateng itu harus ngapain dulu, caranya gimana, apapun itulah sini apa sih tau, step by step nya perhatiin ya hal pertama yang paling penting dan harus kalian cari tau itu adalah cari gym yang bisa bayar harian atau punya fitur free trial informasi ini bisa kalian cari di Google Maps oke, kalau udah nemu gym yang mau dituju, langsung gas berangkat dan bayar yaitu hariannya atau pakai fitur free trialnya itu kalau gym yang aku dateng ini bisa harian ya harganya perkundungan 35.000 abis itu kalian bisa taruh bareng-bareng kalian di locker gym ya terus bawa bareng yang penting aja kayak botol buat minum abis itu handup buat ngapkeringat sama handphone kalau misalnya kalian mau ngerkam atau mau nonton tutorial di YouTube atau IG gitu nah abis itu kalian bisa ganti baju buat gas workout dan udah deh kalian bisa mulai nge-gym kalau misalnya kalian bingung cara pakai aratnya gimana kalian bisa antara tanya keputusan gas gym yang di front desk aja temennya udah berpanggangan sama nge-gym ya bisa tanya-tanya kontek tutorial video di YouTube atau Instagram atau TikTok dan kalau ada budget lebih bisa coba pakai personal trainer nah kalau udah saya nge-gym kalian bisa ambil baju kalian tadi buat nganti baju atau langsung ambil bareng-bareng kalian kalau mau langsung pulang dang nah kalau gym yang kalian dateng ini bisa cocok ya udah langsung aja gas member kayak 1 bulan 3 bulan atau 6 bulan biar lebih konsisten dan biar nya lebih murah tapi kalau misalnya nggak cocok ya udah pindah gym lain jadi gimana? udah mencernakan belum? kalau misalnya kalian punya pertanyaan lain yang belum sempet ku jelasin di video ini bisa di kolom komentar ya share video ini kalau mau nonton faat stay hard",7,"dateng gym cobain bingung pas dateng ngapain dulu, gimana, apapun sih tahu, step step nya perhatiin cari cari gym bayar harian fitur free trial informasi cari google maps oke, nemu gym dituju, langsung gas berangkat bayar hariannya pakai fitur free trialnya gym dateng harian harganya perkundungan habis taruh barengbareng locker gym bawa bareng aja kayak botol minum habis handup ngapkeringat handphone ngerkam nonton tutorial youtube gitu habis ganti baju gas workout deh ngegym bingung pakai aratnya gimana keputusan gas gym front desk aja temennya berpanggangan ngegym tanyatanya kontek tutorial video youtube instagram tiktok budget coba pakai personal trainer ngegym ambil baju nganti baju langsung ambil barengbareng langsung pulang dang gym dateng cocok langsung aja gas member kayak konsisten nya murah cocok pindah gym gimana? mencernakan belum? sempet jelasin video kolom komentar share video nonton faat stay hard"
"ini bakalan ada, pokoknya rencana kedepan bakalan ada 60 kan yang desain-desain baru ya, Ma? desain-desain baru, ya jadi tadi buat yang nanya, ya, aku baca dulu, Gijo Merah 1,50,000 rupiah hai, Aru oh, jadi bakalan jadi kan yang terbangkan? ada, ada halo, semuanya ini adalah produk terbaru dari Kral, halo Alvin Murada Aryan Toy Bikono Nita, Juan Nita ini saya perkenalkan, ini adalah Free didalamnya ada dari Kral lagi yang kalau beli hoodie, dapat ini ya bagus mana sama Yonek Jar? kalau buat gajian sih bagus, Yonek, tapi ini saya promosi dulu buat ini partner saya dulu biar pibernya Rian dikit, tunggu dulu pokoknya ini enak banget enak banget ini saya lagi nonton live-nya dia, sekalian saya juga promoin jadi, jadi kalau misalkan kalian beli hoodie-nya, David Prenny itu pokoknya murah banget, ini kualitasnya bagus juga, hoodie-nya kalian harus beli hoodie dari Karyarian Ardianto Label dia juga lagi nonton saya nih ada testimonie dari jadi, dia lagi nonton kenapa viewer kita berkurang karena jadi, ini pibernya cuma 500, dan sekarang saya tuh 900 makanya pibernya ke sini ini, apa namanya itu? bentar ya, pibernya jadi ke saya semua jadi sekali lagi, sebelum kita tutup, buat teman-teman yang mengikutan Lelang tadi, 5 produk tersebut saya perkenalkan hoodie-nya untuk memdesain, selakan, tuliskan, spesifikasi warnanya, dan harganya aduh, tuh, nunggu kenapa di bawah, Abang? ada, hi, Alang, Itam, Benar, 1 juta ini hoodie-nya guys jadi, beli ini, beli hoodie dari Kral ini, gratis masker ini alah, hape-nya aja tuh, maskernya tuh bagus dan hoodie-nya tuh, ini ya, bagus banget ya, saya coba pakai ya pokoknya, ini enak banget hoodie-nya aduh nih, hoodie-nya tuh gini, keren banget kan, toh bisa, set, set, set, set apalagi yang mau ke puncak, yang ke gunung-gunung, pake hoodie-nya keren, apalagi dipake orang-orang yang keren, jadi tambah keren apalagi sekarang lagi mesti move corona, mesti move pandemi jadi harus di, atau yang akhir nih aduh oke, masker hmm, keren banget kan, hoodie-nya kaya gini, maskernya kaya gini kalian yang mau naik motor, naik kemana-mana juga keren pokoknya sekarang, kalau hoodie-nya pengen samaan sama saya juga ini hoodie yang saya mau warnanya putih, eh putih, sama biru pokoknya langsung di order, ini saya pake pribadi ukuran L ya, saya pribadi ukuran L ini pas banget disaya, kalian tergantung badan kalian, segimana pokoknya ini hoodie-nya enak banget cuma harganya 300 ribu kayanya ya, kayanya sih 300 ribu maafkan rembut saya, guys, karena udah panjang pokoknya ini cocok banget buat new normal, bener banget Ganevi ini cocok banget buat new normal, hoodie-nya keren tambah free masker dari kral, nih kral, karya rian rian to level, tapi ini rembut saya udah kaya gini pokoknya keren banget kalau saya udah jadi kaya model, gini nih foto ini hmm udah, udah cocok banget kan pokoknya langsung di order, ini jaket hoodie-nya yang rekommendit buat saya, pokoknya warna biru sama putih ini, saya suka banget warna ini, jadi saya minta yang ini pokoknya kalian harus, apa namanya itu harus order sekarang juga biar nanti kalau kalian order kan nama penghasilan buat partner saya juga jadi dia langsung, apa ada hatinya tuh bahagia jadi mainnya juga jadi senang gitu senang dan semangat, pokoknya kalian di order k r a l l, karya rian rian to level saya dapet free dari dia, kalau nggak dapet free ya saya nggak umpanin, depan-depannya dia nggak bisa nyemes jadi pokoknya kalian harus beli ini, hoodie-nya keren banget serius, tapi nggak boong, ini nggak solus-solus, pokoknya enak banget adem juga, jadi jaket bukan adem ya, nggak panas juga tapi bikin anget gitu, pokoknya bisa dipake di Indonesia lah pokoknya khususnya di Indonesia ini, nggak panas, nggak gerah, pokoknya enak banget pokoknya sekarang juga kalian harus beli, oke di adk r a l l dot id kalau nggak di nggak tau pesannya di mana, pokoknya di websitenya dia ya pokoknya terima kasih, thank you",4,"ada, pokoknya rencana kedepan desaindesain ya, ma? desaindesain baru, nanya, ya, baca dulu, gijo merah rupiah hai, aru oh, terbangkan? ada, halo, produk terbaru kral, halo alvin murada aryan toy bikono nita, juan nita perkenalkan, free didalamnya kral beli hoodie, bagus yonek jar? gajian sih bagus, yonek, promosi partner pibernya rian dikit, tunggu pokoknya enak banget enak banget nonton livenya dia, promoin jadi, beli hoodienya, david prenny pokoknya murah banget, kualitasnya bagus juga, hoodienya beli hoodie karyarian ardianto label nonton nih testimonie jadi, nonton viewer berkurang jadi, pibernya tuh pibernya ini, namanya itu? bentar ya, pibernya lagi, tutup, temanteman mengikutan lelang tadi, produk perkenalkan hoodienya memdesain, selakan, tuliskan, spesifikasi warnanya, harganya aduh, tuh, nunggu bawah, abang? ada, hi, alang, itam, benar, juta hoodienya guys jadi, beli ini, beli hoodie kral ini, gratis masker alah, hapenya aja tuh, maskernya tuh bagus hoodienya tuh, ya, bagus banget ya, coba pakai pokoknya, enak banget hoodienya aduh nih, hoodienya tuh gini, keren banget kan, bisa, set, set, set, set puncak, gununggunung, pake hoodienya keren, dipake orangorang keren, keren mesti move corona, mesti move pandemi di, nih aduh oke, masker hmm, keren banget kan, hoodienya kaya gini, maskernya kaya gini motor, kemanamana keren pokoknya sekarang, hoodienya samaan hoodie warnanya putih, putih, biru pokoknya langsung order, pake pribadi ukuran ya, pribadi ukuran pas banget disaya, tergantung badan kalian, segimana pokoknya hoodienya enak banget harganya ribu kayanya ya, kayanya sih ribu maafkan rembut saya, guys, pokoknya cocok banget new normal, bener banget ganevi cocok banget new normal, hoodienya keren free masker kral, nih kral, karya rian rian level, rembut kaya gini pokoknya keren banget kaya model, gini nih foto hmm sudah, cocok banget pokoknya langsung order, jaket hoodienya rekommendit saya, pokoknya warna biru putih ini, suka banget warna ini, pokoknya harus, namanya order order nama penghasilan partner langsung, hatinya tuh bahagia mainnya senang gitu senang semangat, pokoknya order karya rian rian level dapet free dia, dapet free umpanin, depandepannya nyemes pokoknya beli ini, hoodienya keren banget serius, boong, solussolus, pokoknya enak banget adem juga, jaket adem ya, panas anget gitu, pokoknya dipake indonesia pokoknya indonesia ini, panas, gerah, pokoknya enak banget pokoknya beli, oke adk dot pesannya mana, pokoknya websitenya pokoknya terima kasih, thank"
"Kamu bisa tahu, kalau hamil cuma dari tanda-tanda ini. Tanpa tespek, sebenarnya kehamilan bisa dikenali dari perubahan fisik lo. Pertama, dari yang paling umum, sering mual dan muntah di pagi hari. Karena faktanya, hampir 50 persen wanita hamil mengalami ini lo. Kedua, payudara terasa lebih kencang dan nyari. Kadang, warna puting berubah jadi lebih gelap dan menonjol. Ketiga, perut kembung. Sering kali disalahartikan asam lambung naik nih. Padahal bukan lo. Ini terjadi karena ada peningkatan hormon progesteron saat hamil ya. Terakhir, kram perut. Yang berbeda dengan gejala menstruasi, biasanya cuma di satu sisi dan sebentar aja. Nah, kalau kamu sudah merasakan tanda-tanda tadi, you segera periksa kan diri ke dokter ya. Klik follow dan save videonya biar nggak ketinggalan dapetin informasi menarik lainnya ya sobat sehat.",6,"tahu, hamil tandatanda ini. tespek, kehamilan dikenali perubahan fisik kamu. pertama, umum, mual muntah pagi hari. faktanya, persen wanita hamil mengalami kamu. kedua, payudara kencang nyari. kadang, warna puting berubah gelap menonjol. ketiga, perut kembung. kali disalahartikan asam lambung nih. kamu. peningkatan hormon progesteron hamil ya. terakhir, kram perut. berbeda gejala menstruasi, sisi sebentar aja. nah, merasakan tandatanda tadi, periksa dokter ya. klik follow save videonya ketinggalan dapetin informasi menarik sobat sehat."
"ada motor baru nih tapi bukan dapet helm, bukan dapet jakat tapi dapetnya buat 3 buat 3 ya mana? aduh ada 3 nya bingusan loh kusit bingusan gini loh dia diketanikan nah ini yang unik ini yang gede banget ya harus dibuat ini kan cuma satu tanah jadi baterai nya ada 2 nya bukan sebarang nya nih dan baterai nya ada satu-satu undas upi ini kot banget loh untuk pejepit nya ya gini tarat ayo masuk coba nyalang ya terima kasih terima kasih media 1721 oh suku lah 100% masih baru banget oh doanya baru 5 kilo keraian motor cuma 76 kilo tapi 2 baterai pun dengan trigger ya itu pakai standar loh badal kalau pakai spot itu sama deh jadi mungkin akan berkurang ketika dibakai jalan jalan biar sampai rumah pakai ekon deh ayo an ya asik terikan malam ini aja terima kasih",6,"motor nih dapet helm, dapet jakat dapetnya mana? aduh nya bingusan loh kusit bingusan gini loh diketanikan unik gede banget tanah baterai nya nya sebarang nya nih baterai nya satusatu undas upi kot banget loh pejepit nya gini tarat ayo masuk coba nyalang terima kasih terima kasih media suku banget doanya kilo keraian motor kilo baterai trigger pakai standar loh badal pakai spot deh berkurang dibakai jalan jalan rumah pakai ekon deh ayo asik terikan malam aja terima kasih"
"Kenar roasting oca, tenang pasti pingnya yang ini udah sesuai dress code Buku Su Curtis di restoran lembaga SK- reasons Terima kasih.",6,"kenar roasting oca, tenang pingnya sesuai dress code buku curtis restoran lembaga reasons terima kasih."
"Apa? Nungguin kadusnya karena kepala terus ke sakitan dan lemah? Belum mungkin lah! Pasisan tubuh imun wanita terbukti lebih kuat dibanding piya. Menurut peneliti yang juga, hormon ekstralgan di tubuh wanita bikin respor imun lebih api ploh. Makanya nggak heran deh kalo wanita lagi sakit itu lebih cepat sembuhnya. Nah selain itu juga kalo mosom X yang lebih banyak pada tubuh wanita mau buat sesem imun kebuh lebih kuat. Nah makanya jangan nge-remehin wanita ya. Kita mah kalo sakit masih tetep mantor, tetep masak, tetep dandan, dan tetep kuat. Arti ini bukan cuma kuat di hati tapi juga kuat di imun. Selamat hari kartini untuk wanita di Indonesia!",4,"apa? nungguin kadusnya kepala sakitan lemah? lah! pasisan tubuh imun wanita terbukti kuat dibanding piya. peneliti juga, hormon ekstralgan tubuh wanita respor imun api ploh. heran deh wanita sakit cepat sembuhnya. mosom tubuh wanita sesem imun kebuh kuat. ngeremehin wanita ya. mah sakit tetep mantor, tetep masak, tetep dandan, tetep kuat. arti kuat hati kuat imun. selamat kartini wanita indonesia!"
"Fans HP Kompak yang berbahagia, kenalin Xiaomi 15, HP 6.36 inch dengan spek monster. Kita unboxing dulu dong, desain kotak warna putih dengan tulisan Xiaomi 15 dan nggak ketinggalan ganda dengan si Leica. Leica yang warnanya berkarakter makin sedap kalau foto di lapangan. Kayak gini, pas saya ke pasar beliin titipan istri, berasa lebih keren ya, lebih dramatis. Makin kelapangan, trio kamera 50MP makin garang. HP kecil yang nggak nanggung soal kamera ya. Lanjut unboxing, isinya ada casing, ada ucapan terima kasih, ada Xiaomi 15 ya, ada kabel USB A2 USB C, dan charger 90W. Desain HPnya lumayan mirip Xiaomi 14 ya, bentuk kameranya kotak, frame juga lebih kotak kaku, yang bahannya dari aluminium ya. Kacau belakangnya punya tekstur matte, dan tentu aja HPnya tahan air. Bezel airnya, hmm, tipis 1,38 mm doang. Screen to body ratio sampai 94%. Jadi nggak buang-buang ruang, dan bikin body HPnya bisa lebih ramping lagi. Dan hebatnya, body yang kecil ini nggak jadi batasan buat performanya. Prosesor tetep yang paling baru, paling kencang Snapdragon 8 Elite. Baterai tetep gede, sampai 5.240 mAh dengan charging 90W, wireless charging 50W. Xiaomi 15, user HP compact makin berbahagia deh. Performa nggak kepentok ukuran lagi. Buat reviewnya udah tayang di Youtube ya. Kalau pengen info yang lebih detail, soal Xiaomi 15 bisa langsung mampir saya kesana.",4,"fans kompak berbahagia, kenalin xiaomi inch spek monster. unboxing dong, desain kotak warna putih tulisan xiaomi ketinggalan ganda leica. leica warnanya berkarakter sedap foto lapangan. kayak gini, pas pasar beliin titipan istri, berasa keren ya, dramatis. kelapangan, trio kamera garang. nanggung kamera ya. unboxing, isinya casing, ucapan terima kasih, xiaomi ya, kabel usb usb charger desain hpnya lumayan xiaomi ya, bentuk kameranya kotak, frame kotak kaku, bahannya aluminium ya. kacau belakangnya tekstur matte, aja hpnya tahan air. bezel airnya, hmm, tipis doang. screen body ratio buangbuang ruang, body hpnya ramping lagi. hebatnya, body batasan performanya. prosesor tetep baru, kencang snapdragon elite. baterai tetep gede, mah charging wireless charging xiaomi user compact berbahagia deh. performa kepentok ukuran lagi. reviewnya tayang youtube ya. info detail, xiaomi langsung mampir kesana."
"Tips mudah melakukan tendangan cok-cok Disclaimer ini menurut gue ya dan mohon koreksinya jika gue salah Jadi yang pertama itu tendang menggunakan ujung kaki Yang kedua perkenaan bola itu ada di bagian tengah Yang ketiga, kunci ankle dan kuatkan jari-jari kalian Agar powernya itu berasa dan mengerikan buat tipper Yang keempat, ayunan kaki ke atas, badan tengak tapi agak nunggu sedikit nih kayak gini nih Kemudian yang kelima jangan lupa untuk gerakan setelah menendangnya atau gerakan kalau true Oke guys, jadi itu aja, kira-kira mau tips apa lagi nih coba komen ya",4,"tips mudah tendangan cokcok disclaimer mohon koreksinya salah tendang ujung kaki perkenaan bola ketiga, kunci ankle kuatkan jarijari powernya berasa mengerikan tipper keempat, ayunan kaki atas, badan tengak nunggu nih kayak gini nih lupa gerakan menendangnya gerakan true oke guys, aja, kirakira tips nih coba komen"
ini dia produk yang wajib dibeli pas kalian dapet THR pertama gel cleansernya Warda yang her leaf l8 kli NMF Amino linsert yang gentle dan cocok banget untuk kulit yang kluit dengan her leaf XR8 kli NMF Amino yang dapat menanangkan kemerahan dan pilembatkan kulit ia menyateksur gel yang lembut banget jujur aku suka banget karena dia bikin kulit jauh lebih terhidrasi apalagi saat puasa kayak gini dia ga ninggalin rasa kering ketarik pas udah dibilas super high-dry tingpoknya aku suka banget yang kedua tone up sunscreen dari Warda juga ia mengganung SPF 50 plus PA++++ yang menariknya lagi dia itu sunscreen yang ring kesempatan ini udah trin 1 bisa dijadikan sebagai sunscreen primer dan juga udah ada tone upnya ini cocok banget libo dipake albarenan seurnya juga mudah banget dible pake nontok wit and with hotnya kulit aku kelihatan lebih cerah dan glowing banget sedikit lembak dan nyaman banget di kulit dia nge-linkin sama sekali dan ringan banget di kulit hanya dibis combo yang bikin kulit sehat dan cerah saat lebaranan jadi jangan lupa cek kok ya kalau udah dapet THR,6,produk wajib dibeli pas dapet thr gel cleansernya warda leaf kli nmf amino linsert gentle cocok banget kulit kluit leaf kli nmf amino menanangkan kemerahan pilembatkan kulit menyateksur gel lembut banget jujur suka banget kulit terhidrasi puasa kayak gini ninggalin kering ketarik pas dibilas super highdry tingpoknya suka banget tone sunscreen warda mengganung spf plus menariknya sunscreen ring kesempatan trin dijadikan sunscreen primer tone upnya cocok banget libo dipake albarenan seurnya mudah banget dible pake nontok wit hotnya kulit cerah glowing banget lembak nyaman banget kulit ngelinkin ringan banget kulit dibis combo kulit sehat cerah lebaranan lupa cek dapet thr
"Kami saat pertama dengar soal tablet ini juga kaget. Hah? Infinix pake Snapdragon. Nah, buat kalian suka protes Infinix, gua SOC nya itu lagi, itu lagi. Nih, Infinix Xperia GT. SOC nya pake Snapdragon 888, RAM 8GB, storage 256GB. Konektivitasnya Wi-Fi only, jadi nggak bisa pake SIM card. Batres 10.000 mAh, charging 33W. Performanya untuk game yang benar, tergolong mumpuni. Masih lancar. Infinix ketemu Snapdragon 888. Panas nggak nih? Nih, kami stress test. SOC nya cuma sampai 41 derajat sehysius aja. Stabilitinya juga 98%. Dipake main game sini, pake lancar di 40an IPS. Setengah jam nggak turun performanya. SOC juga aman, terpanas 42 derajat sehysius aja. Ternyata 888 kalau taruh tablet, rasa nya lebih pas ya. Dipadukan dengan layar besar 13 inch IPS 144Hz. Bikin pengalaman gaming nya, rasa lebih immersif. Layarnya juga mantap, bisa sampai 700 nits. Untuk kepuluan nonton, udah asik speaker juga ada 4 kotes waranya sangat menggelegar. Dan menurut saya lagi, dalam periksa jualnya sudah termasuk stylus dan keyboard case. Keyboard case nya, bahkan ada trackpad nya juga. Ada aja kejutan dari Infinix.",6,"dengar tablet kaget. hah? infinix pake snapdragon. nah, suka protes infinix, soc nya lagi, lagi. nih, infinix xperia gt. soc nya pake snapdragon ram gb, storage gb. konektivitasnya wifi only, pake sim card. batres mah, charging performanya permainan benar, tergolong mumpuni. lancar. infinix ketemu snapdragon panas nih? nih, stress test. soc nya derajat sehysius aja. stabilitinya dipake main permainan sini, pake lancar ips. jam turun performanya. soc aman, terpanas derajat sehysius aja. taruh tablet, nya pas ya. dipadukan layar inch ips hz. pengalaman gaming nya, immersif. layarnya mantap, nits. kepuluan nonton, asik speaker kotes waranya menggelegar. lagi, periksa jualnya stylus keyboard case. keyboard case nya, trackpad nya juga. aja kejutan infinix."
"Buat pemula gimana setelah itu? Teknik live yang benar? Nah, kalau buat pemula, yang pertama itu perhatikan cara kita menapa kaki. Jadi jari-jari kita itu harus jam 12 dan tumit kita jam 6. Itu paling penting, setelah itu kita melangkap perlahan ke depan setengah menjingip atau bahasannya adalah mid-food. Kita lautan perlahan, berjalan, kita tambah kecepatan sedikit-sedikit sampai kita mulai joging dan berlari. Dan itu harus diulang di awal dan perkalikan. Kita langsung kita coba aja. Oke, let's go!",6,"pemula gimana itu? teknik live benar? nah, pemula, perhatikan menapa kaki. jarijari jam tumit jam penting, melangkap perlahan menjingip bahasannya midfood. lautan perlahan, berjalan, kecepatan sedikitsedikit joging berlari. diulang perkalikan. langsung coba aja. oke, lets go!"
"Biker asal Indonesia ini terjemak di border permataan Thailand selama 12 hari karena ada aturan baru. Pada episode sebelumnya, kami sudah menyetir dari Malaysia dan tinggal di motor di Johor baru untuk lanjut backpacker ke Singapura. Nah setelah kelas eksplode ke Singapur, kami pun lanjut menyetir menuju ke border Thailand. Dulu nya buat melintas ke Thailand itu semua normal aja selama dokumen lengkap pasti tinggal ngampan melintas border aja. Maseranya adalah ternyata ada aturan baru yang baru ditegakkan beberapa minggu lalu ya. Mobil di luar Malaysia dan Singapura ya, waktu itu di luarnya wajib ada suara rekomendasi dari kedua tahan. Bahkan di border itu sudah dikasih kontek level agent buat menusin kita. Jadi ini memang legal yang nggak dibuat-buat gitu loh. Dan biar itu mal ya, rupanya itu masuk ke border butuh biar sekitar $550 per kendaraan sekitar yang langsung 6 jutaan lah ya. Dan aturan ini sudah berlaku di semua border ya, baik-baiknya. Border yang betong atau border yang sadau. Dan info ini kami dapat dari bang Daeng yang sudah tertahan berhari-hari di border. So ya berkat info real, kami itu sudah ajuin-rup perngit sebelum masuk ke Thailand. Ya sekitar 4-5 hari sebelumnya ya. Jadi dia kovirmasi langsung menintas. Pokoknya terima kasih banget buat bang Daeng ya. Moral sih tanya adalah kita nggak bisa jadi infatokan pengalaman orang-orang sebelumnya. Setelah itu aturan border bisa berubah kapan pun. Dan kalau mau aman ya, selalu spare waktu lebih-lebih ya. Karena itu selalu kalau road trip lita segarah, problemnya itu kayak diadministrasi dan banyak hal di luar prediksi. So ya itu lah update untuk penjalan kita yang keliling road trip ASEAN ini. Semoga info ini membantu. Dan kalau kamu ada update atau mau naik-naik sebetul itu, info di kolom komentar ya. Habis dari Thailand kami akan langsung jauh-jauh-jauh menuju ke Cambodia. Dapat info nih sekarang Cambodia lagi ada problem dengan border Thailand. Kita belum tahu ya, cuma ada berbagai info katanya ada border yang aman, ada border konflik. So ya tunggu update kami. Da-dah!",6,"biker indonesia terjemak border permataan thailand aturan baru. episode sebelumnya, menyetir malaysia tinggal motor johor backpacker singapura. kelas eksplode singapur, menyetir border thailand. nya melintas thailand normal aja dokumen lengkap tinggal ngampan melintas border aja. maseranya aturan ditegakkan minggu ya. mobil malaysia singapura ya, luarnya wajib suara rekomendasi tahan. border dikasih kontek level agent menusin kita. legal dibuatbuat gitu loh. mal ya, masuk border butuh kendaraan langsung jutaan ya. aturan berlaku border ya, baikbaiknya. border betong border sadau. info bang daeng tertahan berharihari border. berkat info real, ajuinrup perngit masuk thailand. ya. kovirmasi langsung menintas. pokoknya terima kasih banget bang daeng ya. moral sih infatokan pengalaman orangorang sebelumnya. aturan border berubah pun. aman ya, spare lebihlebih ya. road trip lita segarah, problemnya kayak diadministrasi prediksi. update penjalan keliling road trip asean ini. semoga info membantu. update naiknaik sebetul itu, info kolom komentar ya. habis thailand langsung jauhjauhjauh cambodia. info nih cambodia problem border thailand. ya, info border aman, border konflik. tunggu update kami. dadah!"
"Akhirnya gue ikut event lari lagi setelah skip satu tahun Injau nih gue ke Bandung dan bangun di pagi buta demi ikut acara DoFestRan 2025 ini Pas larinya dimulai, drama gue pun ikut dimulai Ibat-tiba perut gue tuh keram banget gak karuan Tapi gue gak videoin Pas posisi perut gue full, semuanya keram banget itu gue udah gak fokus deh buat video-videoin Pokoknya gue fokus sama diri gue sendiri aja harus kuat sampai ke Garis Finish Karena selama proses keram perut itu gue udah mulai panik banget Soalnya itu tuh berlangsung lumayan lama sampai 2,5 km gue bener-bener full keram perut Tapi ya gue lawan semua rasa sakit itu karena gue gak mau kalah Gue harus bisa kuat, semangat sampai finish line Dan sampe akhirnya gue pun berhasil guys sampai finish line Walaupun ini gak sesuai target gue ya Tapi gue udah berhasil finish di 37 menit untuk 5K Nah pas udah selesai lari gue kos hal pokoknya sama kerumanan ini Karena panjang banget ini ngantrinya Dan ternyata guys ini tuh butnya pil kita yang lagi dikrumunin orang-orang Karena disini tuh setiap pembelian minimal 25 ribu Kita tuh bisa dapetin grafir medali oh Nih kalian lihat deh medali gue jadi ada tulisan nama gue dan menit gue finish Akran banget ini fixi bakalan gue pajang di rumah nanti Nah gak lupa juga nih selesai lari gue langsung minum pil kita yang sirup ini Sebagai pilihan herbal yang terdiri dari Cabejawa, Jahemera dan juga ada madunya yang tepat banget Buat ngatasin cape, pegalinu dan nyari otot sehabis lari Tapi tenang aja nih guys ini gak bakalan bikin kita jadi ketergantungan kok Jadi walaupun gue abis lari gak ada lagi nih drama-drama kecapean",7,"event lari skip injau nih bandung bangun pagi buta acara dofestran pas larinya dimulai, drama ibattiba perut tuh keram banget karuan videoin pas posisi perut full, keram banget fokus deh videovideoin pokoknya fokus aja kuat garis finish proses keram perut panik banget tuh lumayan benerbener full keram perut lawan sakit kalah kuat, semangat finish line sampe berhasil guys finish line sesuai target berhasil finish menit pas selesai lari kos pokoknya kerumanan banget ngantrinya guys tuh butnya pil dikrumunin orangorang tuh pembelian minimal ribu tuh dapetin grafir medali nih lihat deh medali tulisan nama menit finish akran banget fixi pajang rumah lupa nih selesai lari langsung minum pil sirup pilihan herbal cabejawa, jahemera madunya banget ngatasin cape, pegalinu nyari otot sehabis lari tenang aja nih guys ketergantungan habis lari nih dramadrama kecapean"
"Unboxing HP dengan baterai paling gede saat ini. 7300 mAh. IQ Z10. Coba tebak. Tebelnya berapa beratnya berapa? Kita lihat dulu isi kotaknya. Ada si HP kita parkir bentar. Ada casing, buku petunjuk, kabel data dan charger 90W. Sesuai sama baterai HPnya. Nah IQ Z10. HP dengan baterai 7300 mAh nih. Hebatnya, tebelnya cuma 7,9 mm doang. Kayak HP biasa. Bobotnya dibawah 200 gram. Kayak HP biasa juga. Mantapnya teknologi baterai sekarang. Tungguin aja review IQ Z10 ini. Yang harusnya punya harga asik. Karena kelasnya Mitrinz. Dan ini HP dari IQ coy. Selalu ngasih value yang tinggi buat harganya. Ternyata ada satu lagi. HP kejutan dari IQ. Saya kirain cuma Z10 doang. HP Nisteri yang bakal bikin gamer happy. Ada yang bisa tembak nggak HPnya apaan? Coba komen di bawah.",6,"unboxing baterai gede ini. mah. coba tebak. tebelnya beratnya berapa? lihat isi kotaknya. parkir bentar. casing, buku petunjuk, kabel data charger sesuai baterai hpnya. baterai mah nih. hebatnya, tebelnya doang. kayak biasa. bobotnya dibawah gram. kayak juga. mantapnya teknologi baterai sekarang. tungguin aja review ini. harga asik. kelasnya mitrinz. coy. ngasih value harganya. lagi. kejutan iq. kirain doang. nisteri gamer happy. tembak hpnya apaan? coba komen bawah."
"Siapa sih yang gak tau brand beauty satu ini? Hampir di setiap event beauty atau fashion pasti aja selalu ada bootnya dan selalu jadi inceran para cewek-cewek. Makanya gak heran ya kalau di event besar kayak sekarang ini tuh bootnya selalu rameloh. By the way guys ini tuh aku lagi mampir ke bootnya warna yang ada di event Beyond Face. Nah sekarang tuh lagi ada banyak banget promo, ada promo banling, bayuan get one, bayitu get one, ada free gift juga. Terus ada promo diskon up to 25%, ada warna color face studio dan kalian tuh cukup banyak 200 ribu bisa langsung ikutan persenang colornya dan kalian dapetin juga tuh warna voucher, senilain 200 ribu. Kalau katakusnya ini tuh worth it banget, kalian bisa ikutan persenang colornya plus dapetin juga voucher belancarnya. Ini tuh kan eventnya cuma 3 hari dan terakhir itu tanggal 18. Jadi mening buruan deh langsung aja datang ke event Beyond Face dan langsung mampir belanja ke bootnya warna ya. Jangan sampai kalian lewat team promo nya, happy shopping.",4,"sih brand beauty ini? event beauty fashion aja bootnya inceran cewekcewek. heran event kayak tuh bootnya rameloh. way guys tuh mampir bootnya warna event beyond face. tuh banget promo, promo banling, bayuan get one, bayitu get one, free gift juga. promo diskon warna color face studio tuh ribu langsung ikutan persenang colornya dapetin tuh warna voucher, senilain ribu. katakusnya tuh worth banget, ikutan persenang colornya plus dapetin voucher belancarnya. tuh eventnya tanggal mening buruan deh langsung aja event beyond face langsung mampir belanja bootnya warna ya. team promo nya, happy shopping."
"cuaca mendukung, oksigen, fresh, hatrail aman sejauh ini besok main di sini, Jom yes, tuh kami datang lagi tim nasi Indonesia lantangku bernyanyi tegap dan berdiri ale ale ale ale ale ale Indonesia maju Garuda terbang tinggi ngasal, endinya ngasal",7,"cuaca mendukung, oksigen, fresh, hatrail aman besok main sini, jom yes, tuh tim nasi indonesia lantangku bernyanyi tegap berdiri ale ale ale ale ale ale indonesia maju garuda terbang ngasal, endinya ngasal"
"Pada saat itu di kepala saya adalah kalau saya nggak jadi atlet, nggak jadi juara, terus saya menjadi apa? Kenapa jauh di hidup kita adalah di diri kita? Jadi kita harus berusaha di diri kita. Jadi itu yang pada akhirnya jadi pemikiran besar dalam kehidupan saya. Saya harus untuk sekolah, walaupun saya tetap jadi atlet. Jadi atlet yang nggak selamanya jadi tapi udah idukasi itu selamanya sampai kita bawa sampai kehidupan selanjutnya. Orang tua saya, kakak saya itu memang bilang kalau mau jadi atlet, kamu harus sekolah cari kelat puluh tangkis yang punya sekolah. Setelah lulus SD kami di CERAYA kami di Ragunan. Latihan jam 5 pagi sampai jam 7, sekolah jam 7.30 sampai jam 1. Ambilatihan jam 2, jam 3 terus menurut sampai jam 6 sampai 7 malam makan. Karena kurang mata pelajaran yang harus diisi, tapi sekolah lagi malamnya jam 8 sampai jam 9.30 malam. Full day banget. Full day. Tapi kan itu kan demi untuk komposisinya seimbang. Sebagai seorang atlet kami, fokus di atlet tapi tidak ketinggalan sekolahnya. SMP dan SMA ini, itu kan SKO dari DKI dan juga memang waktu itu ada bekerja sama dengan CERAYA. Nah bagaimana pemerintahan ini mempunyai tema yang sama mungkin kalau ada komunikasi dua arah, tiga arah sesama pasti bisa ada solusinya. Mungkin dimanapun kita ditempatkan.",4,"kepala atlet, juara, apa? hidup kita? berusaha kita. pemikiran kehidupan saya. sekolah, atlet. atlet idukasi bawa kehidupan selanjutnya. orang tua saya, kakak bilang atlet, sekolah cari kelat puluh tangkis sekolah. lulus ceraya ragunan. latihan jam pagi jam sekolah jam jam ambilatihan jam jam jam malam makan. mata pelajaran diisi, sekolah malamnya jam jam malam. full day banget. full day. komposisinya seimbang. atlet kami, fokus atlet ketinggalan sekolahnya. smp sma ini, sko dki ceraya. pemerintahan tema komunikasi arah, arah solusinya. dimanapun ditempatkan."
"Hah, udah tau, habis kalah, final. Kok gue tiba-tiba nyasar disini? Ngapain coba nih? Dia kayak kemarin habis nabar juga. Udah disini. Saya juga nggak tau. Ini pakeannya juga masih pakean nabar. Saya, curiga saya memang dikirim langsung dari Ultra-Effect. Untuk menjadi perwakilan. Hah, ada! Ada disini, aduh, aku lupa ingatan. Hah, aduh. Aduh! Ngapain sih? Udah apa sih disini, disini. Hah! Udah mana dicenggin mula, mebang Valen. Hah, hah, hah. Ini emang nih. Apa? Curi ga nih, ada magisnya nih. Luar biasa emang. Eh, Ultra-Effect, tuh ngapain? Lu tau nggak, lu udah bikin gue sakit hati. Bikin gue dicacimaki. Bikin gue dingje-dingje. Hah, satu musim ini cukup ya. Awas, sampai musim depan. Kalau kejadian lagi, ya tetep lah kita akan glori-glori. Tul gas!",5,"hah, tahu, habis kalah, final. tibatiba nyasar disini? ngapain coba nih? kayak kemarin habis nabar juga. disini. tahu. pakeannya pakean nabar. saya, curiga dikirim langsung ultraeffect. perwakilan. hah, ada! disini, aduh, lupa ingatan. hah, aduh. aduh! ngapain sih? sih disini, disini. hah! dicenggin mula, mebang valen. hah, hah, hah. emang nih. apa? curi nih, magisnya nih. emang. eh, ultraeffect, tuh ngapain? tidak, sakit hati. dicacimaki. dingjedingje. hah, musim ya. awas, musim depan. kejadian lagi, tetep gloriglori. tul gas!"
"Yang jangan di komentarin adalah kenapa baju kita sama ini kita ga janjian sama sekali ga janjian heran ya Omok itu ga pernah-penuhnya pake baju kayak gini kawasan itu sering sering lagi-sering baik-baik mejain ini biasanya kotak-kotak mana kotak-kotaknya? kebetulan lagi abis lagi dicuci nah kita mulai dari hall 1 sekarang yes dan itu ini dekat sekali tapi ga bisa kita harus tetep pindahnya harus teleport 1,2,3",6,komentarin baju janjian janjian heran omok pernahpenuhnya pake baju kayak gini kawasan lagisering baikbaik mejain kotakkotak kotakkotaknya? habis dicuci hall yes tetep pindahnya teleport
"pernah ga ada yang sadar kalo misalkan kita hidupin wiper naiknya cepet tapi pas tuh rundya berat apalagi saat di tall ini salah satu pengaruhnya, ini posisinya bener, ini terbalik ya kenapa? karena ini sebenernya made in china ya dan tempat on the deal aftermarket itu cuman jual main choloque ya dan disana kan sebenernya steer kiri, ya kan jadi ini stand steer kiri, seharusnya seperti ini nih anginnya ke sini, itu kalo misalnya kayak gini, dia menghambat angin, apalagi saat posisi wipernya sedang turun ya itu seharusnya cepet naik dan juga mudah untuk turun, sarannya gampang, tinggal kita naik ini doang angkat wipernya, kita cabut dari rumahnya ini kalo memang steer kiri kan pasti batangnya di sebelah sana, jadi dia begini nih mau wipen set ke sana, ya kan steer kiri ini bener, tinggalnya antol ceklek gitu, tapi kan ini steer kanan kebalik, ini perlu kita cabut nih ini tinggal kita cabut, tinggal balik ini seperti ini, di balik kayak gini, sini tinggal cuma ada pinnya, tinggal kita masukin sampai cepet naik, pasang deh, jadi pasangnya memang agak butuh 2 tangan ya, terus tinggal kita geser, udah, ke lock nih, kita kunci sip, sip, ini steer kanan, jadi anginnya kesini, tidak dambatan, jadi tinggal mau wip ke atas, dan gampang juga balik saat kena angin, apalagi di tol sekian tip dari gue, ini lumayan ngaruh dan lumayan penting",6,"sadar hidupin wiper naiknya cepet pas tuh rundya berat tall salah pengaruhnya, posisinya bener, terbalik kenapa? sebenernya made china deal aftermarket cuman jual main choloque disana sebenernya steer kiri, stand steer kiri, nih anginnya sini, kayak gini, menghambat angin, posisi wipernya turun cepet mudah turun, sarannya gampang, tinggal doang angkat wipernya, cabut rumahnya steer kiri batangnya sebelah sana, nih wipen set sana, steer kiri bener, tinggalnya antol ceklek gitu, steer kanan kebalik, cabut nih tinggal cabut, tinggal ini, kayak gini, tinggal pinnya, tinggal masukin cepet naik, pasang deh, pasangnya butuh tangan ya, tinggal geser, sudah, lock nih, kunci sip, sip, steer kanan, anginnya kesini, dambatan, tinggal wip atas, gampang kena angin, tol sekian tip saya, lumayan ngaruh lumayan"
"Cara paling ampuh untuk membising jerautmen dengan versi skin carrion Di sini kamu cuma butuh 3 produk, face wash, acne spot gel, dan retinol Nah untuk ke 3 produknya, aku pakai syrafi blemish range Oke aku mau bahas produknya satu per satu Setelah pertama aku cuci muka pakai face wash ini Dia mengandung 2% salicylic acid yang bermanfaat buat ngakat kotoran dan minyakkan jadi penyebab pejeraawat Dan walaupun ada kandungan salicylic acidnya, tapi dia gak bikin kulit tidak kering dan gak bikin skin barrier jadi bermasalah Setelah itu aku lanjut pakai spot gelnya Di dalamnya ada kandungan AHA dan BHA yang dimana kedua kandungan tersebut bisa ngasih manfaat buat ngapasin jeraawat Sekaligus bantu meminamalisi tampilan bekas jeraawatnya juga Lalu yang terakhir aku pakai serum retinolnya Sejauh ini aku rasain serum ini ngebantu banget buat ngalusin tekstur kulit, nyurakan jeraawat Dan bisa bantu nyamarin tampilan pori-pori juga Ditambah lagi, retinol ini itu dilengkapi sama kandungan isenem, mic, dan tiga esensial serum mic yang bermanfaat buat menjaga skin barrier kamu Jadi intinya ketiga produk ini bisa bantu mengatasi masalah jeraawat Sekaligus memparbaiki skin barrier kamu karena udah mengantung tiga esensial serum mic juga Oh iya ketiganya bisa dibeli di ofisial storasi ravi ya",7,"ampuh membising jerautmen versi skin carrion butuh produk, face wash, acne spot gel, retinol produknya, pakai syrafi blemish range oke bahas produknya cuci muka pakai face wash mengandung salicylic acid bermanfaat ngakat kotoran minyakkan penyebab pejeraawat kandungan salicylic acidnya, kulit kering skin barrier bermasalah pakai spot gelnya dalamnya kandungan aha bha dimana kandungan ngasih manfaat ngapasin jeraawat bantu meminamalisi tampilan bekas jeraawatnya pakai serum retinolnya rasain serum ngebantu banget ngalusin tekstur kulit, nyurakan jeraawat bantu nyamarin tampilan poripori ditambah lagi, retinol dilengkapi kandungan isenem, mic, esensial serum mic bermanfaat menjaga skin barrier intinya ketiga produk bantu mengatasi jeraawat memparbaiki skin barrier mengantung esensial serum mic iya ketiganya dibeli ofisial storasi ravi"
"Takannya juga baik banget nih harganya gitu, bener-bener sampai foongnya, nafasnya segala macun Halo guys, sekarang aku lagi ada di acaranya Color First by Wardah di studio suarga Kita tanya-tanya, ayo Halo kakak cantik Gimana baru pertama ke suarga atau udah pernah sebelumnya? Ngetama kali, tak kan? Gimana baru kenapa kali? Kesan-kesannya tuh gimana kak? Gimana? View ya? Jadi bener guys, pilates with a view, bener gak? Enak kan? Kolas reformer pilates di suarga tuh yang menggambarkan tadi situasinya Keren, oke Mampus emang Mantap, bergetar Ifan, fun Oke, thank you Seru Pedes banget Ipan Seru Yes, I'm trying Kasi, ikut tim gimana? Tadi itu ternyata seru, terus karena mungkin pertama kali jadi agak kalgok gitu Wega di alatnya takut jatuh atau apa Tapi so far ternyata sama aja kayak pilates biasa, cuman dibantu alat jadi lebih seru gitu Lebih seru ya? Bisa nabis itu, Tanya? Reformernya ya, betul Baru pertama apa udah pernah? Pertama-tama Baru pertama, pas banget nih, kira-kira kesan-kesan pas masuk ke studio ini gimana sih kak? Kalau dari aku bagus banget sih, studionya lega, kayak terlaknun juga jadi lebih enak vibe Bisa buat video juga karena cahaya bener-bener masuk, jadi buat konten juga keren Iya, betul Ruas dan bersih Halo kak, ini pertama kali pilates? Iya Baru pertama ke suarga atau udah pernah? Baru pertama kali Kesan-kesan pertama kali masuk ke studio suarga tuh apa sih? Cukup lengkap ya, aku pertama kali masuk ke sini Banyak jenis olahraga kayak ada angkat bebat, ada juga yang dibelakang sini Terus juga ada pilates, jadi lengkap lah, di mall juga Iya, di mall kejadian Alah kakakanya gimana? Iya, kebetulan ini kalau aku lihat lokas ini juga, ada lokas ini olahraga tuh dengan kopi Iya, betul Kepetasilitas, lengkapnya, gym, pilates, semua ini jadi all in gitu Dan satu lokasih juga gitu Dan X-Rias untuk pilates kebetulan, aku juga baru pertama kali Fan banget ya, dan kakaknya juga baik banget, rasanya gitu Sampai pongnya, nafasnya, segala Terima kasih",7,"takannya banget nih harganya gitu, benerbener foongnya, nafasnya macun halo guys, acaranya color first wardah studio suarga tanyatanya, ayo halo kakak cantik gimana suarga sebelumnya? ngetama kali, kan? gimana kali? kesankesannya tuh gimana kak? gimana? view ya? bener guys, pilates view, bener tidak? enak kan? kolas reformer pilates suarga tuh menggambarkan situasinya keren, oke mampus emang mantap, bergetar ifan, fun oke, thank seru pedes banget ipan seru yes, trying kasi, tim gimana? seru, kali kalgok gitu wega alatnya takut jatuh far aja kayak pilates biasa, cuman dibantu alat seru gitu seru ya? nabis itu, tanya? reformernya ya, pernah? pertamatama pertama, pas banget nih, kirakira kesankesan pas masuk studio gimana sih kak? bagus banget sih, studionya lega, kayak terlaknun enak vibe video cahaya benerbener masuk, konten keren iya, ruas bersih halo kak, kali pilates? iya suarga pernah? kali kesankesan kali masuk studio suarga tuh sih? lengkap ya, kali masuk jenis olahraga kayak angkat bebat, dibelakang pilates, lengkap lah, mall iya, mall kejadian alah kakakanya gimana? iya, lihat lokas juga, lokas olahraga tuh kopi iya, kepetasilitas, lengkapnya, gym, pilates, gitu lokasih gitu xrias pilates kebetulan, kali fan banget ya, kakaknya banget, gitu pongnya, nafasnya, terima kasih"
"Pekan olahraga Provinsi, Por Prof, DKI Jakarta 2025 resmi dimulai, melibatkan 5 wilayah kota dan kabupaten ke pulauan seribu. Ajang olahraga terbesar di ibu kota ini akan menjadi panggung bagi para atlet terbaik Jakarta untuk menunjukkan kemampuan mereka. Salah satu cabang olahraga yang telah memulai pertandingan adalah Panahan yang digelar di gelanggang olahraga, Gor, Ciracas, Jakarta Timur sejak 4 Agustus. Namun, pelaksanaan di hari pertama sempat terganggu. Hujan deras yang tiba-tiba mengguyur pada siang hari membuat pertandingan harus diantikan dan dilanjutkan di esok hari. Pertandingan di hari pertama sempat terganggu. Tadi aku main dari pagi, kita main keolifikasi. Kualifikasi aku dapat peringkat ke 2 dengan skor sesi pertama 317 dan skor sesi kedua 323. Bagi ini tadi ada babak erinasi di babak 16 besar. Aku menang dengan skor 6% sahjuannya tadi baru 8 besar melawan Pasya Tadayon dari Jakarta Selatan. Aku menang dengan skor 6.5. Emang dari dulu mulai Panahan tertariknya dengan kelas kompon. Jadi sampai sekarang baru nyoba kompon. Lawan terbuka, sebenarnya semua orang terbuka saya. Tapi sebenarnya orang terbuka saya adalah diri saya sendiri. Padepannya semoga bisa lebih maju di cabang olahraga ke Panahan. Bisa ikut POPNA, skor, dan mungkin sampai bawa nama Indonesia untuk Panahan. Dari sekolah dulu, sekolah, kemudian kita bergabung dengan klub dari SD kelas 1 sampai sekarang masih bergabung di klub. Harapan ke depannya lebih baik dari sekarang. Dia bisa ikut ke IPON yang lebih besar. Yang ketekat mungkin ikut ke dalam Lulat Da, POPNA, bisa membawa nama Indonesia ke luar negeri, bisa ikut Olympia Den. Memasuki hari kedua, panitia pelaksana memutuskan untuk memanjukan jadual pertandingan. Pertandingan Panahan dilaksanakan hanya setengah hari karena perikiran cuaca yang kembali tidak menentu. Langkah ini diambil untuk mengantisipasi potensi hujan yang diperkirakan akan turun kembali. Sehingga seluruh pertandingan bisa diselesaikan tepat waktu tanpa ada penundaan lebih lanjut. Hingga saat ini, persaingan di cabang Panahan masih berlangsung ketat. Seluruh kontingen dari lima wilayah koca dan kabupaten kepulauan seribu bertekat untuk meraih medali emas bagi daerahnya masing-masing. Untuk tunjukkan dan membuktikan kita sempurna Kita yang bisa dan pasti bisa",4,"pekan olahraga provinsi, por prof, dki jakarta resmi dimulai, melibatkan wilayah kota kabupaten pulauan seribu. ajang olahraga terbesar kota panggung atlet terbaik jakarta kemampuan mereka. salah cabang olahraga pertandingan panahan digelar gelanggang olahraga, gor, ciracas, jakarta timur agustus. namun, pelaksanaan terganggu. hujan deras tibatiba mengguyur siang pertandingan diantikan dilanjutkan esok hari. pertandingan terganggu. main pagi, main keolifikasi. kualifikasi peringkat skor sesi skor sesi babak erinasi babak besar. menang skor sahjuannya melawan pasya tadayon jakarta selatan. menang skor emang panahan tertariknya kelas kompon. nyoba kompon. lawan terbuka, orang terbuka saya. orang terbuka sendiri. padepannya semoga maju cabang olahraga panahan. popna, skor, bawa nama indonesia panahan. sekolah dulu, sekolah, bergabung klub kelas bergabung klub. harapan depannya sekarang. ipon besar. ketekat lulat da, popna, membawa nama indonesia negeri, olympia den. memasuki kedua, panitia pelaksana memutuskan memanjukan jadual pertandingan. pertandingan panahan dilaksanakan perikiran cuaca menentu. langkah diambil mengantisipasi potensi hujan turun kembali. pertandingan diselesaikan penundaan lanjut. ini, persaingan cabang panahan ketat. kontingen wilayah koca kabupaten kepulauan seribu bertekat meraih medali emas daerahnya masingmasing. tunjukkan membuktikan sempurna"
"bersama mas Mokles Gibran menutup Fornas Kaya gelapan 30 tahun 2025 NTV Makmur Mendunya bukan lagi sekedar slogan tapi benar-benar terasa dan terbukti di setiap moment Fornas Kaya ini event kali ini memiliki temen yang sangat keren kalah menang semua senang benar ya ini pesertais ini? semuanya senang jadi Fornas ini seperti nasi tumpang isinya macam-macam dari remaja hingga lansia dari olah raga tradisi hingga rekreasi dari sabang sampai merauke tapi semuanya punya satu rasa rasa cinta pada bangsa rasa cinta pada olah raga kalah menang itu biasa yang penting seluruh peserta bisa bergembira bisa bertemu dengan sodara-sodara sebangsa dan setanah air Fornas ini selain membawa kegembiraan juga memberikan dampak perputaran ekonomi yang besar ini kalau diperikirakan mencapai 150an M mulai dari penerbangan, hotel, konsumsi besar sekali dan jumlah total pengunjung yang datang ke NTV karena Fornas ini berkirahannya mencapai 40.000 orang saya berharap bapak-ibu acara Fornas ini tidak hanya memberikan dampak ekonomi tapi juga menjadi ajang kita untuk semakin merkatkan persatuan dan kesatuan serta sebagai salah satu sarana dalam menjaga warisan keputayaan bangsa yang kita cintai ini berlayar dari kayangan kegili membawa semangat dari timur negeri sampai jumpa di Fornas menangan nanti kita jumpa lagi dengan semangat tinggi kita tinggal di jangka",6,"mas mokles gibran menutup fornas kaya gelapan ntv makmur mendunya sekedar slogan benarbenar terbukti moment fornas kaya event kali memiliki teman keren kalah menang senang pesertais ini? senang fornas nasi tumpang isinya macammacam remaja lansia olah raga tradisi rekreasi sabang merauke cinta bangsa cinta olah raga kalah menang peserta bergembira bertemu sodarasodara sebangsa setanah air fornas membawa kegembiraan dampak perputaran ekonomi diperikirakan mencapai penerbangan, hotel, konsumsi total pengunjung ntv fornas berkirahannya mencapai orang berharap bapakibu acara fornas dampak ekonomi ajang merkatkan persatuan kesatuan salah sarana menjaga warisan keputayaan bangsa cintai berlayar kayangan kegili membawa semangat timur negeri jumpa fornas menangan jumpa semangat tinggal jangka"
"Kita tahu kalau susu formula adalah susu yang paling bagus buat anak-anak kita. Sampai-sampai di Indonesia, ibu-ibu menyusuinya kita itu di cuci otaknya. Bahwa asinya mereka nutrisinya itu lebih rendah daripada susu formula. Sampai-sampai banyak sekali expert di luar sana yang ngomong, susu formula nya adalah gizi terukur. Semuanya terukur. Dan maltodexrin adalah gula yang paling bagus buat badan lu. Ini gue mau share satu studi terbaru yang ngeliat perkembangan jantung di anak-anak dan bayi-bayi yang konsumsi asi eksklusif selama 6 bulan ke atas versus bayi-bayi anak-anak yang tidak konsumsi asi eksklusif. Alias mereka itu dikasih minum susu formula. Jadi apa yang mereka temuin di anak-anak bayi-bayi yang konsumsi asi eksklusif ternyata perkembangan volume jantungnya dan struktur jantungnya lebih besar dan lebih signifikan dibandingkan dengan anak-anak bayi-bayi yang tidak dikasih asi eksklusif. Saking signifikannya, sainis di studi ini sampai ngomong sampai nulis di konklusinya bahwa asi itu breastfeeding harus dipromosikan dan diimplementasikan karena kelihatan sekali asosiasi penting ampara asi eksklusif dengan kesehatan, struktur, dan perkembangan jantung di anak-anak.",7,"susu formula susu bagus anakanak kita. sampaisampai indonesia, ibuibu menyusuinya cuci otaknya. asinya nutrisinya rendah susu formula. sampaisampai expert ngomong, susu formula nya gizi terukur. terukur. maltodexrin gula bagus badan kamu. share studi terbaru ngeliat perkembangan jantung anakanak bayibayi konsumsi asi eksklusif versus bayibayi anakanak konsumsi asi eksklusif. alias dikasih minum susu formula. temuin anakanak bayibayi konsumsi asi eksklusif perkembangan volume jantungnya struktur jantungnya signifikan dibandingkan anakanak bayibayi dikasih asi eksklusif. saking signifikannya, sainis studi ngomong nulis konklusinya asi breastfeeding dipromosikan diimplementasikan asosiasi ampara asi eksklusif kesehatan, struktur, perkembangan jantung anakanak."
"jadi lagi makan di sentul oke itu itu buat2 orang-orang rame jadi ada mobil box mundur terus drak nabrak tapi super mobil box oke super mobil box yang gue tau lah pasti untuk ngeganti ini kan gak bisa dicet jadi kan harus ganti ganti sih semua ya nah ini kira-kira ganti 2 ini tuh 3 juta gue tau itu mungkin orang pasti agak susah untuk ngeganti itu tapi gue pengennya tanggung jawabnya oke gue pengennya tanggung jawabnya terus dia bilang pak saya tanggung jawab oke ini orang bagus nih tanggung jawab oke saya minta KTPnya semua terus saya tanya ya ke ceri nanti berapa perbaikannya ternyata ini dan ini tuh sekitar 3 jutaan lebih lah 3 juta hampir 4 juta terus dia bilang aduh pak saya gak sanggup kalau segitu terus saya tanya sanggupnya berapa dari situ kan keliatan besar tanggung jawabnya dia kan terus dia bilang dia sanggupnya 1 juta wah saya pikir gede juga lo maksudnya dia dia mau orang kecil mungkin gaji OMR tapi mau 1 juta gitu yaudah terus saya kasih nomer rekening saya beneran di transfer 1 juta beneran di transfer 1 juta saya apa senang liat tanggung jawabnya terus abis itu saya balikin lagi wangnya gue balikin lagi karena oke lah buat dia itu sangat berarti tapi yang gue hargain adalah tanggung jawabnya dia tapi gue ngga nges tau gue emang liat untuk balikin wang itu asal dia tanggung jawab pengen ngeliat dulu tanggung jawabnya ataupun jangan ke prem, ah gue ini balik asal ya wang",6,"makan sentul oke orangorang rame mobil box mundur drak nabrak super mobil box oke super mobil box ngeganti dicet ganti ganti sih kirakira ganti tuh juta orang susah ngeganti pengennya tanggung oke pengennya tanggung bilang tanggung oke orang bagus nih tanggung oke ktpnya ceri perbaikannya tuh jutaan juta juta bilang aduh sanggup segitu sanggupnya situ keliatan tanggung bilang sanggupnya juta pikir gede maksudnya orang gaji omr juta gitu yaudah kasih nomer rekening beneran transfer juta beneran transfer juta senang liat tanggung habis balikin wangnya balikin oke hargain tanggung ngga nges emang liat balikin wang tanggung ngeliat tanggung prem, wang"
"Asli nya nih ya, keren melakuin goblets squad sambil pegang 1 dumbbell kaya gini 8-12 kali atau sekuatnya aja dapet berapa Lanjut kurangin beban dumbbellnya dan lakuin dumbbell rose pake satu tangan kaya gini 8-12 kali atau sekuatnya aja dapet berapa Jangan lupa tangan satunya juga ya Terus lanjut, lakuin dumbbell chest press buat otot dadal 8-12 kali atau sekuatnya aja dapet berapa Terus lanjut lakuin dumbbell shoulder press kaya gini buat otot bahul 8-12 kali atau sekuatnya aja dapet berapa Dan ditutup dengan bicep curse kaya gini buat ngelatih otot bicep 8-12 kali atau sekuatnya aja dapet berapa Itu tuh udah termasuk full body workout cuman pake dumbbell yang bisa diatur otot bebannya kaya gini Tutup banget buat kalian yang pengen mulai workout di rumah tapi baru bisa 1-3 kali seminggu Oh ya betul ya, kalian mau rekam dari dumbbellnya komen aja mau otot dumbbell atau apapun Lantik kok kirimin linknya ke DM kalian ya Nah nanti kalo udah lancar bisa di upgrade to workoutnya misalkan dengan nambahin beban di tiap gerakan Atau di tamat sesi workoutnya misalkan jadi 4 kali seminggu biar bisa dipisa-bisa latihan nya Follow Lutfinami beringatkan kalian tip-tip seharus otot lainnya Share video ini kalo mau ngomong faat, tetap semangat dan STAY HARD!",4,"asli nya nih ya, keren melakuin goblets squad pegang dumbbell kaya gini kali sekuatnya aja dapet kurangin beban dumbbellnya lakuin dumbbell rose pake tangan kaya gini kali sekuatnya aja dapet lupa tangan satunya lanjut, lakuin dumbbell chest press otot dadal kali sekuatnya aja dapet lakuin dumbbell shoulder press kaya gini otot bahul kali sekuatnya aja dapet ditutup bicep curse kaya gini ngelatih otot bicep kali sekuatnya aja dapet tuh full body workout cuman pake dumbbell diatur otot bebannya kaya gini tutup banget workout rumah kali seminggu ya, rekam dumbbellnya komen aja otot dumbbell apapun lantik kirimin linknya lancar upgrade workoutnya nambahin beban gerakan tamat sesi workoutnya kali seminggu dipisabisa latihan nya follow lutfinami beringatkan tiptip seharus otot share video ngomong faat, semangat stay hard!"
"Hai guys, ini adalah Full Day of Eating dan ini akan special karena saat ini saya hanya konsumsi protein-aparti selama 2 minggu. Saya penasaran aja apakah ada efek ke performance dan masa otot kalau saya tidak konsumsi protein hewani. Dan btw ini sudah hari ketiga ya, sarapan lebih tepatnya pre-work out meal saya 300 kampan tempe yang saya akan air frya. Lalu biasanya saya suka ngejumpa lagi jadi langsung habis sarapan saya otw ke gym. Hari ini adalah Full Day dan yang kalian lihat di video ini adalah highlight bagnya. Next lunch untuk memenuhi asupan protein ku saya tambah tempe di setiap meal, lalu ada kacang arab yang termasuk sumber kabo dan protein. Next coffee time saya suka banget kopi dicampur dengan minuman hijau dan almond milk bener-bener enak banget dan sangat bergizi. Saya biasanya minum ini supaya saya bisa fokus pas lagi kerja. Next meal sekitar jam 5 sore kali ini menu saya brown rice tapi yang dihancurkan dengan tempe di air frya sangat simple. Setelah itu lanjut kerja lalu milit rahia saya yang keempat 300 gram tempe dan buah. Dan kalau saya sempet saya suka main PS sebelum tidur.",6,"hai guys, full day eating special konsumsi proteinaparti minggu. penasaran aja efek performance otot konsumsi protein hewani. btw ketiga ya, sarapan tepatnya prework meal kampan tempe air frya. suka ngejumpa langsung habis sarapan otw gym. full day lihat video highlight bagnya. next lunch memenuhi asupan protein tempe meal, kacang arab sumber kabo protein. next coffee time suka banget kopi dicampur minuman hijau almond milk benerbener enak banget bergizi. minum fokus pas kerja. next meal jam sore kali menu brown rice dihancurkan tempe air frya simple. kerja milit rahia keempat gram tempe buah. sempet suka main tidur."
"Aku mau kasih atk kalian 3 pendempatan blush Kalian aku mau nyobain produk baru dari Cee Yang ini menarik banget, karena ini namanya blush lighter Ini tutuin 1 blush sama highlighter, kalian bisa lihat Jadi pakainya tuh kayak digabung gitu Langsung dimix semuanya di pan Jadi dia texturenya tuh yang kayak paddy gitu Tau nggak sih kalian yang kayak clay gitu Yang kalo bisa dipencat tuh agak krinny gitu loh Dan disini aku punya 3 shade, kasingnya takut tuh mereka ada 7 shade Cuman aku akan cobain 3 ini di buku akuari ini Pertama aku mau pake shade yang Coral Flash Untuk look blush yang ditulang pipi Menurut aku ini cocok banget untuk kalian yang tulang pipinya tinggi Karena pendempatan disitu bikin mukanya lebih lifted Dan untuk pencinta warm blush, go with this color Nah kalo untuk yang kedua, ini cara aku pake blush Itu selalu seperti ini Ini aku pake shade yang Lazy Talk Dan pendempatannya tuh berbanding di center pipi kita Menurut aku ini cocok banget untuk muka kita yang lebih bulet Dan pipi kita yang lebih full Untuk ketiga aku pake shade Early Now Dan ini itu pendempatan blush yang ditaruhnya di bawah mata kita Jadi kayak agak drunken look gitu Dan aku teruk di idung juga biar kaya kasih efek yang lebih kit Nah menurut aku kayaknya kalo misalnya stil blush yang kayak gini tuh Cocok mau dimuka yang bulat kayak aku atau yang lebih berstructure Dan aku cinta banget kayak blush kayak gini Dan karena ini ada highlighternya Kalian bisa ngeliat, dia tuh tetap ada shadenya Jadi dia ga matte dan flat di kulit kita Dan karena tekstur kayak gini pas kalian ngambil produknya Dia tuh ga terlalu berlebihan ke pick up sama brushnya Dan bisa dib build up intensitasnya Dan also komen di bawah which blush look is your favorite",7,"kasih atk pendempatan blush nyobain produk cee menarik banget, namanya blush lighter tutuin blush highlighter, lihat pakainya tuh kayak digabung gitu langsung dimix pan texturenya tuh kayak paddy gitu sih kayak clay gitu dipencat tuh krinny gitu loh shade, kasingnya takut tuh shade cuman cobain buku akuari pake shade coral flash look blush ditulang pipi cocok banget tulang pipinya pendempatan disitu mukanya lifted pencinta warm blush, color kedua, pake blush pake shade lazy talk pendempatannya tuh berbanding center pipi cocok banget muka bulet pipi full ketiga pake shade early pendempatan blush ditaruhnya mata kayak drunken look gitu teruk idung kaya kasih efek kit kayaknya stil blush kayak gini tuh cocok dimuka bulat kayak berstructure cinta banget kayak blush kayak gini highlighternya ngeliat, tuh shadenya matte flat kulit tekstur kayak gini pas mengambil produknya tuh pick brushnya dib build intensitasnya also komen blush look favorite"
"Halo, saya Dr. Tias, dermatologist. Jadi, di sini kita akan melakukan sesi konsultasi dan akhirnya akan mendapatkan yang namanya MySkinID Blueprint. Jadi, skin ID Blueprint ini adalah hasil dari skin report yang didapatkan sesuai dengan konsultasi dan juga analisa kulit dari AI Deep Analyzer. Jadi, hasil dari skin ID Blueprint ini ada sesuai dengan analisa kulitnya. Kita bisa lihat tipe kulitnya itu apa, kemudian konsultannya itu apa, lalu ada rekomendasi ingredients yang cocok sesuai dengan konsultasi kulitnya. Ada juga rekomendasi produk yang sesuai dengan konsultasi kulitnya. Lalu ada rekomendasi edukasi sesuai dengan tipe kulitnya ataupun kebutuhannya. Mulai dari makanan yang disarankan ataupun makanan yang harus diskip berikut dengan tips-tips sesuai dengan lifestylenya. Jadi, skin ID Blueprint ini adalah skin report yang didapatkan customer sesuai dengan hasil analisa dari AI Deep Skin Profiler. Setelah kulitnya dianalisis, customer akan disarankan untuk treatment sesuai dengan cemis kulitnya maupun skin konsernya, seperti kulit yang khusam atau hipertikmentasi, acne atau breakout, kemudian kulit sensitif, kulit yang kering, maupun skin aging. Terima kasih.",7,"halo, dari. tias, dermatologist. jadi, sesi konsultasi namanya myskinid blueprint. jadi, skin blueprint hasil skin report didapatkan sesuai konsultasi analisa kulit deep analyzer. jadi, hasil skin blueprint sesuai analisa kulitnya. lihat tipe kulitnya apa, konsultannya apa, rekomendasi ingredients cocok sesuai konsultasi kulitnya. rekomendasi produk sesuai konsultasi kulitnya. rekomendasi edukasi sesuai tipe kulitnya kebutuhannya. makanan disarankan makanan diskip tipstips sesuai lifestylenya. jadi, skin blueprint skin report didapatkan customer sesuai hasil analisa deep skin profiler. kulitnya dianalisis, customer disarankan treatment sesuai cemis kulitnya skin konsernya, kulit khusam hipertikmentasi, acne breakout, kulit sensitif, kulit kering, skin aging. terima kasih."
"Halo warga Jakarta, saya Fatul Wanas, Ketua Kontingen DKI Jakarta, Dipon Aceh Sumut, Mohon Dukungan dan Doa dari seluruh Maserata DKI untuk supaya DKI Jakarta juara umum dipon Aceh Sumut. DKI Jakarta Merang, Sukses Jakarta untuk Indonesia.",4,"halo warga jakarta, fatul wanas, ketua kontingen dki jakarta, dipon aceh sumut, mohon dukungan doa maserata dki dki jakarta juara dipon aceh sumut. dki jakarta merang, sukses jakarta indonesia."
"Selasa 3 Oktober 2023, rombongan cabor menembak menunjungi koni DKI Jakarta. Atlet menembak pada Asian Games 2023 bahan Joe Muhammad sejak teradui putra menyumbangkan 2 medali emas buat tim Indonesia. Merai emas dari nomor 10 meter running target putra dan nomor 10 meter running target mix teran putra. Kunci di Jawa, ini paling utamanya itu prosesnya. Ya khususnya untuk bangsa negara, keluarga, orang tua, kemudian istri, kemudian untuk koni DKI Jakarta yang sudah mencubur juga untuk yang mudah-mudahan di persiapan menuju pon ini juga saya bisa lebih baik dari pon Papua sebelumnya. Kunjungan ini disambut oleh ketua umum koni DKI Jakarta Hidayat Humayib di ruangannya. Hadir juga waketum 1 Alduin Rahardian, waketum 2 Gidesar Jana, waketum 3 Fatul Anas, waketum 4 Yusran Arif dan pengurus koni DKI lainnya. Tak hanya membersembahkan emas, terhadap juga meraih 2 perunggu dari nomor beregu. Total sudah 2 emas dan perunggu yang diraihnya di Asian Games 2023. Alhamdulillah ya kita semua sebagai warga DKI dan wargan negara Indonesia, itu sangat bangga terhadap atlet kita sejahat teraih. Yang sudah meraih 2 emas dan 2 perunggu untuk pemeraning target di Asian Games. Ini tentunya sebuah prestasi yang luar biasa dari 1 atlet sampai hari ini Indonesia 4 emas. 50% dari 4 emas itu 2 emas dihasilkan oleh 1 orang jahatera. Ini prestasi yang luar biasa, selamat. Sesuai dengan visi-misi kemarentaan DKI, sukses Jakarta untuk Indonesia. Dan juga mengantalkan atlet-atlet DKI menuju pentas dunia. Alhamdulillah, selamat. Mendam-mudahan nanti di nomor-nomer atlet-atlet yang lain Indonesia bisa memperoleh dari emas lagi. Ini sejarah bagi terhadap Indonesia. 2 medali emas menembak ini sekaligus menuntaskan penantian 72 tahun. Sejak Asian Games pertama kali digelar, kontingen menembak Indonesia belum pernah mengibarkan bendera Indonesia di puncak tertinggi. Giat-giatnya dalam produsasi adalah hatian. Tapi yang terpenting buat saya adalah menjelang berangkat. Dan selama di sana, kita harus menjaga kestabilan pikiran, mindset dan hati. Keterangan tinggi-tinggi, konsentrasi tinggi-tinggi. Karena apa, kondensi tinggi-tinggi itu antara melamut dan konterasi beda tipis. Itu yang kita akan menjaga. Makanya di situ kita selipin doa. Bisaat kamu memasukkan buruk, kamu baca bismillah atau yang menjaga muslim sesuai dengan masing-masing. Harus, itu harus karena di akhir adalah tetap harus ada... Saya yakin bahwa itu ada campur tangan kita. Salam Lelaga, Jalan Jalan, Jalan Jalan, Jalan Jalan. Terima kasih.",4,"selasa oktober rombongan cabor menembak menunjungi koni dki jakarta. atlet menembak asian games bahan joe muhammad teradui putra menyumbangkan medali emas tim indonesia. merai emas nomor meter running target putra nomor meter running target mix teran putra. kunci jawa, utamanya prosesnya. bangsa negara, keluarga, orang tua, istri, koni dki jakarta mencubur mudahmudahan persiapan pon pon papua sebelumnya. kunjungan disambut ketua koni dki jakarta hidayat humayib ruangannya. hadir waketum alduin rahardian, waketum gidesar jana, waketum fatul anas, waketum yusran arif pengurus koni dki lainnya. membersembahkan emas, meraih perunggu nomor beregu. total emas perunggu diraihnya asian games alhamdulillah warga dki wargan negara indonesia, bangga atlet sejahat teraih. meraih emas perunggu pemeraning target asian games. prestasi atlet indonesia emas. emas emas dihasilkan orang jahatera. prestasi biasa, selamat. sesuai visimisi kemarentaan dki, sukses jakarta indonesia. mengantalkan atletatlet dki pentas world. alhamdulillah, selamat. mendammudahan nomornomer atletatlet indonesia memperoleh emas lagi. sejarah indonesia. medali emas menembak menuntaskan penantian tahun. asian games kali digelar, kontingen menembak indonesia mengibarkan bendera indonesia puncak tertinggi. giatgiatnya produsasi hatian. terpenting menjelang berangkat. sana, menjaga kestabilan pikiran, mindset hati. keterangan tinggitinggi, konsentrasi tinggitinggi. apa, kondensi tinggitinggi melamut konterasi beda tipis. menjaga. situ selipin doa. bisaat memasukkan buruk, baca bismillah menjaga muslim sesuai masingmasing. harus, ada.. campur tangan kita. salam lelaga, jalan jalan, jalan jalan, jalan jalan. terima kasih."
"Janganlah napas pas lagi warout ya Hhhh Atau kebola balik napasnya Karena itu bahaya buat badan kita ga bisa mengangguh proses serta progres waroutnya Biar ga bingung, kata presid simple ini nih Ringan tarin napas Berat buang napas Huu Ringan tarin napas Buang napas Oh loh gunakan isometri kayak pelan ini gimana bang Hah, tenang aja Kalian bisa tetep atur napas Kayak gini nih Santai aja senyaman kalian, yang penting jangan ditahan ya Jangan Hmm gitu tapi Gimana? Kampang kan? Siapa yang masih suka nafas atau kebola balik napasnya pas lagi warout Coba komen di bawah ya Tapi ga apa, santai aja Yuk mulai latihan dari sekarang Biar napasnya ga ditahan atau kebola balik gitu ya Cersi dengan gue, Bungal Fahad Taps banget waroutnya dan Stay Hard",7,"napas pas warout kebola napasnya bahaya badan mengangguh proses progres waroutnya bingung, presid simple nih ringan tarin napas berat buang napas huu ringan tarin napas buang napas loh isometri kayak pelan gimana bang hah, tenang aja tetep atur napas kayak gini nih santai aja senyaman kalian, ditahan hmm gitu gimana? kampang kan? suka nafas kebola napasnya pas warout coba komen apa, santai aja yuk latihan napasnya ditahan kebola gitu cersi saya, bungal fahad taps banget waroutnya stay hard"
"punya baca 200 juta, kalau di awal tahun lalu dapet ngobil biasa aja sekarang bisa naik kelas apa aja yang dapet ya yuk yang pertama ada DBYD, gak usah pake diskon harganya udah menarik banget, karena dia dijual cuma dengan harga Rp195 juta untuk varian yang basic alias paling bawah pindah kewuling yang ini paling menarik, dari harga Rp279 jutaan dia bisa didepat cuma Rp195 juta aja percaya gak tuh, makanya langsung datang kesini aja deh, beneran kok pindah ke Suzuki, ternyata bisa dapet Suzuki Frans GL varian manual di harga Rp249 juta Rp200 juta tambahin dikit lah, lumayan mobil keren atau yang ini nih, Rp200 juta mah dapet dapet hikmah sama stresnya doang paling ini dia nih, fabrikkan mobil yang jadi raja di harga Rp200 jutaan karena hampir semua line up mobilnya harganya Rp200 jutaan tapi yang jadi highlight kita kali ini, ada Datsu New Terios varian terbawah yang manual dia sekarang dijual dengan harga Rp238 juta aja menarik banget nih, 7 penumpang loh dimisi-misi ternyata bisa dapet Expander GLS manual yang harganya ternyata sekarang bisa dapet di Rp257 jutaan menarik banget nih kalau main ke ceri Rp200 juta tambahin Rp40 juta aja bisa dapet charity go cross terbaru ini nih pindah ke Toyota, kalau tahun lalu kita pilih AGA tahun ini ternyata Rp214 juta dapet Race G manual lebih keren ini sih, pastilah kalau di Honda masih sama sama awal tahun kemarin dapetnya Honda Brio E-CVT tapi kalau awal tahun kemarin Rp190 juta sekarang bisa dibilit cuma Rp180 juta aja kalau di Hyundai bisa dapet Stargazer Essentials tapi masih muka lama di harganya sekarang Rp200 juta tambah Rp42 juta ini udah dari harga Rp270 juta loh Rp200 juta tambahin Rp50 juta dapet nih Citroen C3 Aircross udah mobil Eropa, 7C terbula kalau pindah ke Cerest, masih ada Cerest Iwan yang harganya sekarang Rp168 juta ini varian tertinggi ya, yang jaraknya Rp220 km kalau dari Vietnam bisa dapet VF3 Rp192 juta, Rp282 juta ini harganya mirip-mirip sama waktu launching sebetulnya sih tapi masih oke lah",6,"baca juta, dapet ngobil aja kelas aja dapet yuk dbyd, pake diskon harganya menarik banget, dijual harga juta varian basic alias pindah kewuling menarik, harga jutaan didepat juta aja percaya tuh, langsung kesini aja deh, beneran pindah suzuki, dapet suzuki frans varian manual harga juta juta tambahin dikit lah, lumayan mobil keren nih, juta mah dapet dapet hikmah stresnya doang nih, fabrikkan mobil raja harga jutaan line mobilnya harganya jutaan highlight kali ini, datsu new terios varian terbawah manual dijual harga juta aja menarik banget nih, penumpang loh dimisimisi dapet expander gls manual harganya dapet jutaan menarik banget nih main ceri juta tambahin juta aja dapet charity cross terbaru nih pindah toyota, pilih aga juta dapet race manual keren sih, honda kemarin dapetnya honda brio ecvt kemarin juta dibilit juta aja hyundai dapet stargazer essentials muka harganya juta juta harga juta loh juta tambahin juta dapet nih citroen aircross mobil eropa, terbula pindah cerest, cerest iwan harganya juta varian tertinggi ya, jaraknya vietnam dapet juta, juta harganya miripmirip launching sih oke"
"Hai everyone, aku mau ngasih rekomendasi buat kalian yang lagi nyari moisturizer sebagai remaja, otomatis aku masih takut buat niobat treatment-treatment di luar sana aku juga punya tipe kulit yang kaling banget jadi aku gak bisa asal soal milih moisturizer aku udah menemukan moisturizer yang cocok di kulit aku wadah moisturizer ini mengandung recommended collagen and ceramide complex yang memperkewad skim beriat moisturizer ini diperuntukan untuk semua tipe kulit dan sudah dipercaya oleh tematologi jadi kalian gak perlu khawatir ya dan yang paling aku suka adalah teksturnya nyering dan cepat meresap menjaga elastisitas, kekencangan, dan menghaluskan kulit secara intensif",7,"hai everyone, ngasih rekomendasi nyari moisturizer remaja, otomatis takut niobat treatmenttreatment tipe kulit kaling banget milih moisturizer menemukan moisturizer cocok kulit wadah moisturizer mengandung recommended collagen ceramide complex memperkewad skim beriat moisturizer diperuntukan tipe kulit dipercaya tematologi khawatir suka teksturnya nyering cepat meresap menjaga elastisitas, kekencangan, menghaluskan kulit intensif"
aku lagi nyobain produk exfoliator yang sekali pake aja hasilnya langsung keliatan kayak gini iya guys ini kejaan exfoliating pad sebabnya Glythoglow yes jadi ini adalah sebuah exfoliator yang bentukan itu kapasan terdiri dari 2 sisi kayak gini ada sisi kasar dan sisi halusnya harganya cuman 50 ribuan dan isinya ada 30 kaps untuk cara pakenya kamu bisa usapin wajah kamu pake sisi kasar terlebih dahulu dan iii ini kotor banget kulit aku keliatannya bedanya kapas yang baru sama yang udah kotor terus kalau udah kamu bisa langsung tempehkan sisi halusnya ke wajah kamu dan dimens selama 3-5 menit dan ngomongin hasil kulit aku yang tadi nyakus seminyakan merah-merah tuh kayak jadi lebih cerah lebih halus ya pokoknya balik lagi kayak kulit normal gitu loh jadi tetap dikpecobain,6,nyobain produk exfoliator pake aja hasilnya langsung keliatan kayak gini iya guys kejaan exfoliating pad glythoglow yes exfoliator bentukan kapasan sisi kayak gini sisi kasar sisi halusnya harganya cuman ribuan isinya kaps pakenya usapin wajah pake sisi kasar kotor banget kulit keliatannya bedanya kapas kotor langsung tempehkan sisi halusnya wajah dimens menit ngomongin hasil kulit nyakus seminyakan merahmerah tuh kayak cerah halus pokoknya kayak kulit normal gitu loh dikpecobain
"Olaraga mengubah serum darahnya kita menjadi obat untuk melawan kanker Studi terbaru ini luar biasa menarik dan ini studi pertama yang tunjukin ya dengan jelas apa efek positif dari Olaraga untuk melawan kanker Mereka tuh kumpulin sekelompok wanita, bas pasian kanker payudara yang udah sembuh Jadi mereka ini disuruh Olaraga dua jenis Olaraga High Intensity Training yang kedua Resistance Training Angkat beban Setelah itu serum darahnya mereka dikumpulin dan dites ke sel kanker payudara Apa yang terjadi sangat-sangat mencengangkan sekali kalau menurut gue Jadi serum darahnya mereka setelah Olaraga bisa menekan pertumbuhan kanker payudara di Invitral Jadi ini studi pertama yang tunjukin dengan sangat-sangat jelas Kalau kita Olaraga, begitu otor kita berkontraksi, dia tuh keluarin MayoKines Yaitu Short Chain Pathetides, semacam protein yang kecil Itu ternyata punya efek anti kanker Luar biasa sekali sih, in my opinion oh my goodness me",6,"olaraga mengubah serum darahnya obat melawan kanker studi terbaru menarik studi tunjukin efek positif olaraga melawan kanker tuh kumpulin sekelompok wanita, bas pasian kanker payudara sembuh disuruh olaraga jenis olaraga high intensity training resistance training angkat beban serum darahnya dikumpulin dites sel kanker payudara sangatsangat mencengangkan serum darahnya olaraga menekan pertumbuhan kanker payudara invitral studi tunjukin sangatsangat olaraga, otor berkontraksi, tuh keluarin mayokines short chain pathetides, protein efek anti kanker sih, opinion goodness"
dan hati-hati mencet jerawat daerah triangle sini triangle kenapa? itu kita bilang triangle of death triangle of death? karena disini pemburu darah langsung ke otak gitu ada kasusnya dimana abis pencet jerawat dia main dingitis infeksi selaput otak wow kayak gitu jadi ini harus diperhatikan pada pasien-pasien yang punya jerawat di triangle sini dari batas bridge ini dipersiapkan dulu kita minum antibiotik misalnya kalau besar-besar banyak nanahnya jangan main pencet sendiri,1,hatihati mencet jerawat daerah triangle triangle kenapa? bilang triangle death triangle death? pemburu darah langsung otak gitu kasusnya dimana habis pencet jerawat main dingitis infeksi selaput otak wow kayak gitu diperhatikan pasienpasien jerawat triangle batas bridge dipersiapkan minum antibiotik besarbesar nanahnya main pencet
5 salah push up yang umum terjadi nomor 5 ini yang paling sering salah pertama posisi leher itu nggak lurus sama punggung banyak yang kudet kalau push up itu posisi lehernya terlalu dong nggak atau terlalu rundok gini ini bisa bikin leher kalian tegang ya nah yang bagus itu posisi lehernya lurus sama punggung dan arah pandangnya kira-kira ke arah sini lah salah kedua buka sikot terlalu lebar kayak gini nih aduh nggak aku sering banget lihat di video-video gitu ini tuh banyak ya buat sikot sama bahu kalian nah coba kalian putertangannya hadap depan gini biar pas kalian lagi turun push up itu sikotnya nggak terlalu lebar kira-kira 45 derajat lah atau senyaman kalian yang penting nggak terlalu lebar salah ketiga adalah nggak nge-nge-nge-nge-nge cor jadi punggung yang melengkuk gini nih ayo ngaku siapa yang kayak gini juga kalau pas lagi push up solusinya adalah nge-nge-nge-nge cor pahad dan pantat kalian sehingga pas lagi turun itu kayak satu garis lurus gini nih nah terus pas naik juga kayak satu garis lurus nah salah yang keempat bau nya terlalu maju ke depan gini nih ada yang kayak gini juga solusinya adalah mengundurin bau nya ke belakang gini biar posisi push up itu lebih enak buat bahu kalian dan lebih fokus di tes dan resep kalian kan kesalahan paling sering adalah nggak ngatur napas atau bahkan na napas pas lagi push up ayo ngaku siapa yang kayak gini juga jadi coba kalian tuh pas turun itu tarik napas nah terus abis itu pas kalian naik buang napas huh jadi pas turun tarik napas terus pas naik buang napas huh coba dari 5 kesalahan tadi masih ada yang kalian lakuin kalau ada coba komen di bawah ya kalau misalnya kalian udah bener semua pun juga nggak apa pak komen di bawah juga ya ha ha ha share video ini kalau bernama Faat Stab Semangat dan Stehal,6,salah push nomor salah posisi leher lurus punggung kudet push posisi lehernya rundok gini leher tegang bagus posisi lehernya lurus punggung arah pandangnya kirakira arah salah buka sikot lebar kayak gini nih aduh banget lihat videovideo gitu tuh sikot bahu coba putertangannya hadap gini pas turun push sikotnya lebar kirakira derajat senyaman lebar salah ketiga ngengengengenge cor punggung melengkuk gini nih ayo ngaku kayak gini pas push solusinya ngengengenge cor pahad pantat pas turun kayak garis lurus gini nih pas kayak garis lurus salah keempat bau nya maju gini nih kayak gini solusinya mengundurin bau nya gini posisi push enak bahu fokus tes resep kesalahan ngatur napas napas pas push ayo ngaku kayak gini coba tuh pas turun tarik napas habis pas buang napas huh pas turun tarik napas pas buang napas huh coba kesalahan lakuin coba komen bener komen share video bernama faat stab semangat stehal
"Welcome to part 2, ini yang pertama, dia satu set gitu tapi ya, gue gak tau nih salah pengiriman atau bagaimana warna beda cuy, yang ini item abu-abu, yang ini item putih gitu saya gak tahan nih, tapi bahannya enak banget dan gue suka atasnya tuh ada karatin gitu jadi kalo lo ke atasin, which I always do, dia akan stay disitu gak turun-turun mulu gitu So that's a great idea, but I also wish this is a bit longer karena aku suka yang agak gombrong-gombrong gitu, modelannya yakin, ya kan? But this is nice, bahannya adem banget parah Terus ini set yang kedua, ini bahan rajut gitu tapi masih gak terlalu tebel, gak terlalu tipis masih adem banget dipakainya, ups ada benang oh, benangnya panjang ini bilang gue setrika ya, maaf-maaf gak usah kecot tapi gue suka warnanya dan again, gue akan lebih suka kalo lebih panjang gitu atasannya tapi yang gak apa-apa ini juga akan nyiplak banget ya, kalo atasannya sependek ini akan nyiplak jadi again pasti kan pake pantis yang seamless set yang selanjutnya adalah warna merah-marun ini, gue suka banget ini dan bahannya juga enak banget masih rajutan tapi kayak tipis dan gak gerah gitu ini panjangnya pas menurut gue, gue tuh sukanya kayak ini yang kayak atasannya nutuk bawahnya gitu loh kalo lo mau bikin celana yang bahannya tipis, aku suka atasannya panjang gitu gue suka bahannya, gue suka warnanya, gue suka modelnya, reali tangannya kayak santai banget gitu karena sampai sini dan it's just, it's oversized, it's come to ball, I love this nah, ini salah satu favorit gue, gue suka banget ini potongannya bagus banget bahannya juga enak banget dan harganya murah, meriaks, inget gue juga ada warnanya macam-macam udah gitu, rocknya dibalaknya ada slitnya gitu, so don't worry, you can still move very, very freely nanti kita ada bodi white, gue suka ini, gue udah lama banget nyari bodi white warna putih gue gak main terlalu tipis atau apa gitu, karena putih ya kan tapi ini kayak dua lapis gitu, jadi it's very, very nice and it holds pretty tightly terakhir kita punya kemeja putih, ini juga enak banget bahannya, agak tebel, belum disetrikah, maaf ya adem dan bahannya jatoh, dan kayaknya warnanya juga banyak banget, so I really, really like this and that's it, Sukihan Shopee Hall saya",4,"welcome part pertama, set gitu ya, nih salah pengiriman warna beda cuy, item abuabu, item putih gitu tahan nih, bahannya enak banget suka atasnya tuh karatin gitu atasin, always do, stay disitu turunturun mulu gitu thats great idea, also wish bit longer suka gombronggombrong gitu, modelannya yakin, kan? nice, bahannya adem banget parah set kedua, bahan rajut gitu tebel, tipis adem banget dipakainya, ups benang oh, benangnya bilang setrika ya, maafmaaf kecot suka warnanya again, suka gitu atasannya apaapa nyiplak banget ya, atasannya sependek nyiplak pake pantis seamless set warna merahmarun ini, suka banget bahannya enak banget rajutan kayak tipis gerah gitu panjangnya pas saya, tuh sukanya kayak kayak atasannya nutuk bawahnya gitu loh celana bahannya tipis, suka atasannya gitu suka bahannya, suka warnanya, suka modelnya, reali tangannya kayak santai banget gitu just, oversized, come ball, love nah, salah favorit saya, suka banget potongannya bagus banget bahannya enak banget harganya murah, meriaks, inget warnanya macammacam gitu, rocknya dibalaknya slitnya gitu, dont worry, still move very, freely bodi white, suka ini, banget nyari bodi white warna putih main tipis gitu, putih kayak lapis gitu, very, nice holds pretty tightly kemeja putih, enak banget bahannya, tebel, disetrikah, maaf adem bahannya jatoh, kayaknya warnanya banget, really, really like thats it, sukihan shopee hall"
"jadi doktor ikan sama sekali gak mudah sering kali aku dapet klien yang ikannya sakit satu kolam contohnya ikan-ikan ini, populasi kolamnya ada 30 ekor semuanya gak mau makan ikan akhirnya di evakuasi semua di tempat karantina sementara kolam airnya full kita ganti dan kita reset ikan-ikan yang di karantina aku pisahkan berdasarkan gejala kelines yang gejalannya paling parah aku jadikan satu di satu tempat ikan-ikan inilah yang aku terapi paling intensif apakah kasus ini bisa selesai dengan jangka waktu satu atau dua hari? jawabannya tentu saja tidak aku dan tim doktor aku butuh waktu selama 3 minggu untuk menyelesaikan kasus ini selama 1-2 hari kita rutin visit ke tempat klien untuk observasi dan makukan pengobatan apakah semuanya bisa berhasil kali selamatkan? tentu saja tidak yang bertahan kurang lebih hanya 18 ekor beberapa ikan yang menunjukkan gejala kelines paling parah justru yang selama yang insangnya sudah nekrosis atau busuk sebanyak 70 persen sampai hari ini masih hidup setelah sudah selesai pengobatan ikan satu persatu kita rilis kembali ke kolam ikan terlihat sudah lebih lincah dan yang tidak kalah penting ikan sudah mau makan aku dan owner ngerasa happy banget setelah 3 minggu perjuangan",6,"doktor ikan mudah kali dapet klien ikannya sakit kolam contohnya ikanikan ini, populasi kolamnya ekor makan ikan evakuasi karantina kolam airnya full ganti reset ikanikan karantina pisahkan berdasarkan gejala kelines gejalannya parah jadikan ikanikan terapi intensif selesai jangka hari? jawabannya tim doktor butuh minggu menyelesaikan rutin visit klien observasi makukan pengobatan berhasil kali selamatkan? bertahan ekor ikan gejala kelines parah insangnya nekrosis busuk persen hidup selesai pengobatan ikan persatu rilis kolam ikan lincah kalah ikan makan owner ngerasa happy banget minggu perjuangan"
"kamu pengen badanmu lebih bagus, tapi kamu tidak bisa ke gym dan tidak punya alat di rumah you need to notice kamu juga bisa bentuk badan di rumah tanpa alat berikut ini gerakan-gerakan untuk melatih seluruh badanmu mulai dengan gerakan push up untuk kuatkan otor dada, bahu dan triceps kalau kamu belum bisa push up, lakukan knee push ups selanjutnya squat yang melatih seluruh tubuh bagian bawah untuk kuatkan otor trut plank dan untuk pinggang dan punggung gerakan superman seperti ini nanti gerakan lungges untuk melatih otor kaki dan glute bridge untuk kuatkan secara spesifik bokong dan pahablakan gerakan terakhir dips di atas kuosi untuk fokus ke otor bahu dan triceps si, kalian bisa latihan seluruh badan di rumah tanpa alat jatuh alat yang lengkap di caption so check it out btw kamu lebih suka latihan di gym atau rumah let me know",6,"badanmu bagus, gym alat rumah need notice bentuk badan rumah alat gerakangerakan melatih badanmu gerakan push kuatkan otor dada, bahu triceps push up, lakukan knee push ups squat melatih tubuh kuatkan otor trut plank pinggang punggung gerakan superman gerakan lungges melatih otor kaki glute bridge kuatkan spesifik bokong pahablakan gerakan dips kuosi fokus otor bahu triceps si, latihan badan rumah alat jatuh alat lengkap caption check btw suka latihan gym rumah let know"
3 tibel untuk memulah 1. Bekswing tangannya harus urus 2. Bekswing sikunya tidak boleh bengkok pandangan ke patatnya bola 3. Glove harus menggunakan globe supaya tidak terjadi lecet kalian bisa beli globe di garuda prosop driving ring mari ikut kita antar kalian bisa beli globe di garuda prosop driving ring sesuai ke inginan anda ada nomornya tangannya apa nomor berapa kita sesuaikan supaya jadinya di jalan longgar tinggal pilih,7,tibel memulah bekswing tangannya urus bekswing sikunya bengkok pandangan patatnya bola glove globe lecet beli globe garuda prosop driving ring mari beli globe garuda prosop driving ring sesuai inginan nomornya tangannya nomor sesuaikan jalan longgar tinggal pilih
"HVGN Interback Infinix sudah datang, ini adalah Infinix GT 30 Pro lihat ini, desain baru nya keren banget kan Infinix menyebutnya sebagai Cyber Mega Design with Mechanical Light Wave sekarang semakin terasa nih gamingnya karena ada fitur GT Trigger nya ini seperti tombol L1 dan R1 pada controller buat main game tempat-tempat kan asik banget nih pake yang satu ini ya SOC nya Mediatek Dimensity 8350 Ultimate performasi sudah jelas super kencang main gamesin impact setting nya rata kanan masih lancar banget di padukan layar Amoled 144Hz membuat kita bisa bermain game dengan frame rate di atas 60fps cooling sistem nya pun sekarang tambah canggih kalau kita beli dengan gaming kit kita akan dapat case dan cooler spesial jadi tanpa perlu lepas case kita bisa pake cooler ini supaya bore nya tetap adem saat gaming dan menariknya lagi, cooler ini juga bisa berposis sebagai wireless charger botany sendiri 5550MHz, charger 45W dan bypass charging tentunya bisa meskipun ini spesial untuk gaming tapi kelembapan lain juga oke nih kamera utamanya 50MP bisa merekam video 4K 60fps dan masih ada kamera ultrawide juga 8MP, speaker sudah stereo OIS-L sudah pake XOS 15 Android 15 dan fitur EI nya seguda nih, ada banyak kan? jadi kalau budget kalian 4 jutaan dan lagi nyari smartphone untuk gaming kalian tidak perlu menunggu lebih lama lagi karena",4,"hvgn interback infinix datang, infinix pro lihat ini, desain nya keren banget infinix menyebutnya cyber mega design mechanical light wave nih gamingnya fitur trigger nya tombol controller main permainan tempattempat asik banget nih pake soc nya mediatek dimensity ultimate performasi super kencang main gamesin impact setting nya kanan lancar banget padukan layar amoled bermain permainan frame rate fps cooling sistem nya canggih beli gaming kit case cooler spesial lepas case pake cooler bore nya adem gaming menariknya lagi, cooler berposis wireless charger botany mhz, charger bypass charging spesial gaming kelembapan oke nih kamera utamanya merekam video fps kamera ultrawide mp, speaker stereo oisl pake xos android fitur nya seguda nih, kan? budget jutaan nyari smartphone gaming menunggu"
"Tips langkah kaki untuk kejar servis jauh Kemarin, gue udah kasih tau cara posisi awalnya Sekarang kita fokus pada langkah kakinya ya Setelah melakukan posisi awal, kaki kiri agak serong dan kaki kanan agak jingit Kalian harus melakukan step langkah lebar ke belakang seperti ini Dan berikan loncatan saat langkah terakhir Kalau kalian telat atau posisi kurang nyaman untuk melakukan smash Kalian bisa gunakan bukulan clear atau drop shot untuk mengatur tempo permainan Kita coba ulang sekali lagi ya, perhatikan baik-baik langkah kakinya Bagaimana? Udah siap cobain dalam panel lagi? Jangan lupa follow ya",4,"tips langkah kaki kejar servis kemarin, kasih posisi fokus langkah kakinya posisi awal, kaki kiri serong kaki kanan jingit step langkah lebar loncatan langkah telat posisi nyaman smash bukulan clear drop shot mengatur tempo permainan coba ulang ya, perhatikan baikbaik langkah kakinya bagaimana? cobain panel lagi? lupa follow"
"Yuk temanin aku siap-siap ini Valentine's Day Dan aku hari ini pengen nyobain ini Ini cushion time 4 yaitu Pake jadi keren banget Lumayan banyak sih produk baru yang aku mau coba ya Pertama aku mau coba kalau karating dari Jung Sam Wol Ini Artist Concealer Palette Ini aku mau pakai hijau nya Buat ngecancel out merah-merah di kulit aku Kita idung juga Ya aku udah koreks setengah muka aku Kalian bisa lihat yang ini masih merah-merah Yang ini lebih neutral warnanya Menurut aku warna hijau nya bagus banget Benda rebikin kulit aku lebih neutral dan merah-merahnya Lebih tone down Setahu aku ini tuh matte cushion Jadi aku mau pakai hydrating glowy spray dulu Ini yang dari Dalba Lihat sekarang sebelum ngapain kulit aku Pake si Dalba Ini cushion aku pakai shade 01 cream Harus ini cocok untuk kulit aku Mari kita coba Aku bakal tap presidunya disini Biar gak terlalu banyak Wow, ini masih sehat-sahit tap yang tadi Bagaimana sehat-sahit Masih-sahit tadi aku pakai hijau dan dikit Untuk sekitar idung nya aku selalu ngobrol lagi Pake brush karena pakai sponge itu agak susah Oke, apa yang kamu pikir? Aku suka Kulit aku kayak Saya suka Sehat dan coverage-nya menurut aku ini lumayan Ini kayaknya bisa dibilat ke full Karena ini tadi cuma 1 tap Tapi coverage-nya udah kayak gini Aku mau contour pakai shiglam Favorite contour aku Ini liquid contournya yang shade soft 10 Waduhnya asy banget Dan caranya aku contour kayak gini Karena muka aku itu bulat Gak ada definisi garis, tulang, pipi Jadi aku contour bagian luar nya aja Muka aku kelihatan lebih kecil gitu Udah contour Itu hasilnya Next aku mau cobain blush baru Ini dari Ao Beauty Soft Cream Blush Kayaknya dia gemes banget Ini yang shade 06 luke warm cheeks Shade nya kayak gini Aku juga beli applicator nya Aplikatornya kaya banget, kayak sponge ujungnya Lalu cintik banget Aku bawa sedikit ke bawah mata Cantik banget perananya Untuk ngeset aku mau pakai MOP Cie Micro Blur Translucent Lush Powder Ini bedanya kodak di set Biar bener ngeblur kulit Aku biasanya ngeset bagian center muka aja Jadi biarin bagian sini nya itu tetep glowy jadi biarin bagian sini nya itu tetep glowy sekarang aku mau contour idung, pakai art class aku pakai juga dengan basheon sama di bawah mata di crease juga aku mau buat eyeliner, pakai can make creamy touch liner jadi gitu, dipanjangin dikit aja matanya dikit belom mata karena biar bulu mata kita itu lentik dan maskerataan lama itu jepitnya harus lama 30 detikan minimal untuk mascara aku mau pakai si heroine make micro mascara yang kecil ini pertama kali aku nyobain mascara ini dan hasilannya natural banget kayak wispy gitu untuk alis aku udah hampir 2 tahun kayaknya udah ganti-ganti pakai luxe crime ini my favorite pencil alis yang wanna ash betulnya alis aku tuh aslinya nggak sependek ini cuma ini aku cukur karena bentuk alis aku turun dan aku lebih suka look alis yang lebih lurus karena lebih cocok buat muka aku jadi aku selalu buat ujungnya aku gambar terus untuk neset alisnya aku pakai high brow brow sculpt ini tan bunting but ini kayak wax buat alis as always fake mousse pakai highlighter di idung buat neset di idung jadi aku mau pakai highlighter untuk neset semuanya aku mau pakai mother of pearl yang satin ini aku nggak salah untuk lip product aku mau nyobain ini ini kayak lip balm tapi transfer proof dan focalure aku udah lama banget nggak pakai produk focalure jadi aku kepo sekarang mereka tuh produknya gimana aku lihat tuh hasilnya glossy cuman ya nggak transfer cuman nggak transfer bold juga ya warnanya aku mau pakai dikit-dikit aja dan ini aku nggak pakai lip liner loh cuman aku blur ke arah-luar aja udah automatically overline lips oke ini harusnya udah kering transfernya dikit sih cuman segitu dan most of the product masih di bibir aku dan geloh saya masih ada oke mari kita ganti baju so this is the finish look cushionnya cantik banget di kulit aku tapi aku nggak tau ketahanan ini gimana cuman untuk first impression aku suka dan lip product sepa colour juga buat aku ini bagus banget aku baru pulang dan aku mau cekin sedikit sebelum aku apus make up aku karena aku mau kasih atas kalian ini cushionnya setelah pemakaian 8 jam karena sekarang udah mau jam 1 tadi aku aplikasiin jam 4 dan aku ngerasa kulit aku masih bagus banget aku dari tadi salvox dia ngaca aku ngerasa hari ini tuh good skin day natural oils dari kulit aku udah mulai keluar makanya ini udah dui sekarang ini abis aku taca pake press powder dan aku ngerasa make up aku kayak make up baru freshly applied dan bener-bener belum menghilang sama sekali dari kulit aku dia long wearing banget dan 8 jam masih sehindah ini terus aku mau update transfer proof lip balmnya pokal lur ini stain yang dia tinggalin aku cinta banget stainnya glossnya udah hilang tapi aku udah makan nonton bioskop sama banget pokoran lagi jadi ini stainnya masih dari yang pertama aku apply tadi glossnya udah hilang cuma stainnya bagus banget tapi ini gak transfer proof sih tapi buat lip balm kayak gini dia emang tanlamas sekali karena dia stain stain power nya itu tinggi aku suka banget sama ini cuma aku wish mereka punya warna yang lebih kayak coklat gitu atau kayak pinknya lebih mofi atau lebih cool tone karena ini dasarnya tuh lebih kayak kepici warm pinky coral bingung jelasin ya udah lama gak ngomong di video tekian untuk video hari ini gitu bye",4,"yuk temanin siapsiap valentines day nyobain cushion time pake keren banget lumayan sih produk coba coba karating jung sam wol artist concealer palette pakai hijau nya ngecancel merahmerah kulit idung koreks muka lihat merahmerah neutral warnanya warna hijau nya bagus banget benda rebikin kulit neutral merahmerahnya tone setahu tuh matte cushion pakai hydrating glowy spray dalba lihat ngapain kulit pake dalba cushion pakai shade cream cocok kulit mari coba tap presidunya wow, sehatsahit tap sehatsahit masihsahit pakai hijau dikit idung nya ngobrol pake brush pakai sponge susah oke, pikir? suka kulit kayak suka sehat coveragenya lumayan kayaknya dibilat full tap coveragenya kayak gini contour pakai shiglam favorite contour liquid contournya shade soft waduhnya asy banget contour kayak gini muka bulat definisi garis, tulang, pipi contour nya aja muka gitu contour hasilnya next cobain blush beauty soft cream blush kayaknya gemes banget shade luke warm cheeks shade nya kayak gini beli applicator nya aplikatornya kaya banget, kayak sponge ujungnya cintik banget bawa mata cantik banget perananya ngeset pakai mop cie micro blur translucent lush powder bedanya kodak set bener ngeblur kulit ngeset center muka aja biarin nya tetep glowy biarin nya tetep glowy contour idung, pakai art class pakai basheon mata crease eyeliner, pakai make creamy touch liner gitu, dipanjangin dikit aja matanya dikit belom mata bulu mata lentik maskerataan jepitnya detikan minimal mascara pakai heroine make micro mascara kali nyobain mascara hasilannya natural banget kayak wispy gitu alis kayaknya gantiganti pakai luxe crime favorite pencil alis wanna ash betulnya alis tuh aslinya sependek cukur bentuk alis turun suka look alis lurus cocok muka ujungnya gambar neset alisnya pakai high brow brow sculpt tan bunting kayak wax alis always fake mousse pakai highlighter idung neset idung pakai highlighter neset pakai mother pearl satin salah lip product nyobain kayak lip balm transfer proof focalure banget pakai produk focalure kepo tuh produknya gimana lihat tuh hasilnya glossy cuman transfer cuman transfer bold warnanya pakai dikitdikit aja pakai lip liner loh cuman blur arahluar aja automatically overline lips oke kering transfernya dikit sih cuman segitu product bibir geloh oke mari ganti baju finish look cushionnya cantik banget kulit ketahanan gimana cuman first impression suka lip product sepa colour bagus banget pulang cekin apus make kasih cushionnya pemakaian jam jam aplikasiin jam ngerasa kulit bagus banget salvox ngaca ngerasa tuh good skin day natural oils kulit dui habis taca pake press powder ngerasa make kayak make freshly applied benerbener menghilang kulit long wearing banget jam sehindah update transfer proof lip balmnya pokal lur stain tinggalin cinta banget stainnya glossnya hilang makan nonton bioskop banget pokoran stainnya apply glossnya hilang stainnya bagus banget transfer proof sih lip balm kayak gini emang tanlamas stain stain power nya suka banget wish warna kayak coklat gitu kayak pinknya mofi cool tone dasarnya tuh kayak kepici warm pinky coral bingung jelasin ngomong video tekian video gitu bye"
kalau kalian cuma ada 30 menit lakuin atiak ini di rumah siapin matras dan ambil beban kalian mulai dengan 10 goblets squat lanjut 10 lanjes ke matras buat 10 push up posisi berlutut dan lakuin 10 kneeling press,6,menit lakuin atiak rumah siapin matras ambil beban goblets squat lanjes matras push posisi berlutut lakuin kneeling press
do you also want to have a killer volley? watch and learn about this important important important footwork tip which is the split step do you use it already? the split step is a small hop as you can see right before the opponent hits why the split step it makes you simply faster react faster stay light on the feet and you maintain a good balance when contacting the ball as you can see he's more active which results in better follies for more tips like and share BAMOS,6,also want killer volley? watch learn important important important footwork tip split step use already? split step small hop see right opponent hits split step makes simply faster react faster stay light feet maintain good balance contacting ball see hes active results better follies tips like share bamos
"Ongkutan denger-denger kata lu kalau nutuk laptop lama-lama sambil menitoran bukan berusaha klare laptopnya. Solusi dong. Hock? Ya, pakainya sambil dibuka jelah ya. Dan lu bisa top up game kesukaan lu di GTD Top Up.",6,"ongkutan mendengarmendengar nutuk komputer jinjing lamalama menitoran berusaha klare laptopnya. solusi dong. hock? ya, pakainya dibuka jelah ya. isi ulang permainan kesukaan gtd isi ulang."
"kalau di runut dari bawah sampai atas mengendai trading apa segala macemnya gitu ya urutannya dari bawah ke atas yang bawah itu paling rendah lah dari itu forest luar paling bawah paling bawah atasnya? atasnya bitcoin crypto, ya bitcoin-bitcoin, jadi crypto lah bitcoin crypto terlalu luas ya ya bitcoin atasnya lagi? atas lagi mas atasnya lagi? mas dan US dollar ya ah oke atasnya lagi saya saham saham itu multi player kalau mengamankan itu mas sama US dollar oh ya memang ada dua dua game ya? yes pengamanan sama yes karena cara cari uang sama cara defensif kan beda spending and saving ya lu tinggal pilih lah spendingnya lu kayak gimana savingnya lu kayak gimana yes nah tapi kalau belum kayak harus agresif jadi kebanyakan orang tuh masih miskin terus dia takut agresif justru sama nih kayak kita main bola kalau kita masih kekurangan angka kita kan harus agresif nyarangnya gitu loh begitu udah gold 1,2 kita mainnya defensif keuangan juga sama kalau lu masih miskin lu harus agresif itu harus kerja terus jangan tidur lu ya kalau lu belum sukses jangan tidur kerja terus tidur nanti tunggu mati ya",1,"runut mengendai trading macemnya gitu urutannya rendah forest atasnya? atasnya bitcoin crypto, bitcoinbitcoin, crypto bitcoin crypto luas bitcoin atasnya lagi? mas atasnya lagi? mas dollar oke atasnya saham saham multi player mengamankan mas dollar permainan ya? yes pengamanan yes cari uang defensif beda spending saving tinggal pilih spendingnya kayak gimana savingnya kayak gimana yes kayak agresif kebanyakan orang tuh miskin takut agresif nih kayak main bola kekurangan angka agresif nyarangnya gitu loh gold mainnya defensif keuangan miskin agresif kerja tidur sukses tidur kerja tidur tunggu mati"
"Bok besar yang diangkut pakai helikopter sampai di GBK sekarang ada di Sarina, Tamrin Dan di dalamnya ini ada mobil baru yang akan dilouncing sama Mitsubishi Katanya, di dalam kotak ini ada mobil terbaru dari Mitsubishi Bensinnya turbo, 7 penumpang, lega, dan ada selengkap Piyok, kita indip Pokoknya kalau kata Mitsubishi, mahal mereka lagi nyapain mobil baru yang lebih nyaman, lebih lega, dan lebih cocok buat keluarga Kira-kira tahu ga mobil apaan? Coba komen di bawah, yang bener, kirimin saya pusah Atau kalian pengen dapetin hadiah beneran? Langsung aja kesini ikutan foto Han Challenge dengan foto di depan box gede ini Siapa tau kan dapet hadiah beneran? Terus jangan lupa, panpengnya terus sosial media yang Mitsubishi, karena tanggal 17 nanti kita akan nonton bareng-bareng World premiere-nya mobil yang ada di box ini Nah kira-kira apa? Kira tubuh jawabannya disana",6,"bok diangkut pakai helikopter gbk sarina, tamrin dalamnya mobil dilouncing mitsubishi katanya, kotak mobil terbaru mitsubishi bensinnya turbo, penumpang, lega, selengkap piyok, indip pokoknya mitsubishi, mahal nyapain mobil nyaman, lega, cocok keluarga kirakira mobil apaan? coba komen bawah, bener, kirimin pusah dapetin hadiah beneran? langsung aja kesini ikutan foto han challenge foto box gede dapet hadiah beneran? lupa, panpengnya sosial media mitsubishi, tanggal nonton barengbareng world premierenya mobil box kirakira apa? tubuh jawabannya disana"
"selesai juga turde ASEAN dan mobilnya akan kita tinggal karena nanti setelah gas kita akan balik lagi kemudian kita berangkat lagi menuju Cina nah semua barang di mobil ini kita tinggal ya termasuk tulkit-tulkit ini sangat kepake sekali terutama ini automatic tire repair kit ya jadi dia itu bisa menambal ban dengan instan ya jadi ada cairannya tapi yang paling kepake ini nya karena beberapa kali di port kelang kita kekurangan angin kemudian di Thailand kita kurangan angin lagi jadi ini kepake buat ngisi angin kemudian negiban bakar ternyata gak kepake karena kita menemukan banyak pembensin di sepanjang ASEAN dari Malaysia, Thailand, Kambuja sampai Laos itu gak ada masalah nah terus ini kita pake buat jaga-jaga kalau misalkan kita harus ganti ban jadi kalau misalkan ban kita yang pecah kita mesti ganti ban serap, mesti buka-buka baut gitu kan lebih cepet buka laknats pakai ini kunci-kunci tulkit mesin air juga kepake buat ngencangan cenggin part-part kayak misalkan ban perbawa sama roof rack kita jadi sepanjang perjalanan ini mobil bergetar, jalan goyang itu biasanya baut-baut suka agak kendor makanya jg ngencangan cenggin dan kita pastikan semua perjalanan kita selamat jadi tulkit ini akan kita tinggal di sini dan kita akan balik ke Indonesia pokoknya kalau urusan power tool satu tulkit pakai mesin air aja tulkitnya slack ganti baru dan untuk power toolsnya kalau misalkan usahk sepep part-air tersedia dan servis-satornya ada di mana-mana",5,"selesai turde asean mobilnya tinggal gas berangkat cina barang mobil tinggal perlengkapanperlengkapan kepake automatic tire repair kit menambal ban instan cairannya kepake nya kali port kelang kekurangan angin thailand kurangan angin kepake ngisi angin negiban bakar kepake menemukan pembensin asean malaysia, thailand, kambuja laos pake jagajaga ganti ban ban pecah mesti ganti ban serap, mesti bukabuka baut gitu cepet buka laknats pakai kuncikunci perlengkapan mesin air kepake ngencangan cenggin partpart kayak ban perbawa roof rack perjalanan mobil bergetar, jalan goyang bautbaut suka kendor ngencangan cenggin pastikan perjalanan selamat perlengkapan tinggal indonesia pokoknya urusan power tool perlengkapan pakai mesin air aja tulkitnya slack ganti power toolsnya usahk sepep partair tersedia servissatornya manamana"
"Kita akan pakai eyeliner dulu, namanya Simplify Matic Eyeliner Dia bulet gitu yang berwarna hitam, terus yang satu lagi itu yang warna... ...beli Emang aku bilang tadi kan, eye product yang muok tuh gak ada yang gada, beneran deh Oke, sekarang kita akan pakai eyeliner yang coklat aja Dia dengan big mentasi segini, masih bisa di smudge atau enggak gitu Oke, masih bisa di smudge, perfect Ini eye shade dulu, glamour tergampang yang pernah aku bikin, pakai 2 produk doang Sekarang aku pakai eyeliner udah gini dulu Terus aku punya lip productnya itu ada 3 shade, ada yang shade merah Namanya Dark Burgundy, tapi warnanya gak Dark Burgundy lucunya Ini kalau menurut aku kayak Blueish Undertone Flash Red gitu Terus aku juga punya 2 warna nude-nya, yaitu yang Coral, Coy, sama yang Clam Shell, ini yang Clam Shell, yang ini Coral 3 Coral 3 ini biasanya nih cocok nih, buat diombre sama warna merah kayak gini Jadi yang akan aku pakai shade Clam Shell hari ini Oke, sekarang aku mau pakai shade bombshell pinky brown ya Ini tuh kayak warna kontor aja gitu, cantik Aku yakin kalau aku pakai pasti banyak yang ngelain Ini straculate apa, Kak? Terus aplikatornya bagus banget, bentuknya dia kayak gini Bismillah, guys, semoga gak kering bibir, karena warnanya cakabat Lihat deh aku belum pakai alis, aku belum pakai mascara Tapi kayak udah cakabat, make upnya kita bersihin ya, kita rapihin Ihh, bagus banget kalau dari kamera sih aku suka banget Ini kayak warna bibir, anggalan aku banget sih Oke, sopar jangan kering, masih ada moist-nya gitu Tapi sudah transfer proof, ini enak banget dan bagus banget Makin semangat Oke, guys, finally the make up is done Nah, ini sebenarnya belum selesai, tapi sebenarnya masih ada lip gloss Tapi sebenarnya aku tuh udah suka banget gitu loh Tapi kita coba aja ngapapa-paka lip gloss-nya Aduh, aplikatornya besi, guys Aku gak suka kalau aplikator besi, karena dia pasti ngegeser-geser Dan gak langsung keambil banyak gitu Dan tekstur lip gloss-nya terlalu cair buat aku, oke fine Jadi kita gak lanjutin pakai lip gloss-nya Kesimpulannya, produk favorit aku dari Moac adalah semua eye produknya Lihat ini hasil make up aku kayak hasil make up M.U.A Padahal cuma pakai satu eye shadow tanpa pakai brush apapun Seidah itu, produk lip-nya juga aku suka banget Karena ini tuh tipe aku banget, kayak lebih ke moist gitu ya Transfer proof matte, tapi masih ada moist-nya Dan aku yakin ini kalau dipakai makan akan hilang sedikit Tapi aku lebih baik, reapply dibanding aku harus Memerasakan kering krontang yang gak jelas Yang aku gak cocok itu adalah lus powder-nya Karena menurut aku terlalu matte di kulit aku Cuma tadi pas aku pakai duit setting spray, satin setting spraynya M.U.T Hasilnya jadi keliatan flawless lagi, aman Foundation-nya menurut aku kayak cocok untuk daily make up, oke aja Buka sesuatu yang kayak wow banget Yang lainnya semuanya oke aja, yang aku paling gak suka lip gloss-nya Spongebob-nya juga bagus banget ya Itulah dia, kesimpulannya dari Moac Gimana menurut kalian hasil make up aku hari ini Ini temanya adalah flowy Kardashian inspired Lada ya, mirip kan? Kena kering, kita cek obsidasi dari foundation-nya ya Warnanya foundation udah didimin satu jam Ini yang freshly applied, ini setelah mengering Jadi ternyata dia pada saat mengering turun ya Turun dan agak berubah juga under tone-nya Tapi di kulit aku set ngerasanya kayak gak apa-apa Di awal video kan keliatan dekat tarahan banget Sekarang tuh jadi kayak lebih nyatu ke kulit gitu Jadi kok kalian mau beli foundation-nya Moac Saran aku beli sekeliton di atas kinton kalian Ya soalnya lumayan, lumayan obsidasinya ya Ada panggaringan dan ada obsidasinya dikit Oke, itu aja dia, komen di bawah Next-nya dari brand apa lagi yang perlu kita bikin one brand tutorial Mari kita tutup saja videonya And I'll see you on the next video, bye bye Kita akan pakai eyeliner dulu Namanya Simply Vimatic Eyeliner Dia bulet gitu dan berwarna hitam Terus yang satu lagi itu yang warna... Beli Emang aku bilang kan tadi kan Eye productnya muak tuh gak ada yang gak ga Beneran deh Oke sekarang kita akan pakai eyeliner yang coklat aja Dia dengan begmentasi segini Masih bisa di smudge atau enggak gitu Oke, masih bisa di smudge Perfect Ini eyeshadow dulu Glamur tergampang yang pernah aku bikin Pake dua produk doang Sekarang aku pake eyeliner udah ganti dulu Terus aku punya lip productnya itu ada 3 shade Ada yang shade merah Namanya Dark Burgundy Tapi warnanya gak Dark Burgundy lucunya Ini kalau menurut aku kayak Blueish Undertone Flash Red gitu Terus aku juga punya dua warna nukenya Yaitu yang Coral, Cui Sama yang Clam Shell Ini yang Clam Shell Yang ini Coral Tree Coral Tree ini biasanya nih Cocok nih buat di ombre-ombre sama warna merah kayak gini Jadi yang akan aku pake shade Clam Shell hari ini Oke sekarang aku mau pake shade bombshell pinkie brown ya Ini tuh kayak warna kontor aja gitu Cantik Aku yakin kalau aku pake pasti banyak yang ngelain Ini pake lip apa kak? Terus applicatornya bagus banget Bentuknya dia kayak gini Bismillah guys Semoga ngekering bibir karena warna cakabat Lihat deh aku belum pake Alice Aku belum pake mascara tapi kayak udah cakabat Makape kita bersihin ya Kita rapihin Ihh bagus banget Kalau dari kamera sih aku suka banget Ini kayak warna bibir anggalan aku banget sih Oke sopar dungering guys Masih ada moistnya gitu Tapi sudah transfer proof Ini enak banget dan bagus banget Makin semangat Oke guys finally the makeup is done Dan nah sebenernya belum selesai Tapi sebenernya masih ada lip gloss Tapi sebenernya aku tuh udah suka banget gitu loh Tapi kita coba aja ngapapa lip glossnya Eduh applicatornya besi guys Aku nggak suka kalau applicator besi Karena dia pasti ngegeser-geser Dan nggak langsung keambil banyak gitu Dan tekstur lip glossnya terlalu cair buat aku Oke fine Jadi kita ngelanjutin pake lip glossnya Kesimpulannya Produk favorit aku dari Moac adalah semua eye produknya Lihat ini hasil makeup aku kayak hasil makeup M.U.A Tadahnya cuma pake satu eyeshadow Tanpa pake brush apapun Produk lipnya juga aku suka banget Karena ini tuh tipe aku banget kayak lebih ke moist gitu ya Transfer proof matte tapi masih ada moistnya Dan aku yakin ini kalau dipake makan akan hilang sedikit Tapi aku lebih baik Keri apply dibanding aku harus Memerasakan kering krontang yang nggak jelas gitu Yang aku nggak cocok itu adalah lus powdernya Karena menurut aku terlalu matte di kulit aku Cuman tadi pas aku pake dui setting spray Satin setting spraynya M.U.P Hasilnya jadi klapkan flawless lagi Foundationnya menurut aku kayak cocok untuk daily makeup Oke aja buka sesuatu yang kayak wow banget Yang lainnya semuanya oke aja Yang aku paling nggak suka lip glossnya Spongebobnya juga bagus banget ya Itulah dia kesimpulannya dari Moac Gimana menurut kalian hasil makeup aku hari ini Ini temanya adalah Cloomy Kardashian Inspired Lihat ini mirip kan Kita cek obsidasi dari foundationnya ya Wana foundation udah didimin satu jam Ini yang freshly applied Ini sekelah menerin Jadi ternyata dia pada saat menerin Turun ya Turun dan agak berubah juga under tonenya Tapi di kulit aku set ngerasanya kayak nggak apa-apa Di awal video kan klapkan di keterangan banget Sekarang tuh jadi kayak lebih nyatu ke pulit gitu Jadi kalau kalian mau beli foundation yang moac Saran aku beli 1 ton di atas skin tone kalian Ya soalnya lumayan Lumayan obsidasinya ya Ada pangeringan dan ada obsidasinya dikit Oke itu aja ya Comment di bawah, nextnya dari brand apa lagi yang perlu kita bikin One Brand tutorial Mari kita tutup saja videonya And I'll see you on the next video, bye bye Kita akan pakai eyeliner dulu Namanya Simply Fymatic Eyeliner Dia bulet gitu dan berwarna hitam Terus yang satu lagi itu yang warna... ...kele Emang aku bilang tadi kan Eye productnya moac tuh nggak ada yang nggak ada Beneran deh Oke sekarang kita akan pakai eyeliner yang coklat aja Dia dengan pigmentasi segini Masih bisa di smudge atau nggak gitu Oke masih bisa di smudge Perfect Ini eyeshadow dulu gamur tergampang Yang pernah aku bikin pakai 2 produk doang Sekarang aku pakai eyeliner udah gini dulu Terus aku punya lip productnya itu ada 3 shade Ada yang shade merah Em namanya Dark Burgundy Tapi warnanya nggak Dark Burgundy lucunya Ini kalau menurut aku kayak bluish undertone Flash red gitu Terus aku juga punya 2 warna nukenya Yaitu yang Coral, Cui, sama yang Clown Shell Ini yang Clown Shell Yang ini Coral 3 Coral 3 ini biasanya nih cocok nih Buat di ombre sama warna merah kayak gini Jadi yang akan aku pakai shape Clown Shell hari ini Oke sekarang aku mau pakai shape bombshell pinky brown ya Ini tuh kayak warna kontor aja gitu Ciumtik Aku yakin kalau aku pakai pasti banyak yang ngelanyain Ini stracanit apa, Kak? Terus applicatornya bagus banget Bentuknya dia kayak gini Bismillah guys Loh banget ring bibir karena warna cekabat Lihat deh aku belum pakai alis Aku belum pakai mascara Tapi kayak udah cekabat, makeupnya Kita berfihin ya, kita rapihin Ihh bagus banget Kalau dari kamera sih aku suka banget Ini kayak warna bibir, anggalan aku banget sih Oke sopar gun ring guys Masih ada moistnya gitu Tapi sudah transfer proof Ini enak banget dan bagus banget Makin semangat Oke guys finally the makeup is done Eh, nah ini sebenernya belum selesai Tapi sebenernya masih ada lip gloss Tapi sebenernya aku tuh udah suka banget gitu loh Tapi kita coba aja ngapapa-papa lip glossnya Aduh applicatornya besi guys Aku nggak suka kalau applicator besi Karena dia pasti ngegeser-geser Dan nggak langsung keambil banyak gitu Dan teks tur lip glossnya terlalu cair buat aku Oke fine, jadi kita nggak lanjutin pakai lip glossnya Kastimulannya, produk favorit aku dari Moac Ada semua eye productnya Lihat ini hasil makeup aku kayak hasil makeup N.U.A Padahal cuma pakai satu eyeshadow Tanpa pakai brush apapun Seidah itu Produk lipnya juga aku suka banget Karena ini tuh tipe aku banget Kayak lebih ke moist gitu ya Transfer proof matte tapi masih ada moistnya Dan aku yakin ini kalau dipakai makan akan hilang sedikit Tapi aku lebih baik, keri apply dibanding Aku harus merasakan kering krontang yang nggak jelas gitu Yang aku nggak cocok itu adalah lalu spaudernya Karena menurut aku terlalu matte di kulit aku Cuman tadi pas aku pakai duit setting spray Satin setting spraynya MOP Hasilnya jadi klapkan flawless lagi Aman foundationnya menurut aku kayak cocok untuk daily makeup Oke aja, buka sesuatu yang kayak wow banget Yang lainnya semuanya oke aja Yang aku paling nggak suka glossnya Spongebobnya juga bagus banget ya Itulah dia kesimpulannya dari MWA Dimana menurut kalian hasil makeup aku hari ini Ini temanya adalah plummy Kardashian inspired Lihat deh, mirip kan? Maksudnya ini jadi yang ini Kita cek obsidasi dari foundationnya ya Keluarna foundation udah didimin satu jam Ini yang freshly applied Ini setelah menering Jadi ternyata dia pada saat menering turun ya Turun dan agak berubah juga under tonnya Tapi di kulit aku siap ngerasanya kayak nggak apa-apa Di awal video kan keliatan yang dekat tarahan banget Sekarang tuh jadi kayak lebih nyatu ke kulit gitu Jadi kalau kalian mau beli foundationnya MWA Saran aku beli satu ton di atas kinton kalian Ya soalnya lumayan Lumayan obsidasinya ya Ada panggaringan dan ada obsidasinya dikit Oke, itulah dia Comment di bawah, nextnya dari Brenda Nafalajian Pernah kita bikin one brand per tutorial Mari kita tutup saja videonya And I'll see you on the next video, bye bye",6,"pakai eyeliner dulu, namanya simplify matic eyeliner bulet gitu berwarna hitam, warna.. ..beli emang bilang kan, eye product muok tuh gada, beneran deh oke, pakai eyeliner coklat aja big mentasi segini, smudge gitu oke, smudge, perfect eye shade dulu, glamour tergampang membuat, pakai produk doang pakai eyeliner gini lip productnya shade, shade merah namanya dark burgundy, warnanya dark burgundy lucunya kayak blueish undertone flash red gitu warna nudenya, coral, coy, clam shell, clam shell, coral coral nih cocok nih, diombre warna merah kayak gini pakai shade clam shell oke, pakai shade bombshell pinky brown tuh kayak warna kontor aja gitu, cantik pakai ngelain straculate apa, kak? aplikatornya bagus banget, bentuknya kayak gini bismillah, guys, semoga kering bibir, warnanya cakabat lihat deh pakai alis, pakai mascara kayak cakabat, make upnya bersihin ya, rapihin ihh, bagus banget kamera sih suka banget kayak warna bibir, anggalan banget sih oke, sopar kering, moistnya gitu transfer proof, enak banget bagus banget semangat oke, guys, finally make done nah, selesai, lip gloss tuh suka banget gitu loh coba aja ngapapapaka lip glossnya aduh, aplikatornya besi, guys suka aplikator besi, ngegesergeser langsung keambil gitu tekstur lip glossnya cair aku, oke fine lanjutin pakai lip glossnya kesimpulannya, produk favorit moac eye produknya lihat hasil make kayak hasil make m.u.a pakai eye shadow pakai brush apapun seidah itu, produk lipnya suka banget tuh tipe banget, kayak moist gitu transfer proof matte, moistnya dipakai makan hilang baik, reapply dibanding memerasakan kering krontang cocok lus powdernya matte kulit pas pakai duit setting spray, satin setting spraynya m.u.t hasilnya keliatan flawless lagi, aman foundationnya kayak cocok daily make up, oke aja buka kayak wow banget oke aja, suka lip glossnya spongebobnya bagus banget dia, kesimpulannya moac gimana hasil make temanya flowy kardashian inspired lada ya, kan? kena kering, cek obsidasi foundationnya warnanya foundation didimin jam freshly applied, mengering mengering turun turun berubah tonenya kulit set ngerasanya kayak apaapa video keliatan tarahan banget tuh kayak nyatu kulit gitu beli foundationnya moac saran beli sekeliton kinton lumayan, lumayan obsidasinya panggaringan obsidasinya dikit oke, aja dia, komen nextnya brand one brand tutorial mari tutup videonya ill see next video, bye bye pakai eyeliner namanya simply vimatic eyeliner bulet gitu berwarna hitam warna.. beli emang bilang eye productnya muak tuh beneran deh oke pakai eyeliner coklat aja begmentasi segini smudge gitu oke, smudge perfect eyeshadow glamur tergampang pake produk doang pake eyeliner ganti lip productnya shade shade merah namanya dark burgundy warnanya dark burgundy lucunya kayak blueish undertone flash red gitu warna nukenya coral, cui clam shell clam shell coral tree coral tree nih cocok nih ombreombre warna merah kayak gini pake shade clam shell oke pake shade bombshell pinkie brown tuh kayak warna kontor aja gitu cantik pake ngelain pake lip kak? applicatornya bagus banget bentuknya kayak gini bismillah guys semoga ngekering bibir warna cakabat lihat deh pake alice pake mascara kayak cakabat makape bersihin rapihin ihh bagus banget kamera sih suka banget kayak warna bibir anggalan banget sih oke sopar dungering guys moistnya gitu transfer proof enak banget bagus banget semangat oke guys finally makeup done sebenernya selesai sebenernya lip gloss sebenernya tuh suka banget gitu loh coba aja ngapapa lip glossnya eduh applicatornya besi guys suka applicator besi ngegesergeser langsung keambil gitu tekstur lip glossnya cair oke fine ngelanjutin pake lip glossnya kesimpulannya produk favorit moac eye produknya lihat hasil makeup kayak hasil makeup m.u.a tadahnya pake eyeshadow pake brush apapun produk lipnya suka banget tuh tipe banget kayak moist gitu transfer proof matte moistnya dipake makan hilang keri apply dibanding memerasakan kering krontang gitu cocok lus powdernya matte kulit cuman pas pake dui setting spray satin setting spraynya m.u.p hasilnya klapkan flawless foundationnya kayak cocok daily makeup oke aja buka kayak wow banget oke aja suka lip glossnya spongebobnya bagus banget kesimpulannya moac gimana hasil makeup temanya cloomy kardashian inspired lihat cek obsidasi foundationnya wana foundation didimin jam freshly applied sekelah menerin menerin turun turun berubah tonenya kulit set ngerasanya kayak apaapa video klapkan keterangan banget tuh kayak nyatu pulit gitu beli foundation moac saran beli ton skin tone lumayan lumayan obsidasinya pangeringan obsidasinya dikit oke aja comment bawah, nextnya brand one brand tutorial mari tutup videonya ill see next video, bye bye pakai eyeliner namanya simply fymatic eyeliner bulet gitu berwarna hitam warna.. ..kele emang bilang eye productnya moac tuh beneran deh oke pakai eyeliner coklat aja pigmentasi segini smudge gitu oke smudge perfect eyeshadow gamur tergampang pakai produk doang pakai eyeliner gini lip productnya shade shade merah namanya dark burgundy warnanya dark burgundy lucunya kayak bluish undertone flash red gitu warna nukenya coral, cui, clown shell clown shell coral coral nih cocok nih ombre warna merah kayak gini pakai shape clown shell oke pakai shape bombshell pinky brown tuh kayak warna kontor aja gitu ciumtik pakai ngelanyain stracanit apa, kak? applicatornya bagus banget bentuknya kayak gini bismillah guys loh banget ring bibir warna cekabat lihat deh pakai alis pakai mascara kayak cekabat, makeupnya berfihin ya, rapihin ihh bagus banget kamera sih suka banget kayak warna bibir, anggalan banget sih oke sopar gun ring guys moistnya gitu transfer proof enak banget bagus banget semangat oke guys finally makeup done eh, sebenernya selesai sebenernya lip gloss sebenernya tuh suka banget gitu loh coba aja ngapapapapa lip glossnya aduh applicatornya besi guys suka applicator besi ngegesergeser langsung keambil gitu teks tur lip glossnya cair oke fine, lanjutin pakai lip glossnya kastimulannya, produk favorit moac eye productnya lihat hasil makeup kayak hasil makeup n.u.a pakai eyeshadow pakai brush apapun seidah produk lipnya suka banget tuh tipe banget kayak moist gitu transfer proof matte moistnya dipakai makan hilang baik, keri apply dibanding merasakan kering krontang gitu cocok spaudernya matte kulit cuman pas pakai duit setting spray satin setting spraynya mop hasilnya klapkan flawless aman foundationnya kayak cocok daily makeup oke aja, buka kayak wow banget oke aja suka glossnya spongebobnya bagus banget kesimpulannya mwa dimana hasil makeup temanya plummy kardashian inspired lihat deh, kan? maksudnya cek obsidasi foundationnya keluarna foundation didimin jam freshly applied menering menering turun turun berubah tonnya kulit ngerasanya kayak apaapa video keliatan tarahan banget tuh kayak nyatu kulit gitu beli foundationnya mwa saran beli ton kinton lumayan lumayan obsidasinya panggaringan obsidasinya dikit oke, comment bawah, nextnya brenda nafalajian one brand tutorial mari tutup videonya ill see next video, bye bye"
"kami sedang melakukan perjalanan jauh menggunakan mobil listrik dan kali ini kami pakai hatchback dengan range terjauh ini adalah Ion UT desainnya itu European Aesthetic dan Timeless jadi tidak mudah tua handlingnya itu asik untuk dalam kota maupun luar kota dan tenaganya pun sangat cukup sekali ketika kita butuh tisu, magic ada di balik layar, ada tempat tisu-nya kreatif sekali sekarang kita ke belakang, ini mobil DNA-nya GAC ION lihat ini, di belakang posisi hiter kami tinggi ke mesin 1-4 jarak dengkol dengan jauh sekali jauh mobil ini sangat lega sekali itulah DNA GAC ION dan jok kiri ini bisa untuk sofa mode rebah habis dan kedua jok ini bisa ventilated seat jadi adem punggung kita apabila anda ingin tahu di detail yang mengenai mobil ini ada di channel omobi kami juga sekalian melakukan perjalanan dari Jakarta sampai Semarang tanpa menge-charge ya nyampe apa nggak ya nonton video itu hmm berapa harganya mobil ini? silahkan datang ke Gias 2025, boothnya Ion lihat langsung, coba langsung dan tanya langsung harganya disitu ya menarik sekali mobil ini",2,"perjalanan mobil listrik kali pakai hatchback range terjauh ion desainnya european aesthetic timeless mudah tua handlingnya asik kota kota tenaganya butuh tisu, magic layar, tisunya kreatif belakang, mobil dnanya gac ion lihat ini, posisi hiter mesin jarak dengkol mobil lega dna gac ion jok kiri sofa mode rebah habis jok ventilated seat adem punggung detail mobil channel omobi perjalanan jakarta semarang mengecharge nyampe nonton video hmm harganya mobil ini? silahkan giias boothnya ion lihat langsung, coba langsung langsung harganya disitu menarik mobil"
"KULAT M Ismi Layro Van wirathiem Papa, Mama Hari ini, iniGI em Dan luar seitu dari papan Mama Insya Allah, sementara kita akan berikan Dengan laki-laki yang kita pilih Yang juga insya Allah, jadi pilihan terbaik dari Allah Namanya Ahmad Al-Gazali Doa ini Tia, Pa Ma, I love you Terima kasih",7,"kulat ismi layro van wirathiem papa, mama ini, inigi seitu papan mama insya allah, lakilaki pilih insya allah, pilihan terbaik allah namanya ahmad algazali doa tia, ma, love terima kasih"
"Hai, kita bersama di sini hari ini untuk membicarakan tentang Bodieshop saya, saya rasa Jadi gue lewat, nggak sengaja, terus gue teringat, gue tuh lagi mencari bodilotion Terus baru lah saya teringat di bodishop ini gitu ya, kan dia bagus banget dari dulu Akhirnya gue masuk dan gue mengendus ini Parah banget, ini bener-bener wanginya, nggak masuk akal dan gue emang, eh kebalik, gue blok Dan gue emang lagi masih kebalik juga ya, karena kamera depan ya kan, bah lu luar dalam Ini tuh yang si Cherry's and Cheer, bodi butternya Kayaknya sih ini edisi limitednya atau apa, karena gue beli pas kayak akhir tahun natalan kemaren itu Karena wanginya enak banget, gue udah nggak paham lagi, gue tuh emang lagi suka cherry sepertinya Wangi cherry gue nggak ngerti kenapa, lilin pun gue suka banget yang cherry Dan akhirnya kemaren gue mengendus ini, gue udah gelap mata, akhirnya gue beli dia si bodi butternya ini Dan gue juga beli sabunnya, dan gue balik lagi Gak lama ketokonya seminggu kemudian gue beli parfume juga Agak manis tentunya, karena dia cherry gitu, oh my god Aaaaaaah, ya ampun enak banget padahal, biasanya gue nggak suka wangi manis ya Tapi cherry tuh kayak ada wangi, kayak agak ada asemnya, agak ada... Gue nggak ngerti deh, oh my god, it's so... It smells so good around here, oh my god Terus gue juga beli shower gelnya, kayak kerasi mini dari yang ini, tapi ini wanginya beda, ini buat traveling gitu Ya kan, karena aku sudah tidak punya botol kecil buat sabun mandi Ini yang strawberry sama British Rose Yang strawberry juga gue suka banget, kemaren gue udah hampir beli bodi butternya lagi atau parfumnya lagi Tapi saya menahan diri ya kan, nggak boleh Terus yang ini British Rose juga kayaknya udah jadi favorit semua orang desi dari dulu Dan gue juga salah satunya, karena saya suka banget wangi mawar ya pada dasarnya, pada hakikatnya Terus, oh gue lupa, gue juga beli ini, ini si parfumnya lagi, eh bodi mistnya yang moringa Dulu gue udah pernah pakai bodi yogurtnya yang moringa, karena wanginya juga gue suka banget ini Kayak lebih ke white flower gitu, enak banget juga Pokoknya kalau wangi bunga gue senang banget, parah Terus gue juga beli lip balmnya, bodi shop tuh kenapa ya wanginya tuh memang kayak gue suka banget, parah Ini yang strawberry, dulu gue juga suka banget lip balmnya, memang, emang huge fan of their lip balm Dan kemaren gue juga beli ini, ini sangat menarik menurut gue Ini adalah freestyle multitasking color crayon, jadi bisa lo pakai buat apa aja Bisa buat eyeshadow, bisa buat blush on dan bisa buat bibir, gemes banget nggak sih? Dan ada warna yang nutnya gini, makanya gue gemes Dan pas gue coba ditangan di ratainya, kayaknya masih sangat manusia, wih ya kan Jadi harusnya dipakai buat blush on juga masih gampang, buat eyeshadow juga masih gampang Mungkin ada baiknya kita coba sekarang buat eyeshadow ya kan, karena gue udah pakai blush on Dan udah pakai lipstick, jadi kita pakai buat eyeshadow aja Oh wow, dilihatin berbeza? Iya enak banget dan di ratainya juga gampang Dan karena ini warna nut gitu, jadi masih sangat lupa Lo ngeblend asal-asalan juga masih nggak akan ketauan gitu Lihat ini, oh my god, gue suka ini Dia punya warna macem-macem ya, ada yang ada glitternya juga, kayaknya coklat sparkly gitu Itu juga cantik, tapi gue pikir itu buat eyeshadow doang nggak sih? Gak bisa buat blush on, nggak bisa buat lipstick, jadi buat apa? Aku mau beli yang paling menguntungkan, jadi gue beli yang ini, gue suka ini Ini warna namanya staple, you have to get this, this is so so so good So that's all I bought, nggak terlalu banyak tapi gue gira banget Saya terlalu share dengan kalian, intinya gue harus memberitahukan bahwa ada wangi si Cherry ini Gue suka batam ini Nah karena kata embaknya ini semacam limited edition gitu, dia sendiri juga tidak yakin apakah ini akan ada lagi atau nggak Jadi saran gue harus cepetan ke bodyshop sekarang juga, karena gue sedih banget sih kalau dia hilang, they might not be here forever Gue sedih ya Allah",5,"hai, membicarakan bodieshop saya, lewat, sengaja, teringat, tuh mencari bodilotion bodishop gitu ya, bagus banget masuk mengendus parah banget, benerbener wanginya, masuk akal emang, kebalik, blok emang kebalik ya, kamera kan, bah tuh cherrys cheer, bodi butternya kayaknya sih edisi limitednya apa, beli pas kayak natalan kemaren wanginya enak banget, paham lagi, tuh emang suka cherry wangi cherry mengerti kenapa, lilin suka banget cherry kemaren mengendus ini, gelap mata, beli bodi butternya beli sabunnya, ketokonya seminggu beli parfume manis tentunya, cherry gitu, god aah, ampun enak banget padahal, suka wangi manis cherry tuh kayak wangi, kayak asemnya, ada.. mengerti deh, god, so.. smells good around here, god beli shower gelnya, kayak kerasi mini ini, wanginya beda, traveling gitu kan, botol sabun mandi strawberry british rose strawberry suka banget, kemaren beli bodi butternya parfumnya menahan kan, british rose kayaknya favorit orang desi salah satunya, suka banget wangi mawar dasarnya, hakikatnya terus, lupa, beli ini, parfumnya lagi, bodi mistnya moringa pakai bodi yogurtnya moringa, wanginya suka banget kayak white flower gitu, enak banget pokoknya wangi bunga senang banget, parah beli lip balmnya, bodi shop tuh wanginya tuh kayak suka banget, parah strawberry, suka banget lip balmnya, memang, emang huge fan lip balm kemaren beli ini, menarik freestyle multitasking color crayon, pakai aja eyeshadow, blush bibir, gemes banget sih? warna nutnya gini, gemes pas coba ditangan ratainya, kayaknya manusia, wih dipakai blush gampang, eyeshadow gampang baiknya coba eyeshadow kan, pakai blush pakai lipstick, pakai eyeshadow aja wow, dilihatin berbeza? iya enak banget ratainya gampang warna nut gitu, lupa ngeblend asalasalan ketauan gitu lihat ini, god, suka warna macemmacem ya, glitternya juga, kayaknya coklat sparkly gitu cantik, pikir eyeshadow doang sih? blush on, lipstick, apa? beli menguntungkan, beli ini, suka warna namanya staple, get this, good thats bought, gira banget share kalian, intinya memberitahukan wangi cherry suka batam embaknya limited edition gitu, saran cepetan bodyshop juga, sedih banget sih hilang, might forever sedih allah"
"Hai guys, I just land in Singapore and I want to share tips for your next holiday abroad. This is truly my life's severe karena anti-ribid. Aku pakai pocket valas di MyBca, rekening valas dengan 16 perian mata uang asing yang terkoneksi dengan rekening, tanpa harus ribet bikin konversi, tinggal payment pakai debit Bca Mastercard dan lanja di bulan negeri lebih nyaman dengan pocket valas di MyBca. Kalau pocket valas mau abis, bisa langsung top up, available 24 jam. Kalian juga bisa ambil cash anywhere and anytime dengan debit Bca Mastercard. Di pocket valas MyBca, kalian juga bisa ambil 16 mata uang asing dalam satu rekening. Bisa beli valas kapan pun, dimana pun dengan kurcantik, tapi make sure pocket valas kamu aktif serenya gampang. Kalian tinggal buka MyBca, klik aktifkan sekarang di bagian pocket. Tentukan sumber dana, pilih mata uang dan masukkan nungin awal setoran awal. Cek kembali ke tentuan dan konfirmasi pocket valas berhasil dan dan. Karena MyBca kehidupan gue lebih nyaman.",2,"hai guys, land singapore want share tips next holiday abroad. truly lifes severe antiribid. pakai pocket valas mybca, rekening valas perian mata uang asing terkoneksi rekening, ribet konversi, tinggal payment pakai debit bca mastercard lanja negeri nyaman pocket valas mybca. pocket valas habis, langsung isi ulang, available jam. ambil cash anywhere anytime debit bca mastercard. pocket valas mybca, ambil mata uang asing rekening. beli valas pun, dimana kurcantik, make sure pocket valas aktif serenya gampang. tinggal buka mybca, klik aktifkan pocket. tentukan sumber dana, pilih mata uang masukkan nungin setoran awal. cek tentuan konfirmasi pocket valas berhasil dan. mybca kehidupan nyaman."
"Tips rotasi, pemain ganda. Ketika bola kita akat ke belakang, kita siap dalam posisi bertahan samping kanan dan kiria. Dan ketika bola sedang dalam permainan depan atau teman kita netting, kita siap dengan posisi depan belakang. Intinya ketika bola sedang diangkala posisi kita kanan dan kiria. Dan ketika bola turun, posisi kita depan belakang. Nah, kalau udah capek dan berkeringat, biasanya langsung pakai handuk dari Ion Sport. Bahannya premium dari Gepang, jadi serap keringatnya lebih maksimal. Terus, saat pakai handuk ini tuh kayak ada sensasi dinginnya. Pokoknya sejak pakai ini, nggak mau lagi deh. Pake handuk biasa, mending pakai yang praktis kayak handuk Ion Sport TV. Gimana? Udah siap cobain di lapangan? Jangan lupa follow ya.",4,"tips rotasi, pemain ganda. bola akat belakang, posisi bertahan samping kanan kiria. bola permainan teman netting, posisi belakang. intinya bola diangkala posisi kanan kiria. bola turun, posisi belakang. nah, capek berkeringat, langsung pakai handuk ion sport. bahannya premium gepang, serap keringatnya maksimal. terus, pakai handuk tuh kayak sensasi dinginnya. pokoknya pakai ini, deh. pake handuk biasa, mending pakai praktis kayak handuk ion sport tv. gimana? cobain lapangan? lupa follow ya."
"Saya di Barcelona nonton F1 di circuit dekat talunya dan mungkin teman-teman sudah lihat bahwa saya melakukan wawancara eksklusif dengan Louis Hamilton di real sebelumnya. Tapi tiba-tiba ada satu hal lagi yang sangat menarik, saya ditantang untuk balapan sama Louis Hamilton. Tentu saja bukan pakai mobil beneran, mobil remote control, tapi tetap saja balapan dengan Hamilton. Kita lihat yuk tracknya. Jadi ini tracknya dan ini mobilnya. Kita harus pergi ke sini. Kita mempunyai masa yang baik, ke tawa-ke tawa. Dan katanya lagi bisa satu track sama Louis Hamilton. Terima kasih, Shell Helix untuk kesempatan yang luar biasa ini.",6,"barcelona nonton circuit talunya temanteman lihat wawancara eksklusif louis hamilton real sebelumnya. tibatiba menarik, ditantang balapan louis hamilton. pakai mobil beneran, mobil remote control, balapan hamilton. lihat yuk tracknya. tracknya mobilnya. pergi sini. baik, tawake tawa. track louis hamilton. terima kasih, shell helix kesempatan ini."
"tak mau bener PS5 lebih awet daripada pingsi kata temen gue begitu soalnya hmmmm... yang namanya elektronik keawetannya itu sebagian besar tergantung ke stabilan listrik dan instala silistrik di rumah lo sendiri sebagian kecilnya tergantung hoki makannya ada garansi lagi kan pake logik aja PS5 aja sering overheat di banyak game-game yang mereka ngomongnya optimize di PC kalau lo raciknya bener overheat sih hampir gak akan terjadi lagi kan aneh di 2004 ada aja yang kepikiran mau beli limba japan PS5 lo liat game-game PS5 sebagian besar udah di steam handheld gaming juga kayak ROGLA, Legend Go steam itu udah naltz mau support mereka berarti lo bisa mainin game di mana aja game-game steam itu PS5 langsung dilepahin sama handheld gaming di gini kan kalau lo beli udah langsung dapet display bro touchscreen mula lo liat bisa windows mula bisa dipake buat kerja berarti lo beli PS5, mesti beli TV lagi go vlog gak? udah jelas limba jepang itu tuh gas ya tanggung kerugian don't drop lagi kalau emang bener-bener terpaksa lo butuh banget konsol iya beli aja Xbox Series S, harga lebih murah duit sisanya bisa lo tabu buat keperluan lebih penting kari duit susah boss inget top up game inget di DDD Top Up",6,"bener awet pingsi teman hmm.. namanya elektronik keawetannya tergantung stabilan listrik instala silistrik rumah kecilnya tergantung hoki makannya garansi pake logik aja aja overheat permainanpermainan ngomongnya optimize raciknya bener overheat sih aneh aja kepikiran beli limba japan liat permainanpermainan steam handheld gaming kayak rogla, legend steam naltz support mainin permainan aja permainanpermainan steam langsung dilepahin handheld gaming gini beli langsung dapet display bro touchscreen liat windows dipake kerja beli ps, mesti beli vlog tidak? limba jepang tuh gas tanggung kerugian dont drop emang benerbener terpaksa butuh banget konsol iya beli aja xbox series harga murah duit sisanya tabu keperluan kari duit susah boss inget isi ulang permainan inget isi ulang"
kamu main tanah tembakan kalau terus terasa mual-mual juga jangan-jangan salah monitor kamu tuh yang udah butut hertznya 67.5 atau 100 hertz ya hertz gitu bikin gambarnya ngeblur susah diikuti sama mata ujung-ujungnya kamu jadi mual deh makanya pastiin di 2024 sampai 2025 ini kamu update monitor kamu ke minimal 180 hertz buat dapetin pengalaman game yang lebih asik dan karena makin tinggi hertznya makin clear gambarnya dan lebih gampang di track pake mata itu bisa kurangin mual kamu loh but kamu lebih gampang pecahin kepala musub puf-puf-puf AOC ini harganya di bawah 2 juta loh dan kamu udah dapetin garansi 3 tahun full berikut panelnya by the way aku cocok gak sama monitora aku tunggu kamu di bawah ya,6,main tanah tembakan mualmual janganjangan salah layar tuh butut hertznya hertz hertz gitu gambarnya ngeblur susah diikuti mata ujungujungnya mual deh pastiin update layar minimal hertz dapetin pengalaman permainan asik hertznya clear gambarnya gampang track pake mata kurangin mual loh gampang pecahin kepala musub pufpufpuf aoc harganya juta loh dapetin garansi full panelnya way cocok monitora tunggu
"Cacar air dan cacar api sama-sama disebabkan oleh infeksi virus herpes, yaitu varicella zoster. Saat pertama kali Anda terinfeksi virus varicella zoster, Anda akan mengalami cacar air. Sementara itu, bila Anda terjangkit virus ini aktif, pembali untuk yang kedua kali atau lebih, maka Anda akan mengalami cacar api. Orang yang terkena cacar api biasanya mengalami satu atau lebih dari hijala berikut. Kulit melepuh berisi cairan, rasa sakit seperti terbakar dan menusuk, rasa kesemutan, gatal atau mati rasa pada kulit, menggigil, demam, sakit kepala atau sakit perut. Terdapat 3 faktor resiko untuk mengalami cacar api, yaitu usia di atas 50 tahun, sistem imun yang melemah dan memiliki kondisi medis yang menerunkan sistem imun. Herpes zoster atau cacar api juga berisiko menyebabkan komplikasi serius, seperti nyerisara penjangka panjang dan kehilangan penglihatan. Pasien diabetes mengiliki risiko 20% lebih besar mengalami cacar api. Oleh karena itu, ciga risiko cacar api dengan menjaga imun tubuh dengan mengorangi stres, mengkonsumsi makanan bergizi, menjaga pola hidup sehat dan melakukan faksinasi. Segera berkonsultasi dengan tenaga kesehatan profesional untuk mengetahui penanganan cacar api yang tepat.",6,"cacar air cacar api samasama disebabkan infeksi virus herpes, varicella zoster. kali terinfeksi virus varicella zoster, mengalami cacar air. itu, terjangkit virus aktif, pembali kali lebih, mengalami cacar api. orang terkena cacar api mengalami hijala berikut. kulit melepuh berisi cairan, sakit terbakar menusuk, kesemutan, gatal mati kulit, menggigil, demam, sakit kepala sakit perut. faktor resiko mengalami cacar api, usia tahun, sistem imun melemah memiliki kondisi medis menerunkan sistem imun. herpes zoster cacar api berisiko menyebabkan komplikasi serius, nyerisara penjangka kehilangan penglihatan. pasien diabetes mengiliki risiko mengalami cacar api. itu, ciga risiko cacar api menjaga imun tubuh mengorangi stres, mengkonsumsi makanan bergizi, menjaga pola hidup sehat faksinasi. berkonsultasi tenaga kesehatan profesional penanganan cacar api tepat."
"Di platform console, ketiga atlet ini seperti biasa sudah cukup siap. Dari kemarin kita mencoba melakukan simulasi dengan melakukan scrim terhadap negara-negara nakan kita temukan di guild stage. Kita juga coba beberapa skenario dengan menggunakan beberapa formasi. Dari PSSE di sini sudah menyiapkan beberapa komponen karena ini PC yang lumayan panjang, persiapan yang panjang juga natinnya akan ada coaching clinic dengan salah satu pemain dari Spanyol, mantan pemain dari Spanyol, Alex Andro, yang sudah banyak pengalamannya dia yang nantinya akan membantu tim nasional ini menjadi lebih baik dan lebih siap dalam menghadap tournament Pela Dunia V5. Saya sangat gembira melihat teman-teman ini berpikir di tim nasional dan Indonesia. Di console mereka sangat bagus dan mereka lebih berkata-kata, tapi banyak kemungkinan untuk memperkenalkan diri di stage yang besar seperti WorldCap dan saya pasti akan menyebabkan banyak orang di performaannya.",7,"platform console, ketiga atlet siap. kemarin mencoba simulasi scrim negaranegara nakan temukan guild stage. coba skenario formasi. psse komponen lumayan panjang, persiapan natinnya coaching clinic salah pemain spanyol, mantan pemain spanyol, alex andro, pengalamannya membantu tim nasional menghadap tournament pela world gembira temanteman berpikir tim nasional indonesia. console bagus berkatakata, memperkenalkan stage worldcap menyebabkan orang performaannya."
"Bukankah kalian punya koles roi tinggi? Ya tolong jibat bersungguh makanannya Ini kita dapat bukan IPIP, ini bolak-balik-balik Dok pengen cek koles roi Ya gak apa, tapi mau cek koles roi Cuma masanya pasti tanya, masih suka gak makan jor-jorai Masih suka gak makan lemak-lemakan Gimana nih kola raganya? Gak, gak dilakuin do, masih suka makan jor-jorai lemak-lemakan Jangan dihidup dong Mas gue begini, koles roi itu penting buat tubuh kita Karena koles roi itu dia membantu, mesti mencari Intinya koles roi itu penting buat tubuh kita Buat hormon dan lain-lain, makanya sebenernya tubuh kita Secara alam itu memproduksi koles roi Cuma jangan kelebihan Gitu loh, kalau berlebihan jadi bahaya Dan nerunin koles roi bukan cuma dari minum obat-obatan doang Tapi juga dari pola hidup Kalau ada sekalian makan yang gak dijaga Ya udah tuh, koles roi numpuk Jadi tuh penat, nyetuk, jadi tuh penat kejaduk Makanya sebetulnya, pola hidup itu penting Stapin nih, koles roi itu penting Stapin nih yang biasa dikasih api tumernya terserah Itu dia menghambat produksi koles roi dalam tubuh kita Tapi koles roi dari luar, itu tetep harus dibatesin Kalau gak dibatesin, dia gak turun-turun koles roi Atau misalkan opsi lain dia pilih Misalkan ada minumannya mengandung penyeles roi Apa itu fungsinya penyeles roi? Dia itu kayak menghambat penyeles roi dari usus halus Kalau lu meminum-minumannya mengandung pes Itu di minumnya abis makan Usahain minumnya itu rutin Akhirnya koles roi bisa turun ya karena kehambat menikapannya Dan serah klinis emang udah terujih Dan lu kalau liat di kemasannya, dia termasuk rendah gula Sama setahu gue minuman yang mengandung pes ini bisa lu beli dimanapun Itu misalkan kayak esking update itu juga minum gitu Nah, tapi yang paling penting adalah Kurangin asupan koles roi nya Dari jawa, dari lemak-lemaknya, lemak-hewani gitu loh Dan jangan lupa olahraga Jangan sampai anda semua kena pijakit jantu Kena pijakit teruk, kebuka terlambat Terima kasih",7,"koles roi tinggi? tolong jibat bersungguh makanannya ipip, bolakbalikbalik dok cek koles roi apa, cek koles roi masanya tanya, suka makan jorjorai suka makan lemaklemakan gimana nih kola raganya? tidak, dilakuin do, suka makan jorjorai lemaklemakan dihidup mas begini, koles roi tubuh koles roi membantu, mesti mencari intinya koles roi tubuh hormon lainlain, sebenernya tubuh alam memproduksi koles roi kelebihan gitu loh, bahaya nerunin koles roi minum obatobatan doang pola hidup makan dijaga tuh, koles roi numpuk tuh penat, nyetuk, tuh penat kejaduk sebetulnya, pola hidup stapin nih, koles roi stapin nih dikasih api tumernya terserah menghambat produksi koles roi tubuh koles roi luar, tetep dibatesin dibatesin, turunturun koles roi opsi pilih minumannya mengandung penyeles roi fungsinya penyeles roi? kayak menghambat penyeles roi usus halus meminumminumannya mengandung pes minumnya habis makan usahain minumnya rutin koles roi turun kehambat menikapannya serah klinis emang terujih liat kemasannya, rendah gula setahu minuman mengandung pes beli dimanapun kayak esking update minum gitu nah, kurangin asupan koles roi nya jawa, lemaklemaknya, lemakhewani gitu loh lupa olahraga kena pijakit jantu kena pijakit teruk, kebuka terlambat terima kasih"
"jadi gue mau cerita, jadi kan selama sebulan ini, gue pakai alat untuk ngecek gula selama 15 hari, betul-betul, tapi bukan alat yang ngecek gula, cek tekan gitu loh tapi dia cukup kecipekan sekali di prot, dan ya udah bisa di buat aktivitas gue tuh bawa kayak buat makan, minum, mandi, ngejim sampai dengan sauna tuh masih gue pake alat itu, dan ya udah berfungsi normal dan dia nunjukin kada gula gue selama 24 jam, dan hasilnya keluar tiap 3 menit sekali lewat aplikasinya dan, samhanya gue tuh jadi lebih aware dengan kada gula gue, karena biasanya gue kan kalo bangun tidur cenderung lebih lemes, ya ternyata pas gue cek gula gue itu kalo pas pagi-pagi cenderung lebih rendah, makanya biasanya kalo gula gue kalo dari 90, gue udah nyibin cemilan buat gue makan dan menurut gue alat ini berguna banget buat kalian yang pengen monitor kada gula mungkin terutama yang punya diabetes tipes 1, tipes 2, atau mungkin orang tua yang punya atau mungkin saudaranya yang punya diabetes tipes 1, tipes 2, karena kan biasanya orang dengan diabetes kada gula nya kan floktuatif ya, naik turun naik turun nah ini bisa ngebantu untuk memonitoring kada gula atau juga hasilnya tuh bisa dilihat kayak, misalkan habis makan sesuatu jenis tinggi nah itu bisa jadi patokan tuh buat menghindari makan-makanan yang bisa menjemakan sungguh spike atau lonjakan kada gula dan banyak banget orang di Indonesia ini yang gak tau kalo misalkan komplikasi dari penyakit gula itu banyak dan kebanyakan baru ketauan pas udah parah-parahnya komplikasi dari penyakit gula bukan cuma kaki yang luka kaga semu-sebu engga, engga itu tapi banyak misalkan keusahkan sarap bola mata kita sebutnya retinopati diabetes kum keusahkan sarap tepi jadi biasanya tangan tuh gaman kesemutan atau bahkan yang parah-parah tuh misalnya keusahkan pada ginjal jadi sebenernya di dunia yang semakin instan ini yang banyak orang kena diabetes tolonglah kita perbaikin pola hidup, makan makanan yang sehat makan secara teratur, luangin waktu buat olahraga minima 30 menit sehari aja dan kalo misalnya ada dananya jangan lupa MCU, medical check up, liat kondisi tubuhnya karena sebetulnya kita mencegah itu lebih baik dibandingkan mengobati ya jangan lupa pola hidup diperhatikan olahraga yang cukup kalo ada dananya jangan lupa MCU karena monitorin keselhatan tuh aman sangat penting, oke?",4,"cerita, sebulan ini, pakai alat ngecek gula hari, betulbetul, alat ngecek gula, cek tekan gitu loh kecipekan prot, aktivitas tuh bawa kayak makan, minum, mandi, ngejim sauna tuh pake alat itu, berfungsi normal nunjukin kada gula jam, hasilnya menit aplikasinya dan, samhanya tuh aware kada gula saya, bangun tidur cenderung lemes, pas cek gula pas pagipagi cenderung rendah, gula nyibin cemilan makan alat berguna banget layar kada gula diabetes tipes tipes orang tua saudaranya diabetes tipes tipes orang diabetes kada gula nya floktuatif ya, turun turun ngebantu memonitoring kada gula hasilnya tuh kayak, habis makan jenis patokan tuh menghindari makanmakanan menjemakan sungguh spike lonjakan kada gula banget orang indonesia komplikasi penyakit gula kebanyakan ketauan pas parahparahnya komplikasi penyakit gula kaki luka kaga semusebu engga, engga keusahkan sarap bola mata retinopati diabetes kum keusahkan sarap tepi tangan tuh gaman kesemutan parahparah tuh keusahkan ginjal sebenernya world instan orang kena diabetes tolonglah perbaikin pola hidup, makan makanan sehat makan teratur, luangin olahraga minima menit sehari aja dananya lupa mcu, medical check up, liat kondisi tubuhnya mencegah dibandingkan mengobati lupa pola hidup diperhatikan olahraga dananya lupa mcu monitorin keselhatan tuh aman penting, oke?"
"Buat yang belum tahu, bagian di bumper ini penting buat emergent seating. Bentuknya bisa jadi kotak, ringkaran, atau ngikutin shape bumper, dan biasanya ada coakan untuk nyalipin obeng minus. Ya, bukannya pakai obeng minus dan unggumnya ini bisa kita tengwin di tempat penyimpanan kunci-kunci alias toolkit. Tinggal selipin ke lubangnya, congkel hati-hati ke dalam ke buka D. Nah, di balik kap ini ada lubang dred sebagai lokasi untuk pasang mata direkt. Puter ke kanan untuk ngencengin dan pastikan kenceng dengan bantuan kunci rodah. Buat catetan, cek lagi ke manual buk karena meski banyak mobil mengadaptasi desain seperti ini, ada juga yang punya jenis mata dari berbeda atau cover yang lebih tersembunyi. Gak perlu khawatir bumpernya ke tarik juga karena seato hook ini langsung nyambung ke bagian sasis. Jadi ketika mobil terperosok atau misalnya perlu tarik ke track gendong, tarik dari sini aja jatuh jamin kuat.",7,"tahu, bumper emergent seating. bentuknya kotak, ringkaran, ngikutin shape bumper, coakan nyalipin obeng minus. ya, pakai obeng minus unggumnya tengwin penyimpanan kuncikunci alias toolkit. tinggal selipin lubangnya, congkel hatihati buka nah, kap lubang dred lokasi pasang mata direkt. puter kanan ngencengin pastikan kenceng bantuan kunci rodah. catetan, cek manual buk mobil mengadaptasi desain ini, jenis mata berbeda cover tersembunyi. khawatir bumpernya tarik seato hook langsung nyambung sasis. mobil terperosok tarik track gendong, tarik aja jatuh jamin kuat."
"Jadi selama kita di Thailand, Overland, kita sering banget ketemu Miux yang varian facelift terbaru ini Gue nanya-nanya, kapan ya masuk Indonesia ya? Dan akhirnya, di Gia sekali ini, nah, Isuzu Melouncing Isuzu Miux yang varian facelift Apa aja yang beda? Dari depan, kita akan menemukan bentuk depan yang baru Lampunya baru, grillnya baru, bumpernya baru Dan juga, logo Isuzu nya sekarang ada di atas grill seperti ini Kemudian ke bagian belakangnya, dia punya lampu belakang baru yang detailnya cakep Sama dia bagian sini itu nyambung mikanya Nah, ke bawah kita dapat bumper model baru Ya, ada diffuser di bagian sini sama kalau kita lihat ke bagian kaki-kakinya Yang memedakan New X dengan kompetitornya, adalah dia punya multi link suspension Bukan cuma 3 atau 4 link, tapi 5 link sekaligus Jadi pas kita pakai jalan, dia lebih nyaman, lebih stabil Dan ketika dipakai offload, dia juga lebih mantap Dari segi mesin, dia tetap mempertahankan mesin 1900 cc yang sudah teruji bandel Dan iri tentunya Ternyata 190 PS dan torsinya 350 Nm Disambungkan dengan transmisi metik 6 percipatan Dan dia juga memiliki penggerak 4-wheel drive Dimana bisa diatur secara elektrik dan shift on-fly Kemudian dari segi interiornya, kita akan menemukan kursi yang nyaman untuk perjalanan jauh Transmisi otomatik dengan tip tronic Ada elektronik parking brake dan ada hoto-holt Kemudian untuk mengatur 4-wheel drive-nya, ada di bagian sini kita bisa atur 2H, 4H atau tekan untuk jadi 4L Sama ada mode off-road Dan dia juga sedang dilengkapi dengan hill-dison control Untuk ruang kabin tengah dan belakangnya, dia juga yang paling lega di kelasnya Udah gitu, kita tetap dapat AC di atas plafon Ga cuma di tengah, tapi di belakang juga Tapi yang paling spesial dari Izuzu Mu X itu adalah kemampuan off-roadnya Dia punya travel suspension yang tinggi, gang ground clearance yang tinggi Serta water-wading yang paling bagus di kelasnya Sehingga kalau kita pakai off-road atau bedan-bedan berat, dia bisa diadalkan Nah, buat teman-teman yang penasaran dan pengen lihat langsung bisa ke Gias 2025 Karena boot Izuzu ada di hall 1, langsung aja ke sini Dan kalian bisa test drive juga mobil ini di tepat test drive-nya Nah, penasaran kan? Langsung gas, ga pakai lama ke bootnya Izuzu di Gias 2025",6,"thailand, overland, banget ketemu mux varian facelift terbaru nanyananya, masuk indonesia ya? akhirnya, gia ini, nah, isuzu melouncing isuzu mux varian facelift aja beda? depan, menemukan bentuk lampunya baru, grillnya baru, bumpernya juga, logo isuzu nya grill belakangnya, lampu detailnya cakep nyambung mikanya nah, bumper model ya, diffuser lihat kakikakinya memedakan new kompetitornya, multi link suspension link, link pas pakai jalan, nyaman, stabil dipakai offload, mantap segi mesin, mempertahankan mesin teruji bandel iri torsinya disambungkan transmisi metik percipatan memiliki penggerak wheel drive dimana diatur elektrik shift onfly segi interiornya, menemukan kursi nyaman perjalanan transmisi otomatik tip tronic elektronik parking brake hotoholt mengatur wheel drivenya, atur tekan mode offroad dilengkapi hilldison control ruang kabin belakangnya, lega kelasnya gitu, plafon tengah, spesial izuzu kemampuan offroadnya travel suspension tinggi, gang ground clearance waterwading bagus kelasnya pakai offroad bedanbedan berat, diadalkan nah, temanteman penasaran lihat langsung giias boot izuzu hall langsung aja test drive mobil test drivenya nah, penasaran kan? langsung gas, pakai bootnya izuzu giias"
"Nikkel di Indonesia itu kotor, merusak alam, merusak lingkungan. Bukan hanya yang di Papua, kejadiannya tambang-tambang di Indonesia itu asli kotor. Yang di Halmahera kotor luar biasa, yang di Sulawesi kotor luar biasa. Itu udah kejadian hari-hari sebelumnya, cuman tidak viral. Contoh tambang yang bersih tuh ya gimana sih guru jadinya? Kan nggak, enggak lah Indonesia kotor. Saya jadi membayangkan yang dikatakan bersih tuh yang gimana. Ada nggak sih? Tambang itu nggak bisa 100% bersih, tambang itu nggak bisa. Tapi setidaknya bisa dikalkalisir ke kotorannya itu. Jadi misalkan gini lah. Kalau di Indonesia, kalau misalkan Freeport itu, atau Freeport itu di tengah gitu ya, saya mau bukaan Freeport menuduh gimana gitu. Cuman Freeport itu kan di tengah gunung. Nah kalau misalkan kotor itu dari atas gunung, kerusakan lingkungan fat, parah, kemudian masuk sungai, sampai ke lautan, merkuri ada di mana-mana, kemudian lembal ada di mana-mana. Nah itu kotor. Nah diharapkan minimal, kalau ada ke kotoran, kerusakan lingkungan, ya ada di situnya aja. Nanti kalau misalkan ada sisa lembah, lembanya diolah, diolah, diolah, diolah, sampai berapa kali ini, sampai dialirkan ke sungai-nya itu udah bersih, udah aman gitu kan. Nah seharusnya gitu, itu yang diharapkan tuh begitu. Tapi ada kendala kalau pulau itu terlalu kecil. Kan kalau pulau-nya kecil, penambangannya di situ, gimana cara mengolahnya dan mengisolir itu dari lautan, gak bisa. Ini konteks pulau gak gitu. Nah pulau-pulau yang ada di Raja Ampat itu, yang jadi penambangan ikhale itu kecil-kecil semua, sehingga tidak boleh, makanya kan ada peraturan di Amdal itu, kalau kecil, ukurannya sekian ratus, nanti ada itunya detailnya, itu gak boleh digunakan penambangan, karena tidak bisa mengisolasi kerusakan lingkungan.",0,"nikkel indonesia kotor, merusak alam, merusak lingkungan. papua, kejadiannya tambangtambang indonesia asli kotor. halmahera kotor biasa, sulawesi kotor biasa. kejadian harihari sebelumnya, cuman viral. contoh tambang bersih tuh gimana sih guru jadinya? tidak, indonesia kotor. membayangkan bersih tuh gimana. sih? tambang bersih, tambang bisa. dikalkalisir kotorannya itu. gini lah. indonesia, freeport itu, freeport gitu ya, bukaan freeport menuduh gimana gitu. cuman freeport gunung. kotor gunung, kerusakan lingkungan fat, parah, masuk sungai, lautan, merkuri manamana, lembal manamana. kotor. diharapkan minimal, kotoran, kerusakan lingkungan, situnya aja. sisa lembah, lembanya diolah, diolah, diolah, diolah, kali ini, dialirkan sungainya bersih, aman gitu kan. gitu, diharapkan tuh begitu. kendala pulau kecil. pulaunya kecil, penambangannya situ, gimana mengolahnya mengisolir lautan, bisa. konteks pulau gitu. pulaupulau raja ampat itu, penambangan ikhale kecilkecil semua, boleh, peraturan amdal itu, kecil, ukurannya sekian ratus, itunya detailnya, penambangan, mengisolasi kerusakan lingkungan."
"ini bakal jadi model termura dari Aion tapi soal comfort dan spesifikasi, go kill juga Cing joknya itu enak banget secara materialnya, ampuk-ampuknya dan dimensinya ini besar panjang, lebar, dan akomodatif dan meski dia ga punya tanas kopi steering posisi duduknya udah terbilang pasti untuk lemba kenyamanan, bankunya itu udah ventilated seat dengan pengaturan elektrik lalu untuk koneksi fitasnya sendiri, udah langkah sama Android Auto atau Apple CarPlay yang bisa koneksi secara wireless dan untuk sebuah mobil yang panjangnya 4,2 meteran, ruang kabine kaya hitung lapang panjang, luas ke depan, udah gitu, lebar juga dimana dibelakang bisa mode untuk 3 penumpang yang udah langkah sama headrest yang sembunyi di bagian joknya, udah gitu, ada Android juga jadi, berhasilnya masih sebagai penumpang yang paling penting jarak tempunya, jadi bisa jalan sampai 500 km sekali cas jadi selain boldingnya compact, tapi bisa juga untuk dipakai perjalanan jauh gimana? kabinet cakap ga untuk sebuah mobil istri compact, sekuran biwa di Dolphin atau Wuling Cloud biar ga penasaran, mending simak review lengkapnya, cuma di channel Mauladin, oke?",6,"model termura aion comfort spesifikasi, kill cing joknya enak banget materialnya, ampukampuknya dimensinya panjang, lebar, akomodatif tanas kopi steering posisi duduknya terbilang lemba kenyamanan, bankunya ventilated seat pengaturan elektrik koneksi fitasnya sendiri, langkah android auto apple carplay koneksi wireless mobil panjangnya meteran, ruang kabine kaya hitung lapang panjang, luas depan, gitu, lebar dimana dibelakang mode penumpang langkah headrest sembunyi joknya, gitu, android jadi, berhasilnya penumpang jarak tempunya, jalan cas boldingnya compact, dipakai perjalanan gimana? kabinet cakap mobil istri compact, sekuran biwa dolphin wuling cloud penasaran, mending simak review lengkapnya, channel mauladin, oke?"
ya kita akat jadi brand honor sebenernya kalau lo ngomong orang pinter banget juga engga tapi yang bener-bener bisa ngadepin masalah gak gampang stress terus dikasih inputan tuh didengerin customer begitu ada komplain apa segala macem responnya tuh bagus apakah ada benang merahnya dari segi background? misalnya oh ini rata-rata sekolahnya top schools atau gak oh ini rata-rata IPKnya tinggi tahan terhadap tekanan itu benang merahnya gak gampang stress skill set yang kita butuhin adalah menemukan solusi dari masalah setiap hari kan ada masalah semua bisnis kan pasti ada masalah nah dia bisa nyari solusinya bukan stress ada kan orang yang terima masalah wah gue stress gak sanggup wah gue stress gak sanggup nah itu udah pasti gak mungkin bisa jadi bukan orang pinter tuh tapi orang yang tahan terhadap masalah,0,akat brand honor sebenernya ngomong orang pinter banget engga benerbener ngadepin gampang stress dikasih inputan tuh didengerin customer komplain macem responnya tuh bagus benang merahnya segi background? ratarata sekolahnya top schools ratarata ipknya tahan tekanan benang merahnya gampang stress skill set butuhin menemukan solusi bisnis nyari solusinya stress orang terima stress sanggup stress sanggup orang pinter tuh orang tahan
"aku baru coba yang satu gerakan unik ini nih dan gila nyeri bahukku yang udah aku rasain bertahun-tahun berkurang drastis oke, jadi kalau kalian ngerasain nyeri di bagian sini nih misalnya di itu karena otot subscapularis, teres miner, dan infraspin atas kalian itu taik atau kaku nah biar gak kaku dan rasain nyernya hilang, coba lakuin gerakan ini nih tarahnya gini nih pertama kalian cari tiang pull up atau barbell yang tingginya kira-kira segitilah nah habis tuh kalian jepek ketia kalian yang bagian bahunya sakit nih jadi jepit gini, habis tuh tangannya ini pegang beban kaya dumbbell atau kettlebell terserah muka berat atau apa apa, santai aja habis tuh kalau kalian kayak gini kan ketia nya bakal sakit nih tapi tenang aja, kalian bisa coba linbe atau mundurin bandanya ke belakang gini terus tangan hatunya pegang tiangnya gini nih kaki nya di majuin ke depan gini dikit habis tuh beban nya diswing-swing ke depan dan belakang kayak gini nih siing, cobain dah ini enak banget dan works di aku karena penyebab nyeri di bawahku tuh karena ototnya kaku otot taik coba kalau misalnya kalian udah nyobain ini dan works komen di bawah ya atau kalau misalnya kalian ada cara lain yang buat ngilangin rasa nyiri di bawah kalian coba coba komen di bawah kalau senem banget nipas nemu cara ini dan aku pengen ser ke kalian foro lusin lami buat tips-tips lainnya share video ini kalau belum ngefaat, tarp semangat dan stay hard",4,"coba gerakan unik nih nyeri bahukku rasain bertahuntahun berkurang drastis oke, ngerasain nyeri nih otot subscapularis, teres miner, infraspin taik kaku kaku rasain nyernya hilang, coba lakuin gerakan nih tarahnya gini nih cari tiang pull barbell tingginya kirakira segitilah habis tuh jepek ketia bahunya sakit nih jepit gini, habis tuh tangannya pegang beban kaya dumbbell kettlebell terserah muka berat apa, santai aja habis tuh kayak gini ketia nya sakit nih tenang aja, coba linbe mundurin bandanya gini tangan hatunya pegang tiangnya gini nih kaki nya majuin gini dikit habis tuh beban nya diswingswing kayak gini nih siing, cobain dah enak banget works penyebab nyeri bawahku tuh ototnya kaku otot taik coba nyobain works komen ngilangin nyiri coba coba komen senem banget nipas nemu ser foro lusin lami tipstips share video ngefaat, tarp semangat stay hard"
"Gak ada aturan pastinya, mesti kemana? Mau ke doktor umum, doktor olahraga, doktor saraf, bisyoterapi, personal trainer, semuanya boleh. Oke guys, sekarang gue lagi bersama doktor Andy Vijaya, ada PT, buat menjawab pertanyaan-pertanyaan netijen yang kebingungan tentang dunia fitnes. Nah kita tanya langsung aja, gasama ahlinya nih. Pertanyaan pertanyaan do, banyak banget nih netijen yang bingung. Kalau pas dia lagi cedera, lagi ada sakit, dia tuh harusnya pergi ke doktor fisioterapi, ke doktor olahraga atau harus ke personal trainer, harusnya kemana do? Ya sih ini pertanyaan yang memang sering boleh ditanyakan ya. Bikung nih kalau cedera mesti kemana, mungkin jawaban singkatnya seperti ini. Kalau cedera Anda disebabkan karena adanya kecelakan, salah gerakan, trauma, misal, lagi squat, lagi di atli, tiba-tiba berasa terk, adek bunyi, terus sampai nggak bisa bangun, nggak bisa jalan, itu langsung ke doktor orthopedi. Ya itu udah mutlak lah, ya kalau ada yang rawback denger bunyi aneh sampai nggak bisa gerak, doktor orthopedia ya. Namun kalau cedera Anda itu nggak ada trauma, perlahan demi perlahan makin sakit, contoh, oh saya lanjes, awalnya sakit dikit doang. Makin lama, makin dilakuin berbulan-bulan kok makin sakit. Nah kalau seperti ini itu sebenarnya nggak ada aturan pastinya mesti kemana. Mau ke doktor umum, doktor olahraga, doktor saraf, fisioterapi, personal trainer, semuanya boleh, kenapa? Karena ketika nggak ada kecelakan, nggak ada trauma, itu kan aman nggak ada yang kutus, nggak ada yang kenapa-napa. Jadi solusi penyembuhannya adalah dengan rehabilitasi, dan rehabilitasi dan rehabilitasi bisa di prescribe oleh PT, oleh Visio, dan oleh doktor olahraga, jadi bisa semua ya kurang lebih seperti itu. Oke, makin udah nggak bingung lagi ya guys, kalian kalau ada yang cedera harus pergi kemana lagi, udah tahu guys sekarang.",7,"aturan pastinya, mesti kemana? doktor umum, doktor olahraga, doktor saraf, bisyoterapi, personal trainer, boleh. oke guys, doktor andy vijaya, pt, pertanyaanpertanyaan netijen kebingungan world fitnes. langsung aja, gasama ahlinya nih. do, banget nih netijen bingung. pas cedera, sakit, tuh pergi doktor fisioterapi, doktor olahraga personal trainer, kemana do? sih ya. bikung nih cedera mesti kemana, singkatnya ini. cedera disebabkan kecelakan, salah gerakan, trauma, misal, squat, atli, tibatiba berasa terk, adek bunyi, bangun, jalan, langsung doktor orthopedi. mutlak lah, rawback mendengar bunyi aneh gerak, doktor orthopedia ya. cedera trauma, perlahan perlahan sakit, contoh, lanjes, sakit dikit doang. lama, dilakuin berbulanbulan sakit. aturan pastinya mesti kemana. doktor umum, doktor olahraga, doktor saraf, fisioterapi, personal trainer, boleh, kenapa? kecelakan, trauma, aman kutus, kenapanapa. solusi penyembuhannya rehabilitasi, rehabilitasi rehabilitasi prescribe pt, visio, doktor olahraga, itu. oke, bingung guys, cedera pergi kemana lagi, guys sekarang."
de bisa bikin website judy slot online ga? kalo bisa tolong bikinin tutorial kalo ga bisa kenapa ga bisa bukannya ga mau bukannya pula ga bisa tapi lebih ke ini siya apa ya namanya? waktunya mepet si tapi kalo waktunya lumayan banyak masih kayaknya,6,website judy slot online tidak? tolong bikinin tutorial siya namanya? mepet lumayan kayaknya
"Fabrika Jepang, meskipun ketar putin karena cari baru aja ngeliris Bapak PgGV yang harganya gak nyampe 500 juta Cing. Adalah Tiga Dela Pancaesah yang baru rilis di harga Rp 499 juta. Meskipun ini dengan gimmick untuk 1000 konsumen pertama. Tapi yang jelas di harga normal Rp 519 juta pun tetep bisa nyontel abis kontes tan hybrid even plug-in hybrid lain di Pasaran. Di cara mendang-mending ini plug-in hybrid dimana sanggup kasih performa ekstra tapi dibaringi efisienci bahan bakar yang baik juga. At least dari kapabilitasnya disibut sanggup gerak sampai 90 km dalam model IP tanpa minum bensin. Bahkan bisa dicas juga kalau merasa butuh range elektrik. Dimensi, maksudnya medium SUV tapi gak kompromin kapasitas anggup secara tetap sanggup buat sampai 7 penumpang. Dan biar dikata jadi PHEV paling affordable butuhnya jauh dari kata PC. Kita dapat layar serba besar di dashboard yang udah lengkap ponaktifitas, kamera 540 derajat, adas, panoramik sunroof, bahkan sisi penumpang depan dapat masak sisi segala. Mesti diakui ini gokil sih pricingnya. Gimana? Yang lagi timbang-timbang buat meminang hybrid dari brand Jepang atau Korea kira-kira jadi bimbang gak nih?",6,"fabrika jepang, ketar putin cari aja ngeliris pggv harganya nyampe juta cing. dela pancaesah rilis harga juta. gimmick konsumen pertama. harga normal juta tetep nyontel habis kontes tan hybrid even plugin hybrid pasaran. mendangmending plugin hybrid dimana sanggup kasih performa ekstra dibaringi efisienci bahan bakar juga. least kapabilitasnya disibut sanggup gerak model minum bensin. dicas butuh range elektrik. dimensi, maksudnya medium suv kompromin kapasitas anggup sanggup penumpang. dikata phev affordable butuhnya pc. layar serba dashboard lengkap ponaktifitas, kamera derajat, adas, panoramik sunroof, sisi penumpang masak sisi segala. mesti diakui gokil sih pricingnya. gimana? timbangtimbang meminang hybrid brand jepang korea kirakira bimbang nih?"
"kalau di seru milih, antara clay mas mawar sama sheet mas kayak gini ya kan bisa milih itu dari brand Marie May mari tuh Marie May ini tuh brand korea yang itu vegan pas of mas ya guys atau clay mas jadi mas keren di bilas tipe nya Marie May jadi lihat item-itemnya ini dibukan cokocip ini adalah rose petal french rose petal hui ini typical clay mas yang kalo kering dia itu ngga 100% jadi kaya super kering ketarik itu ngga jadi mas sih ada bahasa disini ya dia udah ada spatula juga jadi lu mau turun mau deng-mau deng pake jari jadi gua mau nunjukin ke kalian si sheet masnya ini karena gua suka banget dengnya yang gua taputin dari sheet mas korea itu mereka kaya kaya kaya coba gitu yang di kira semua aja orangnya tuh ingetin kongin lu bisa lihat fitnya ini pas di gue lu membut ya sheetnya bukan yang kaya kaku gitu ngga sama sekali untuk nutupnya kaya topless gitu loh di push, kiri kanan kak lu suka pake korea dari korea beri war aneh-aneh itu udah masuk indu beliau siku pengen beri di mana udah ada kok di toko area silahkan aja udah ada official jadi maksud aku ya udah pasti ada sub-seng ori hmm hmm sheet masnya ini walaupun dari korea ini tetep cocok dipake di weather Indonesia gua udah pake ini sering banget lembapannya tuh pas bukan yang kaya sampai seumuk super lembat gitu unda sama sekali gimana udah gala lu mau ambil kelemasnya yang pink ponyue ini atau mau pake sheet mas biar glowing seperti sayul ngga pake kamu? itu harus omik kak kenapa mau bisa gue ganyakan gitu",6,"seru milih, clay mas mawar sheet mas kayak gini milih brand marie may mari tuh marie may tuh brand korea vegan pas mas guys clay mas mas keren bilas tipe nya marie may lihat itemitemnya dibukan cokocip rose petal french rose petal hui typical clay mas kering ngga kaya super kering ketarik ngga mas sih bahasa spatula turun dengingin deng pake jari nunjukin sheet masnya suka banget dengnya taputin sheet mas korea kaya kaya kaya coba gitu aja orangnya tuh ingetin kongin lihat fitnya pas membut sheetnya kaya kaku gitu ngga nutupnya kaya topless gitu loh push, kiri kanan kak suka pake korea korea war anehaneh masuk indu beliau siku toko area silahkan aja official maksud subseng ori hmm hmm sheet masnya korea tetep cocok dipake weather indonesia pake banget lembapannya tuh pas kaya seumuk super lembat gitu unda gimana gala ambil kelemasnya pink ponyue pake sheet mas glowing sayul ngga pake kamu? omik kak ganyakan gitu"
"Buka puasa, pakai gorengan. Siap-siap, jadi masalah. Iya, masalah bagi kesehatan tubuh kamu. Apalagi saat berbuka puasa pasti suka hilang deh makan gorengan yang banyak. Tanpa tahu bahwa makin banyak gorengan yang kamu makan, lambu akan bekerja sangat keras untuk mencernanya loh. Selain itu juga bikin tenggorokan kering, mual, diare, batuk-batuk, hingga perut kembung. Nah, makanya biar kesehatanmu tetap terjaga selama puasa, konsumsi gorengannya lebih dibatasi lagi ya. Dan lebih baik kamu masak sendiri dengan mengatur takaran minyaknya dan jangan digoreng berkali-kali ya sobat sehat.",6,"buka puasa, pakai gorengan. siapsiap, masalah. iya, kesehatan tubuh kamu. berbuka puasa suka hilang deh makan gorengan banyak. gorengan makan, lambu keras mencernanya loh. tenggorokan kering, mual, diare, batukbatuk, perut kembung. nah, kesehatanmu terjaga puasa, konsumsi gorengannya dibatasi ya. masak mengatur takaran minyaknya digoreng berkalikali sobat sehat."
"motornya juala dunia, motor GP 2024, motornya Hulke Martin ternyata hadir di KIA 2025 tapi itu saja bukan Aprilia RS GP ya tapi yang persimetiknya, yaitu Aprilia SRGT 200 yang replica jadi ini seterat ambilan mirip banget dan RS GP itu nggak hanya Hulke Martin ya lihat warnanya ya khas banget ya, hitam gitu terus di penuhi dan sponsor-sponsor gitu semacam ya, steril guarda, ada Rina, SkyWiFi dan sebagainya dan ada tulisan Aprilia gitu di bagian samping gitu jadi kesannya sporty banget ya, speltnya hitam ada orang-orang, sisi kanan juga terus saja juga mirip di sport itu, ada Aprilia di bagian bodi samping kalau setara fitur dan spesifikasi, terus saja sama aja dengan SRGT yang biasa ya ini bener-bener hanya beda livery kayak masin ini tetap 174 cc, S4-C4 kattup, injection, propring cairan terus suspensinya belakang ganda gini, karternya mempuk banget ada seterahan pilotnya gitu, yang depan pakai suspensi teleskopik yang lumayan sederah 31 mm dan karter mempuk terus p2m digital dan sebagainya sama, kayak versi yang standar ya di sini samping ini terus tapi kalau harganya, terus saja ini juga spesial ya 62 jutaan gitu, rupiah on the road di Jakarta, gimana betul-betul, enggak, serem sih ya jadi kayak motor pendog di MotoGP ya kalau warawiri, Hogy Martin atau Marco Beseki, motornya kayak gini-gini di perinya dan kalau beli ini, mau saja dapat nomor start itu ya bisa nomor 1 atau nomor 72, suspeh dengan kedua pembelap Aprilia Racing tersebut di MotoGP",4,"motornya juala world, motor motornya hulke martin hadir kia aprilia persimetiknya, aprilia srgt replica seterat ambilan banget hulke martin lihat warnanya khas banget ya, hitam gitu penuhi sponsorsponsor gitu ya, steril guarda, rina, skywifi tulisan aprilia gitu samping gitu kesannya sporty banget ya, speltnya hitam orangorang, sisi kanan sport itu, aprilia bodi samping setara fitur spesifikasi, aja srgt benerbener beda livery kayak masin cc, kattup, injection, propring cairan suspensinya ganda gini, karternya mempuk banget seterahan pilotnya gitu, pakai suspensi teleskopik lumayan sederah karter mempuk digital sama, kayak versi standar samping harganya, spesial jutaan gitu, rupiah road jakarta, gimana betulbetul, enggak, serem sih kayak motor pendog motogp warawiri, hogy martin marco beseki, motornya kayak ginigini perinya beli ini, nomor start nomor nomor suspeh pembelap aprilia racing motogp"
"Samsung Galaxy A365G, partner dari Galaxy A56 yang bikin kantong lebih nyaman. Harganya lebih miring ya, bisa hemat sekitar 1 juta dari A56. Dan spek yang dikasih tetap menarik. Dari prosesor Galaxy A365G jadi HP pertama di Indonesia, yang pake Snapdragon 6 Gen 3. Buat main MLBB, udah aman. Settingan udah kebuka ke 90 fps. Main Genshin pun masih bisa dapet 30-45 fps. Oh iya, bezel layarnya juga ngikutin jejak Galaxy A56 ya, sekarang udah lebih tipis. Bikin layar AMOLED 120Hz jadi lebih lebar 0,1 inch dari generasi sebelumnya. Brightness juga lebih terang, dan kaca yang dipake juga bagus. Corning Gorilla Glass Victus Plus. Kaca belakangnya juga pake Victus Plus. Buat lapisin warna awesome lavender yang kita pegang ini, ada awesome black, white atau lime. Kalau frame nya sendiri, polikarbonat ya, udah tahan air IP67 juga. Sistem operasinya udah langsung One UI 7 baru dengan Android 15. Samsung juga komitmen bakal update software ini HP sampai 6 tahun ke depan, mantap. Jio HP kita bakal berasa gol terus lah, update mulu. Fitur-fitur juga bakal nambah. Kalau sekarang udah ada Circle to Search yang lebih update ya, dia udah bisa deteksi lagu. Ada AI eraser buat bersin foto dari objek ngeganggu, racikan warna kameranya juga bisa lebih flexibel lagi. Ini beberapa sample foto dari Galaxy A365G, yang pake kamera utama 50MP dan ultra-wide 8MP. Kamera depannya juga udah support video HDR ya, biar bagian-bagian terang bisa lebih ketangkap lagi. Kapasitas baterenya sendiri di 5000 mAh dan chargingnya juga udah naik ke 45W. Kalau charger kita support, kan dijual terpisah. Harus cari promo bagus lah. Pas video ini dibuat, Galaxy A365G lagi ada promo free upgrade dan caseback bang juga. Kalau minat, bisa langsung samperin Samsung.com atau toko offline Samsung terdekat.",4,"samsung galaxy ag, partner galaxy kantong nyaman. harganya miring ya, hemat juta spek dikasih menarik. prosesor galaxy indonesia, pake snapdragon gen main mlbb, aman. settingan kebuka fps. main genshin dapet fps. iya, bezel layarnya ngikutin jejak galaxy ya, tipis. layar amoled lebar inch generasi sebelumnya. brightness terang, kaca dipake bagus. corning gorilla glass victus plus. kaca belakangnya pake victus plus. lapisin warna awesome lavender pegang ini, awesome black, white lime. frame nya sendiri, polikarbonat ya, tahan air juga. sistem operasinya langsung one android samsung komitmen update software depan, mantap. jio berasa gol lah, update mulu. fiturfitur nambah. circle search update ya, deteksi lagu. eraser bersin foto objek ngeganggu, racikan warna kameranya flexibel lagi. sample foto galaxy ag, pake kamera utama ultrawide mp. kamera depannya support video hdr ya, bagianbagian terang ketangkap lagi. kapasitas baterenya mah chargingnya charger support, dijual terpisah. cari promo bagus lah. pas video dibuat, galaxy promo free upgrade caseback bang juga. minat, langsung samperin samsung.com toko offline samsung terdekat."
"yang tunjukin gimana olahraga intense bisa mencegah penyebaran kanker atau metastasis Pistodidik in vitro, jadi mereka itu gunakan simulasi gimana shell cancer itu menyebaran metastasis di pemburu darahnya kita dan olahraga yang intense itu menyebabkan pemburu darah kita itu ada namanya shear stress jadi darah itu meluncur dengan cepat dan shear stress jadi shear stress itu begini ya, ya begitu jadi shear stress di darahnya kita karena olahraga yang intense itu bisa mematikan dan inaktifasi shell cancer yang lagi menyebar dan mereka itu melihat shear stress di darah misalnya ada kutip simulasi darah itu ya pada saat olahraga itu shear stressnya kenceng itu langsung membunuh shell cancer yang lagi menyebar ih menarik sekali ya ini juga gue mau share satu studi ini baru aja di Pabasi tahun 2024 review study gimana olahraga itu ini studi ini di breast cancer ya ini juga sama mereka itu juga melihat gimana olahraga itu bisa mencegah penyebaran kanker metastasis salah satu mekanismunya ya kemungkinan besar salah satunya adalah dari itu pada saat kita olahraga darah kita meluncur dengan cepet di dalam pemburu darahnya kita karena kan apa tekanan tinggi dan segala macam ya dari itu menyebabkan shear stress tekanan geser penamanya ih menarik sekali sih makanya gue demen sekali kalau olahraga itu makanya itu menerasa olahraga ya naikin intensitas olahraga gue gwkannya bilang bahwa jalan gak kita bukan olahraga yes itu membantu tapi kalau bisa olahraga itu lo sampai ngeos ngeosan lu keringetan naikin intensitas itu men ya itu membantu sekali di keseluruhan badan kita semoga bermanfaat",7,"tunjukin gimana olahraga intense mencegah penyebaran kanker metastasis pistodidik vitro, simulasi gimana shell cancer menyebaran metastasis pemburu darahnya olahraga intense menyebabkan pemburu darah namanya shear stress darah meluncur cepat shear stress shear stress ya, shear stress darahnya olahraga intense mematikan inaktifasi shell cancer menyebar shear stress darah kutip simulasi darah olahraga shear stressnya kenceng langsung membunuh shell cancer menyebar menarik share studi aja pabasi review study gimana olahraga studi breast cancer gimana olahraga mencegah penyebaran kanker metastasis salah mekanismunya salah satunya olahraga darah meluncur cepet pemburu darahnya tekanan menyebabkan shear stress tekanan geser penamanya menarik sih demen olahraga menerasa olahraga naikin intensitas olahraga gwkannya bilang jalan olahraga yes membantu olahraga ngeos ngeosan keringetan naikin intensitas men membantu badan semoga bermanfaat"
"ternyata cukup dengan rutin melakuin satu gerakkan ini rasa pegel atau boyo di pinggang dan punggungku ini hilang dan aku bisa kerja dulu di depan laptop berjantan tanpa khawatir lagi yaa gerakannya itu adalah lower back extension ini aku lakuin di gym ya dengan pake beban kayak gini nih ini gerakannya tuh bagus banget karena itu memperkuat otot punggung bawa kalian kalau kalian nggak sempat ke gym, kalian juga bisa melakuin stretching di rumah dengan gerakkan cobra pose kayak gini ini juga bagus buat punggung bawa kalian habis itu juga bisa ditabah dengan melakuin pose buat kelurusin punggung kali yang gini wah ini enak banget nih dan beberapa gerakkan stretching lainnya kayak cat and cow kayak gini ini bukan pargo ya tapi cat and cow benar-benar mantep banget jadi gimana buat kalian seringnya riping gangnya atau boyoan mau nyoba stretching di rumah atau latiha di gym dengan back extension itu coba komen di bawah ya siar kini kok ugram faat, daft semangat dan stay hot",5,"rutin melakuin gerakkan pegel boyo pinggang punggungku hilang kerja komputer jinjing berjantan khawatir yaa gerakannya lower back extension lakuin gym pake beban kayak gini nih gerakannya tuh bagus banget memperkuat otot punggung bawa gym, melakuin stretching rumah gerakkan cobra pose kayak gini bagus punggung bawa habis ditabah melakuin pose kelurusin punggung kali gini enak banget nih gerakkan stretching kayak cat cow kayak gini pargo cat cow benarbenar mantep banget gimana riping gangnya boyoan nyoba stretching rumah latiha gym back extension coba komen siar ugram faat, daft semangat stay hot"
"tadi juga saya diterima oleh Pak Perabowo, ya Pak Presiden, kirim salam buat kalian saya mau capai terima kasih PEMBOLA PUTRI PEMBOLA PUTRI akut tangan buat pemain dan ofisial akut tangan untuk semua yang mendukung perjuangan kalian ayo, kita bisa buktikan bahwa sepak bola putri itu ada dan nyata betul? betul kita bisa kasih lihat juga kita tidak pernah menganak-pilih sepak bola putri tapi jangan berkuas diri karena perjalanan kita masih panjang tadi juga saya diterima oleh Pak Perabowo, ya Pak Presiden, kirim salam buat kalian saya mau capai terima kasih kalian bawa benda yang merah putri kasih, minyak tangan kalian whitional juga sangat berangkat dan saya commencerkel Szan Gw ini adalah Speeda 잡아 dan bukan sek Joker",7,"diterima perabowo, presiden, kirim salam capai terima kasih pembola putri pembola putri akut tangan pemain ofisial akut tangan mendukung perjuangan ayo, buktikan sepak bola putri nyata betul? kasih lihat menganakpilih sepak bola putri berkuas perjalanan diterima perabowo, presiden, kirim salam capai terima kasih bawa benda merah putri kasih, minyak tangan whitional berangkat commencerkel szan speeda sek joker"
"Rating alasan beli lipis, baru gajian Suka finish glossy-nya Finishnya matte, pekerjaannya lucu Dapat gecein, pomo aja Kenar acun teman, Karina Discon Sedge-nya caket",6,"rating alasan beli lipis, gajian suka finish glossynya finishnya matte, pekerjaannya lucu gecein, pomo aja kenar acun teman, karina discon sedgenya caket"
"saya udah memberikan yang terbaik, udah go above and beyond tapi gajinya ngerinaikin, apa advices ibu? ketika kamu bekerja, jangan pernah berpikir memberikan yang terbaik untuk bosmu tapi selalu berpikir memberikan yang terbaik untuk dirimu sendiri ketika bosmu nih gak lihat apa yang sudah kamu kasih yang terbaik kamu tuh gak kalah, yang kalah itu dia karena apa? ketika kamu keluar dari sana, kamu keluar dengan kepala tegap dan kamu bisa membawa value itu ke tempat lain dan ke tempat lain bisa melihat value itu saya selama di kumpastifin gak pernah minta kenaikan gajinya tapi saya gak pernah menurunkan kualitas sendiri saya tapi gajinya saya naik dengan sendirinya ketika kantor melihat kualitas saya, saya naik",2,"terbaik, beyond gajinya ngerinaikin, advices ibu? bekerja, berpikir terbaik bosmu berpikir terbaik dirimu bosmu nih lihat kasih terbaik tuh kalah, kalah apa? sana, kepala tegap membawa value value kumpastifin kenaikan gajinya menurunkan kualitas gajinya kantor kualitas saya,"
"tau ga rumah tradisional laos kayak gimana? kayak gini! jadi selama di laos kita ngirip di kunta residense dimana tempat menginaannya itu di rumah tradisional laos atau disebut dengan HongSong Laos HongSong Laos ya begitu lah pokoknya jadi rumah ini adalah rumah panggung yang terbuat dari kayu, hardwood atau kayu keras bisa dari berbagai macam dan fondasinya itu ditanam sampai ke bawah rumah yang dipakai di kunta herite sini itu adalah rumah lama yang usia ini sudah lebih dari 100 tahun kemudian dipindah ke sini dan kayunya itu masih bagus hanya saja di treatment ulang biar lebih kuat dan tahan lama meskipun dari luar terlihat dari kayu tapi pas masuk ke dalam wah ini mewah dan nyaman boy kenapa jadi kejajah go? tipi yang kita pilih adalah 2 kamar dimana po amaran guli guli hasurnya enak sudah gitu, tiap kamar ada kamar mania ada 2 wastafel tiap bagaimana mandi dan ada betapnya cuy terus buat kalian yang hobi masak biar juga dilengkapi dengan dapur besar, lengkap dengan kompor rice cooker, microwave hingga toaster buat kita bikin roti dan di bagian bawahnya kita juga dapat mesin cuci sama kalau kita mau cuci-cuci ada singnya di sini jadi ini cocok banget buat yang bawa keluarga dan mau tinggal lama di sini pertanyaannya berapa biaya saja untuk yang tipe 2 kamar yang kita pakai itu semalamnya 80USD untuk yang tipe 1 kamar bukan studio ya, 1 kamar itu 60USD dan buat temen-temen yang pengen cari makanan di depannya ada restoran T.I. Indonesia makanan Indonesia yang enak-enak banget sebenernya kalau dilihat-lihat mirip gasis sama rumah adat daya kalimantan tapi beda nya apa ya? kalau ada yang tau, coba komen di bawah berada di sini di laos",6,"rumah tradisional laos kayak gimana? kayak gini! laos menginap khunta residence dimana menginaannya rumah tradisional laos rumah tradisional laos rumah tradisional laos pokoknya rumah rumah panggung terbuat kayu, hardwood kayu keras fondasinya ditanam rumah dipakai kunta herite rumah usia dipindah kayunya bagus treatment ulang kuat tahan kayu pas masuk mewah nyaman boy kejajah go? tipi pilih kamar dimana amaran guli guli hasurnya enak gitu, kamar kamar mania wastafel mandi betapnya cuy hobi masak dilengkapi dapur besar, lengkap kompor rice cooker, microwave toaster roti bawahnya mesin cuci cucicuci singnya cocok banget bawa keluarga tinggal pertanyaannya biaya tipe kamar pakai semalamnya usd tipe kamar studio ya, kamar usd temanteman cari makanan depannya restoran t.i. indonesia makanan indonesia enakenak banget sebenernya dilihatlihat gasis rumah adat daya kalimantan beda nya ya? tahu, coba komen laos"
"Apakah memang seperti banyak orang membuat youtuber untuk konten untuk cari cuan? Mungkin bisa dibilang saya salah satu orang yang paling sering ngerifanin orang, ngerifanin perusahaan. Misalnya ada salah satu bank yang terbesar, dia sempet pengen endorse, selalu dikasih SOE, Scope of Work itu. Scope of Work adalah dia pengen bilang dia itu perusahaan yang aman, udah ada perlindungan dari instansi ini, ini. Saya bilang saya nggak bisa. Saya bilang perusahaan yang terbesar pun yang mau warna biru, mau warna kuning, itu bisa bangkrut semua. Kita lihat dari Credit Suisse, kita lihat dari mana pun gitu. Gak ada perusahaan ini yang aman gitu. Ini kalau misalnya untuk finance influencer ya, kita harus mendapatkan income utama itu dari bisnis kita. Baru kita boleh menjadi... Bukan dari bisnis Youtube ini, bukan dari bisnis podcast. Nah gimana kalau misalnya saya itu hidup dan mati dari konten? Saya ini akan tergantung dari konten ini, dari endorsean ini untuk barely strict. Saya akhirnya pasti harus kompromis dari segi integritas. Kita boleh dapting cuan tapi ada batasnya. Kita nggak boleh lakukan apa pun untuk mengambil semuanya.",0,"orang youtuber konten cari cuan? dibilang salah orang ngerifanin orang, ngerifanin perusahaan. salah bank terbesar, sempet endorse, dikasih soe, scope work itu. scope work bilang perusahaan aman, perlindungan instansi ini, ini. bilang bisa. bilang perusahaan terbesar warna biru, warna kuning, bangkrut semua. lihat credit suisse, lihat gitu. perusahaan aman gitu. finance influencer ya, income utama bisnis kita. menjadi.. bisnis youtube ini, bisnis podcast. gimana hidup mati konten? tergantung konten ini, endorsean barely strict. kompromis segi integritas. dapting cuan batasnya. lakukan mengambil semuanya."
"ada fitur tersembunyi di setangnya kijimotor Ford 250 jara sini ini ini sekilas kayaknya nggak ada apa-apa ya tapi di baliknya sebenarnya ada fitur ini bisa diangkat nah di baliknya ada port USB itu jadi bisa nge-dash smartphone atau GPS itu undik ya kalau di laskilas tuh kayak gini kayaknya nggak ada apa-apa gitu tapi ternyata tara ada USB pintar ya, manfaatin ruang di sini jarang-jarang lu, biasanya kan di pinggir dal belaci gitu kan kalau ini malah di tengah-tengah setangnya di metik lain saya belum menemukan dia fitur kayak gini nih",6,"fitur tersembunyi setangnya kijimotor ford jara sekilas kayaknya apaapa baliknya fitur diangkat baliknya port usb ngedash smartphone gps undik laskilas tuh kayak gini kayaknya apaapa gitu tara usb pintar ya, manfaatin ruang jarangjarang kamu, pinggir dal belaci gitu tengahtengah setangnya metik menemukan fitur kayak gini nih"
"di Xiaomi sih ini gila ya barang ya reviewnya 29.000 plus plus terjual 10.000 plus plus pas gue pegang ini udah kasih kesan wala buat barang 200.000 tali jamnya punya bahan yang oke polis plastik bodinya jadi gold juga keliatan mewa ya tapi kalau lo perhatiin bener-bener ada sedikit lecet warna kecil di bagian kiri sama atas ya coating layarnya juga gampang banget kotor lo pegang aja langsung jeplak dari ini panel IPS yang dipakai juga pas kena lampu keliatan banget abu-abunya langsung beda sama bezel hitamnya gue gak bisa komplain lah ya harga segini boss menarik ya pas dipakai touch layarnya ini lumayan sensitif walaupun efek transisinya gak bisa boong ya di harga segini hertznya udah pasti cukup rendah enggak smooth-smooth banget layarnya lumayan terang fitur muka aja belum bisa pilih skalu keliamnya IP68 waterproof gue coba guayur layarnya lampu dikit langsung bisa dipakai lagi dan yang paling penting yang notif whatsapp masuk bisa langsung dibaca geter juga berhasil udah amazing layar diursunnya buat apa lagi? fitur lainnya kayak sensor jantung, sport, sensor oksigen ya lu bisa mainnya sendiri lah gue gak terlalu berharap banyak sama akurasi sensor-sensor gituan di jam semura ini nice to have ya 200.000 bisa punya fitur sebanyak itu dan udah pasti dus belakangnya tertulis tulisannya udah jelas tusen can emang dari mana lagi lu pikir kalau bukan dari china produk gini ya aulon aulon komen aja aulon gue kira-kira ini inget top up game inget di Dedy Top Up",6,"xiaomi sih barang reviewnya plus plus terjual plus plus pas pegang kasih kesan wala barang tali jamnya bahan oke polis plastik bodinya gold keliatan mewa perhatiin benerbener lecet warna kiri coating layarnya gampang banget kotor pegang aja langsung jeplak panel ips dipakai pas kena lampu keliatan banget abuabunya langsung beda bezel hitamnya komplain harga segini boss menarik pas dipakai touch layarnya lumayan sensitif efek transisinya boong harga segini hertznya rendah smoothsmooth banget layarnya lumayan terang fitur muka aja pilih skalu keliamnya waterproof coba guayur layarnya lampu dikit langsung dipakai notif whatsapp masuk langsung dibaca geter berhasil amazing layar diursunnya lagi? fitur kayak sensor jantung, sport, sensor oksigen mainnya berharap akurasi sensorsensor gituan jam semura nice fitur dus belakangnya tertulis tulisannya tusen emang pikir china produk gini aulon aulon komen aja aulon kirakira inget isi ulang permainan inget dedy isi ulang"
"Kalau aku bisa belajar koding dari NOL di tahun 2025, ini yang akan aku lakukan. Selamat datang di series One Why. Bukan cuma tahu apa, tapi paham kenapa. Sebenarnya kita udah ngebahas belajar koding di era Gempuran AI. Jadi kali ini aku bakal langsung aja spiel gimana cara aku akan belajar koding dari NOL kalau aku mulai di tahun ini. Yang pertama, aku bakal fokus ke pemahaman aku di struktur data dan algoritma. Setelah bertahun-tahun belajar koding, aku sadar bahwa foundation inilah, sebenarnya pemahaman kita di sini lah yang sangat ngebentuk cara berpikir kita dalam nge-develop atau mengembangkan sebuah software. So, solidify your foundations. Yang kedua, aku bakal learn by doing. Belajar teori itu penting, tapi personally aku sadar kalau aku mau nge-level up skill koding aku itu sendiri, ter efektif caranya adalah dengan beluncur ke project atau ke real life application yang kita bisa lihat di kehidupan sehari-hari. Melatih pola pikir kita secara langsung. Ketiga, ini aku sempet bahas secara detail kalian bisa cek di video youtube aku adalah having the right mindset. Belajar koding itu bukan perjalanan yang mulus seperti kita belajar hal-hal baru lainnya ya. Justru kesusahan kalian atau kesulitan kalian itu lah yang mengertikan bahwa kalian sedang belajar. Yang keempat yang akan aku lakukan berbeda di 2025 ini adalah aku bakal pake generative AI untuk ngajarin aku cara koding. Ingat ya, ngajarin bukan buatin. Misalnya yang buatin AI yang pada akhirnya yang belajar bukan kita. Dulu waktu aku pertama kali belajar koding aku harus cari tutorial di web atau video baca-baca. Jadi itu untuk bisa buat timer aja aku butuh berhari-hari. Ibarat kalau misalnya zaman dulu kita harus belajar dari buku, lama-kelamaan kita bisa searching internet. Sekarang muncullah generative AI yang bisa membantu kita untuk belajar. Tapi pastinya gunakan saat diperlukan saja ya karena kita harus menjadi pengguna yang bijak. Mau tahu juga dong cerita-cita kalian belajar koding itu kayak gimana. Semoga aku bisa buat teknologi dan koding fun for everyone. Sampai ketemu di resep selanjutnya. Bye bye.",7,"belajar koding nol lakukan. selamat series one why. apa, paham kenapa. ngebahas belajar koding era gempuran ai. kali langsung aja spiel gimana belajar koding nol ini. pertama, fokus pemahaman struktur data algoritma. bertahuntahun belajar koding, sadar foundation inilah, pemahaman ngebentuk berpikir ngedevelop mengembangkan software. so, solidify foundations. kedua, learn doing. belajar teori penting, personally sadar ngelevel skill koding sendiri, ter efektif beluncur project real life application lihat kehidupan seharihari. melatih pola pikir langsung. ketiga, sempet bahas detail cek video youtube right mindset. belajar koding perjalanan mulus belajar halhal ya. kesusahan kesulitan mengertikan belajar. keempat lakukan berbeda pake generative ngajarin koding. ya, ngajarin buatin. buatin belajar kita. kali belajar koding cari tutorial web video bacabaca. timer aja butuh berharihari. zaman belajar buku, lamakelamaan searching internet. muncullah generative membantu belajar. pastinya pengguna bijak. ceritacita belajar koding kayak gimana. semoga teknologi koding fun everyone. ketemu resep selanjutnya. bye bye."
"Mentalitas ketika bertahan, meskipun kemungkinan 0,1% tetap kejar lawan, setidaknya kita menekan secara pesikis sehingga lawan tidak bisa mengaksekusi bola dengan tenang. Demikian, futsal tip salam futsal upgrade.",4,"mentalitas bertahan, kejar lawan, menekan pesikis lawan mengaksekusi bola tenang. demikian, futsal tip salam futsal upgrade."
"Di video kali ini kami akan membawa 2 buah mobil yang identik yaitu Hyundai Stargazer yang akan dikendari oleh saya dan Ludwig Aziz yang dua-duanya akan menempuh perjalanan yang sama memenyalakan mesin di saat bersama-sama, mematikan mesin di saat bersama-sama mana yang bisa berjalan lebih jauh jangan lupa asli langsung di nyala ini ya kita suhu nya pakai 20 derajat saja let's go, kita langsung aja jalan oke, jadi kita di perjalanan ini, kita nyetirnya EcoDriving Santai nggak usah yang dihemat-hematin berlubuhan tapi jangan ngera-mendadat, jangan akselera-mendadat bensinnya masih banyak disini ini baru turun 2 bar, jadi harusnya masih panjang perjalanan kita laskar running serasa mudikin style wah, menegangkan mobil mana yang habis dulu dan pakai bpm apa ya",6,"video kali membawa buah mobil identik hyundai stargazer dikendari ludwig aziz duaduanya menempuh perjalanan memenyalakan mesin bersamasama, mematikan mesin bersamasama berjalan lupa asli langsung nyala suhu nya pakai derajat lets go, langsung aja jalan oke, perjalanan ini, nyetirnya ecodriving santai dihemathematin berlubuhan ngeramendadat, akseleramendadat bensinnya turun bar, perjalanan laskar running serasa mudikin style wah, menegangkan mobil habis pakai bpm"
"mencoba Jeep Sejujunya teman orang merah, ternyata kalau dikontak dia ada toeng, begitu ini kan sudah diganti, jadi digital semua nah ini Sejuju 7 pakai softtop softtopnya softtopnya Jeep YJ atau Wrangler pakai pintu setengah YJ juga tapi asenya saya ingin belum asenya YJ YJ yang ahhh ini pernya sudah diganti pernya punya YJ juga jadi enak banget pernya nah remen kita coba mulai coba tuh, usik remen itu oh bakal jadi ini pakai master sama servonya pakai sama yang dipakai di sejujung kita juga di sejujung dulu spionnya juga pakai spionnya Wrangler yang melihatnya tuh lebih enak tapi tetep aja yang sebelah kiri tuh ada terlalu kurang cembung ini aja pas gini-gini ya sinpromes sinpromes ya dia asennya bagus spellengnya bagusan sejujung kita luaranya enak nih harbunat-parat tuberlo aduh suspensinya sih bener sih bener insypensinya tetep goyang-goyang kayak mobil jaman dulu tapi ada aja mobil tua ya mau pergiginnya lah begitu tapi ini 5 speed pak 4 ga? 4 dong macam kira-kira ke bawah gini memang 4 tapi kayanya karena sayangnya metik kita oh nih ga lojar-lojar deh ya ga lojar-lojar anteng nih anteng ya orang pakai GPS nih antena GPSnya tapi enak sih rumah stirnya walaupun spelleng tapi gampang untuk lurus kenapa sih itu apakah nih saja ya guys, kenapa ini nya gua meningkat wari ini nya nih pak oh tau, wari itu nya anak begajibu kita goreng lagi saja ya",6,"mencoba jeep sejujunya teman orang merah, dikontak toeng, diganti, digital sejuju pakai softtop softtopnya softtopnya jeep wrangler pakai pintu asenya asenya ahh pernya diganti pernya enak banget pernya remen coba coba tuh, usik remen pakai master servonya pakai dipakai sejujung sejujung spionnya pakai spionnya wrangler tuh enak tetep aja sebelah kiri tuh cembung aja pas ginigini sinpromes sinpromes asennya bagus spellengnya bagusan sejujung luaranya enak nih harbunatparat tuberlo aduh suspensinya sih bener sih bener insypensinya tetep goyanggoyang kayak mobil jaman aja mobil tua pergiginnya speed tidak? kirakira gini kayanya sayangnya metik nih lojarlojar deh lojarlojar anteng nih anteng orang pakai gps nih antena gpsnya enak sih rumah stirnya spelleng gampang lurus sih nih guys, nya meningkat wari nya nih tahu, wari nya anak begajibu goreng"
"Memen Dev, Sudahkah Anda Cek Kandungan Nutrisi Dalam Minuman Sipicil? Hati-hati ya karena masih banyak orang tua yang memberikan asupan tinggi gula buat anak loh. Pada dasarnya, anak-anak memang memiliki ketertarikan alami terhadap makanan ataupun minuman manis. Hal ini rentan membentuk kebiasaan anak mengonsumsi minuman manis, terutama saat beraktifitas di luar rumah seperti sekolah, les atau bermain. Asupan minuman manis anak harus diperhatikan karena jika tidak dikontrol, kandungan gula berlebih berdampak muruk bagi kesehatan si kecil. Sebaiknya berikan tambahan nutrisi yang lebih sehat untuk dua hati ya. Pastikan minuman yang dikonsumsi tidak mengandung gula tambahan dan dilengkapi nutrisi seperti BHA, fitamin dan kalsium. Nutrisi seperti BHA akan mendukung akal cerdas dan daya ingat anak. Sementara, fitamin dan kalsium dapat menjaga daya tahan tubuh serta kepada tantulang. Nah, selain tinggi nutrisi, Mam juga bisa memberikan asupan tambahan nutrisi praktis dan tetap lezat yang bisa dibawa anak saat beraktifitas di luar rumah. Tenang, Mam bisa kok memilih susu UHT yang memang diformulasikan khusus untuk anak usia satu tahun keakas dengan status gizibai. Pilih susu UHT tanpa tambahan suku rosa serta mengandung nutrisi seperti BHA, fitamin dan mineral. Dengan memprioritaskan asupan tambahan nutrisi yang sehat, ini akan mendukung tumbuh kembang anak agar ia tetap praktis dan kreatif. Jadi, sudahkah Mam and Dad memilih minuman yang tepat untuk sikit jil?",5,"memen dev, cek kandungan nutrisi minuman sipicil? hatihati orang tua asupan gula anak loh. dasarnya, anakanak memiliki ketertarikan alami makanan minuman manis. rentan membentuk kebiasaan anak mengonsumsi minuman manis, beraktifitas rumah sekolah, les bermain. asupan minuman manis anak diperhatikan dikontrol, kandungan gula berlebih berdampak muruk kesehatan kecil. tambahan nutrisi sehat hati ya. pastikan minuman dikonsumsi mengandung gula tambahan dilengkapi nutrisi bha, fitamin kalsium. nutrisi bha mendukung akal cerdas daya anak. sementara, fitamin kalsium menjaga daya tahan tubuh tantulang. nah, nutrisi, mam asupan tambahan nutrisi praktis lezat dibawa anak beraktifitas rumah. tenang, mam memilih susu uht diformulasikan khusus anak usia keakas status gizibai. pilih susu uht tambahan suku rosa mengandung nutrisi bha, fitamin mineral. memprioritaskan asupan tambahan nutrisi sehat, mendukung tumbuh kembang anak praktis kreatif. jadi, mam dad memilih minuman sikit jil?"
"dan apakah Devinea ini bisa gantiin kita sebagai seorang programmer? untuk seutuhnya mungkin saat ini belum karena menurut gue pribadi AI itu masih butuh perintah dan dia bakal perform bagus kalau dikasih perintah yang tepat juga dan salah satu orang yang bisa ngasih perintah dengan sangat tepat itu ya yang mengerti teknisnya seputaran coding itu sendiri itu si programmer tapi hal menariknya bagi gue disini adalah dengan keberadaan AI kayak Devinea atau puncat GPT yang kayak gitu-gitu sebenernya bukan permasalahan, programmer akan digantikan atau enggak tapi lebih ke peluang baru yang muncul di dunia kerja saat ini jadi kalau lo perhatikan di luar negeri sana udah mulai banyak lawangan kerja untuk Prom Engineer gitu dimana memang Prom Engineer ini akan berkaitan interaksi antara manusia dengan penggunaan AI seperti apa untuk membantu produktivitas dalam melakukan sebuah aktivitas ya kita harus tahu juga hal-hal positif ketika ada AI jangan cuman kese-miss doang dengan keberadaan si Devinea aduh gue nggak jadi lah jadi programmernya, jangan ya karena itu mah biar gue aja, lo nggak usah",6,"devinea gantiin programmer? seutuhnya pribadi butuh perintah perform bagus dikasih perintah salah orang ngasih perintah mengerti teknisnya seputaran coding programmer menariknya keberadaan kayak devinea puncat gpt kayak gitugitu sebenernya permasalahan, programmer digantikan peluang muncul world kerja perhatikan negeri lawangan kerja prom engineer gitu dimana prom engineer berkaitan interaksi manusia penggunaan membantu produktivitas aktivitas halhal positif cuman kesemiss doang keberadaan devinea aduh programmernya, mah aja,"
biar monitor gua ga goyang gimana ya bang? soal meja gua ga solid? hmmm dari pertanyaannya sebenernya lo udah tau jawaban paling gampangnya ya beli meja baru yang bagusan disisi lainnya gue yakin ada cara buat ngakalin meja goyang lo itu jadi lebih kokoh tapi apapun pilihan lo sebenernya lo harus sadar kalau lo tetep korbanin sesuatu lo beli meja baru lo korbanin duit yang lo punya demi kenyamanan dan hemat waktu tapi kalau lo cari cara nakalin meja lo yang sekarang lo juga korbanin sesuatu yaitu waktu lo yang mungkin bisa lo pake buat cari duit juga sisanya tergantung lo tinggal lo lebih real korbanin yang mana dan lo bisa top up game kesukaan lo di GTD Top Up,7,layar goyang gimana bang? meja solid? hmm pertanyaannya sebenernya gampangnya beli meja bagusan disisi ngakalin meja goyang kokoh apapun pilihan sebenernya sadar tetep korbanin beli meja korbanin duit kenyamanan hemat cari nakalin meja korbanin pake cari duit sisanya tergantung tinggal real korbanin isi ulang permainan kesukaan gtd isi ulang
"Wapor, wapor! Aku ada uji tes produk terbaru MS Glow tapi bukan di kulit aku Karena kulit aku tidak ada permasalahan kekusaman Aku minta Ken pakai produk MS Glow yang terbaru ini, simponnya 377 moisturizer Selama 1 bulan dan kalian harus lihat progresnya, ini di minggu pertama, ini di minggu kedua Dan ini after 1 bulan, keliatan progresnya tapi kalau dipakai lebih lama lagi bakalan lebih oke lagi Di sini ada niacinamide dan ternyata acid, dan MS Glow sudah melakukan clinical test juga Si wajah itu jadi warna lebih rata, raksitamanya berkurang, rata-ratakan warna kulit Kalau ada bakas jerawat, dia bisa membantu menyamarkan packagingnya sekarang upgrade banget MS Glow Dan tekstur dari moisturizernya tidak terlalu tipis, jadi akan ada efek kelembapak di kulit kita Ini bisa dipakai pagi dan malam hari, ingredientsnya tidak ada yang bisa membuat sensitif sama cahaya matahari Kalian bisa pakai ini, dipagi hari sebelum kalian pakai sunscreen Nah, ini teksturnya seperti ini ya guys, dan kan masih lanjut terus pakai ini Karena dia suka, tidak ada rasa efek-efek yang membuat dia kayak perjing atau irritasi atau kayak menggelitik gitu Kalau berapa ini produk, yang ada masalah mengkusaman, raksitam atau bakas jerawat Misalnya, coba perlu keberantikan dari MS Glow ini, kesihian, terima kasih banyak Untuk melakukan",7,"wapor, wapor! uji tes produk terbaru glow kulit kulit permasalahan kekusaman ken pakai produk glow terbaru ini, simponnya moisturizer lihat progresnya, minggu pertama, minggu bulan, keliatan progresnya dipakai oke niacinamide acid, glow clinical test wajah warna rata, raksitamanya berkurang, rataratakan warna kulit bakas jerawat, membantu menyamarkan packagingnya upgrade banget glow tekstur moisturizernya tipis, efek kelembapak kulit dipakai pagi malam hari, ingredientsnya sensitif cahaya matahari pakai ini, dipagi pakai sunscreen nah, teksturnya guys, pakai suka, efekefek kayak perjing irritasi kayak menggelitik gitu produk, mengkusaman, raksitam bakas jerawat misalnya, coba keberantikan glow ini, kesihian, terima kasih"
"Ini randomly aku mau nge-review dua produk ini, Rosé Old Day Dan ini adalah cushion terbarunya, Tier Tier Ini bukan pertama kali aku pakai Tapi udah menjadi cushion Tier Tier terfavorit aku Waktu aku bilang orang-orang Sekarang gak jadi yang ini lebih gong lagi Ini tuh namanya Tier Tier Masfi AI Filter Cushion Tapi aku gak tau ini udah ada di Indonesia atau belum masalahnya Waktu aku ke Korea, terus aku mampir ke tornya Tier Tier Dan aku dikirimin semua shade Terus aku langsung coba, terus aku langsung jatuh cinta Lihat deh, bagus banget ya guys Aku akan blend sebelah dulu ya Dan yang aku pakai itu, shade-nya adalah... Ya! Ini seokornya Mereka kok akan berasik nih Puff-nya itu juga enak banget untuk ngeblend Terusnya enak-enaknya puff Aku lebih enak pakai sponge gitu Keunggulan utamanya itu adalah Sewaupun aku blend pakai sponge Dia coverage-nya tuh kayak gak berkurang gitu Karena dia tuh bener-bener langsung ngempel gitu di kulit Jadi kulit kita bener-bener kayak AI My Skin But AI Before After Ini dia hasilnya Bahkan waktu aku pakai pertama kali itu aku gak senang pakai powder Karena udah indah Pasti bakal ngoncing gak sih di Indonesia Kalau misalnya gak, kalian mau justi penutup ini worth it Next-nya aku juga penasaran banget sama liquid blush-nya Rose All Day Dan dikatakan baju aku lagi merah Kita akan coba yang warna merah ya Ini namanya adalah Narsia Ghee Red Shrite Oh dia aplikatornya silicon Jujur aku biasanya agak kurang suka sama aplikator silicon Kayaknya gak terlalu ngaruh karena ini cream blush Aku gak sukanya itu aplikator silicon kalau buat dibir biasanya Kita blend Rose All Day tuh biasanya emang Aiming for natural girl gitu kan Jadi gak kaget kelopikmentasinya low seperti ini Wapun warnanya tadi seintens ini ya Tapi pada saat dibelan ternyata dia sangat soft Dan warnanya jadi kayak flushy pink Dari warna kayak gini, begitu dibelan Warnanya semua Jadinya flushy aja No worries Kalau ngondolnya agak banyak Kalau yang Rose All Day ini aku belakang first impression So far so good Tapi aku yakin banget ini kalau kita set pakai powder, warna blush-nya pasti hilang Kalau sama yang gak hilang, maksudnya cakap Kita akan pakai silicon blush powdernya MOP Tipis aja Dan gak hilang Alhamdulillah ini adalah salam itu liquid blush yang cantik sekali Menarik aku sih jadi Dan kulit aku udah semakin seperti Wow Ujong Mana semua purupori, mana semua tekstur Kita kobo banget Kayaknya aku hari ini mau bener-bener pakai lipstick merah gitu Dan menonjolkan kemerahan yang ada disini gitu lho Dari liquid blush, baju dan juga lipstick Malah kita selesai ke make upnya ya Tadaaa Here are the final look Dan aku tidak pakai setting spray Super flawless skin The hero products of this video adalah cushion-nya Tapi blush-nya Rose All Day juga bagus sekali, cantik Dan make up-nya super simple aja Mengandalkan kompleksion dan lipstick merah-merah-membarat Next week kita review produk apa lagi? Kalian komen di bawah, oke?",4,"randomly ngereview produk ini, ros old day cushion terbarunya, tier tier kali pakai cushion tier tier terfavorit bilang orangorang gong tuh namanya tier tier masfi filter cushion indonesia korea, mampir tornya tier tier dikirimin shade langsung coba, langsung jatuh cinta lihat deh, bagus banget guys blend sebelah pakai itu, shadenya adalah.. ya! seokornya berasik nih puffnya enak banget ngeblend terusnya enakenaknya puff enak pakai sponge gitu keunggulan utamanya sewaupun blend pakai sponge coveragenya tuh kayak berkurang gitu tuh benerbener langsung ngempel gitu kulit kulit benerbener kayak skin hasilnya pakai kali senang pakai powder indah ngoncing sih indonesia tidak, justi penutup worth nextnya penasaran banget liquid blushnya rose day baju merah coba warna merah namanya narsia ghee red shrite aplikatornya silicon jujur suka aplikator silicon kayaknya ngaruh cream blush sukanya aplikator silicon dibir blend rose day tuh emang aiming natural girl gitu kaget kelopikmentasinya low wapun warnanya seintens dibelan soft warnanya kayak flushy pink warna kayak gini, dibelan warnanya flushy aja worries ngondolnya rose day first impression far good banget set pakai powder, warna blushnya hilang hilang, maksudnya cakap pakai silicon blush powdernya mop tipis aja hilang alhamdulillah salam liquid blush cantik menarik sih kulit wow ujong purupori, tekstur kobo banget kayaknya benerbener pakai lipstick merah gitu menonjolkan kemerahan gitu lho liquid blush, baju lipstick selesai make upnya tadaa final look pakai setting spray super flawless skin hero products video cushionnya blushnya rose day bagus sekali, cantik make upnya super simple aja mengandalkan kompleksion lipstick merahmerahmembarat next week review produk lagi? komen bawah, oke?"
"Kalian ada yang pernah ngalamin ga sih? Kulitnya muncul jgawat, jgwetek kompes, tapi inggal lama kemudian jgwetek muncul lagi di tempat yang sama Kalo ada, cobain pake acne patch deh, dijamin jgwetek ga bakal muncul lagi Nah kebetulan baru-baru ini, FNQ meluarin acne patch baru, harganya cuma 8.000 won aja dan isinya ada 22 patches Untuk patchnya ada yang ukuran gede dan ada yang ukuran kecil, dan ini acne patch sebetul-betul tipis banget ga kelihatan kan? Dan untuk cara pakainya gampang, tinggal ditempelin aja di jgwetek yang kamu rasa masih ada isinya, terus tunggu selama beberapa jam dan baru udah dicabut Ah lega! Dan setelah beberapa jam kelihatan ya, ini isi jgwetek kesakup semua dan jgwetek ilang total, ga balik lagi Intinya acne patch ini tuh highly highly recommended",6,"ngalamin sih? kulitnya muncul jgawat, jgwetek kompes, inggal jgwetek muncul ada, cobain pake acne patch deh, dijamin jgwetek muncul barubaru ini, fnq meluarin acne patch baru, harganya aja isinya patches patchnya ukuran gede ukuran kecil, acne patch sebetulbetul tipis banget kan? pakainya gampang, tinggal ditempelin aja jgwetek isinya, tunggu jam dicabut lega! jam ya, isi jgwetek kesakup jgwetek ilang total, intinya acne patch tuh highly highly recommended"
"Moment Pilih Salim, nyimangatin para in-warga. Apa nih buat Kornas malam ini? Pokoknya jaya semangat selalu, kita lihat pertandingannya. Kala menang semua senang.",4,"moment pilih salim, nyimangatin inwarga. nih kornas malam ini? pokoknya jaya semangat selalu, lihat pertandingannya. menang senang."
"Apakah ada efek negatif kalau kita duduk ke lamaan? Ini gue mau share satu studi dari Journal of Applied Visualogy dan ini highly cited paper. Mereka tuh bagi sekelompok orang menjadi 3 kelompok. Semua itu disuruh duduk selama 4 jam. Kelompok yang pertama disuruh duduk 4 jam, ga usah ngapain. Kelompok yang kedua setiap setengah jam mereka tuh disuruh jalan 2 menit. Kelompok yang ketiga, tetep disuruh duduk 4 jam. Tapi mereka tuh disuruh jalan selama 8 menit di jam kedua. Mereka itu ngeliat ada perbedaan yang signifikan dari perbedaran darah keotak dari 2 parah meter. Yaitu blood flow velocity dan juga CO2 reactivity. Jadi apa yang mereka temuin? Udah jelas orang-orang yang setiap 30 menit itu gerak sedikit. Itu perbedaran darah keotaknya jauh lebih baik dibandingkan orang-orang yang duduk selama 4 jam. Dan orang-orang yang selama 4 jam cuma jalan sekali, walaupun tuh jalan 10 menit. Dan perbedaran darah keotak ini sangat-sangat penting ya. Karena terasosiasi dengan semua penyakit-penyakit yang menyerang otak. Seperti dementia, seperti stroke dan semua penyakit degeratif yang terjadi diotak. Jadi ini implicasinya sangat-sangat penting. Terutama bagi teman-teman yang kerja kantoran dan teman-teman yang kerja itu duduk mulu. Coba tonton bayangin. Teman-teman udah duduk seharian di kantor atau di tempat kerja. Terus pulang duduk lagi, tidur lagi, ga ngapain-ngapain, ga ada kegiatan fisik. Jadi selalu utamakanlah ada kegiatan fisik. Semoga bermanfaat.",6,"efek negatif duduk lamaan? share studi journal applied visualogy highly cited paper. tuh sekelompok orang kelompok. disuruh duduk jam. kelompok disuruh duduk jam, ngapain. kelompok jam tuh disuruh jalan menit. kelompok ketiga, tetep disuruh duduk jam. tuh disuruh jalan menit jam kedua. ngeliat perbedaan signifikan perbedaran darah keotak parah meter. blood flow velocity reactivity. temuin? orangorang menit gerak sedikit. perbedaran darah keotaknya dibandingkan orangorang duduk jam. orangorang jam jalan sekali, tuh jalan menit. perbedaran darah keotak sangatsangat ya. terasosiasi penyakitpenyakit menyerang otak. dementia, stroke penyakit degeratif diotak. implicasinya sangatsangat penting. temanteman kerja kantoran temanteman kerja duduk mulu. coba tonton bayangin. temanteman duduk seharian kantor kerja. pulang duduk lagi, tidur lagi, ngapainngapain, kegiatan fisik. utamakanlah kegiatan fisik. semoga bermanfaat."
"Gue kadang heran sama orang yang nanya, produk elektronik ini oke gak? Tanpa ngeliat harganya? Gimana ceritanya bisa menilai produk elektronik tanpa liat harganya? Padahal harganya itu komponen paling penting buat bisa nilai itu produk oke. Atau kaga? Mabuk keningan. Langsung gue jawab aja tanpa filter. 34 inch MS yang ditanya itu di harga 4,2 juta. Itu barang sampah! Gimana cara gue ngeliat itu sampah? Gampang. Pergi ke jade.com, ke Tick Monitor, filter by 34 inch, filter by sales. Lu akan liat 3 brand dengan sales terbaik dan harga termura di China. Xiaomi, Hisense, HKC. Semuanya itu di harga 3 juta kecil atau di bawah 3 juta. Next gue liat jumlah penjualannya mereka. Xiaomi dapat 20 ribu review. Hisense dan HKC masing-masing dapat 10 ribu review. Satu review belum tentu beli satu yang beli belum tentu kasih review juga. Dekutnya ya gue spesifik kek MS yang lu tanya itu. Harga di China 3.6-3.7 juta. Lu tau terjualnya berapa menyenedikan cuma 60. Dan gue kasih tau nih seberapa menyenedikannya itu. Pas lu tanya harga sebuah produk sama producenya China. Orang-orang yang cari napa-beta itu gak bakal langsung jawab. Dia akan tanya balik dan cuma ada satu pertanyaan yang dia tanya. Lu mau bikin berapa quantitinya? Gak ada pertanyaan lain. Kalau MS aja cuma bisa jual 60, sedangnya Xiaomi China jual 20 ribu fees di China. Mungkin kak MS bisa bikin monitor lebih bagus dibanding Xiaomi. Impost! Lepihan pabrik! Satu tempur, satu dua kur, mungkin tempur lu di lepehan pabrik! Lebih lagi MS jualan di Indonesia mau untungnya gak kira-kira. Mau 1.2-1.3 juta kalau gue liat harga di topen. Xiaomi kemarin pas 12-12 berhasil bantai monitor 34. Instrasmynya itu di Indonesia. Sampai cuma di duat, print toad sendiri lagi murah dari harga China. Lepehan pabrik sama anak emas pabrik itu udah bergala. So boss. Udah bapak gak sekarang cara liat barang bagus atau sampah? Easy! Ingat Top Up Game? Ingat di DD Top Up.",0,"kadang heran orang nanya, produk elektronik oke tidak? ngeliat harganya? gimana ceritanya menilai produk elektronik liat harganya? harganya komponen nilai produk oke. kaga? mabuk keningan. langsung aja filter. inch harga juta. barang sampah! gimana ngeliat sampah? gampang. pergi jade.com, tick layar, filter inch, filter sales. liat brand sales terbaik harga termura china. xiaomi, hisense, hkc. harga juta juta. next liat penjualannya mereka. xiaomi ribu review. hisense hkc masingmasing ribu review. review beli beli kasih review juga. dekutnya spesifik kek itu. harga china juta. terjualnya menyenedikan kasih nih menyenedikannya itu. pas harga produk producenya china. orangorang cari napabeta langsung jawab. tanya. quantitinya? lain. aja jual sedangnya xiaomi china jual ribu fees china. kak layar bagus dibanding xiaomi. impost! lepihan pabrik! tempur, kur, tempur lepehan pabrik! jualan indonesia untungnya kirakira. juta liat harga topen. xiaomi kemarin pas berhasil bantai layar instrasmynya indonesia. duat, print toad murah harga china. lepehan pabrik anak emas pabrik bergala. boss. liat barang bagus sampah? easy! isi ulang permainan? isi ulang."
"Windows 10 ada di dalam MacBook, bagaimana ceritanya tuh bang selancar itu jadi Windows ini gua running di virtual machine yang gua jalan kan di sebuah home server yang gua punya dengan spesifikasi kurang lebih CPU nya 16 core, memori nya 32GB, storage nya 1TB nah salah satu keuntungannya adalah gua bisa ngasih spesifikasi ke Windows 10 nya terserah gua contoh di sini, CPU nya gua taro di 4 core aja virtual processor 4 core terus GPU nya udah kelot juga RX 6700 XT, memori nya gua taro 16GB itu dibebankan dari sini ya, jadi dari sini dilempar ke virtual machine Windows 10 nya oke sekarang kita bakal coba export aja videonya, kita lihat performanya dan ya estimasi berjalan 2 menit akan kelar ini videonya di running di RDP MacBook dari MacBook maksud gua, CPU lot di Windows nya 91% GPU lot nya 10% kurang lebih, dan di home server yang utamanya itu CPU lot 24% dan lain-lain kenapa 24% di home server, kenapa di Windows nya 90% karena seperti yang tadi di awal gua bilang, dari sini gua pecah lagi ke masing-masing virtual machine yang gua punya spesifikasinya, jadi dia running segitu dan semua sudah turun oke beris, kita bakal coba cek langsung hasilnya di sini nggak ngelak ya guys, ini gua udah coba berkali-kali render dan harusnya si aman-aman wow, sound nya aman juga, ke detek semuanya, aman bakar nancar kayaknya nggak ada masalah aja gitu, normal ya, that's good lah seperti biasa harus refresh-referes kalau di Windows biar lebih sahdu",4,"windows macbook, ceritanya tuh bang selancar windows running virtual machine jalan home server spesifikasi cpu nya core, memori nya gb, storage nya salah keuntungannya ngasih spesifikasi windows nya terserah contoh sini, cpu nya taro core aja virtual processor core gpu nya kelot xt, memori nya taro dibebankan ya, dilempar virtual machine windows nya oke coba export aja videonya, lihat performanya estimasi berjalan menit kelar videonya running rdp macbook macbook maksud saya, cpu lot windows nya gpu lot nya lebih, home server utamanya cpu lot lainlain home server, windows nya bilang, pecah masingmasing virtual machine spesifikasinya, running segitu turun oke beris, coba cek langsung hasilnya ngelak guys, coba berkalikali render amanaman wow, sound nya aman juga, detek semuanya, aman bakar nancar kayaknya aja gitu, normal ya, thats good refreshreferes windows sahdu"
"kalau kalian sampai sekarang masih males-malesan, board out please banget tolong minimal kalian tuh ngelakuin squat ya buat nguatin otot kaki kalian atau kalau misalnya kalian lututnya bermasalah, kalian kelihatan berat badan atau udah lanjut usia, minimal reverse lungjus lah ini latihan ngaki juga tapi ramah buat orang-orang yang aku sebutin tadi kalau belum jasih bang sampe pegangan kursi gini pun juga udah oke banget kok please ya, karena apa? ya karena kaki kita tuh bener-bener kepake buat aktivitas dari hari kejalan tolong 4x4 atau kalian ngangkat barang atau apapun lah itu tuh semuanya pake kaki ya jadi please banget, pake kaki kalian sama perbanyak jalan kaki gini ya jangan males oke, share video ini ke temen-temen kalian yang pasti pada males walk out biar works on his leg atau her leg, their leg oke",6,"malesmalesan, board please banget tolong minimal tuh ngelakuin squat nguatin otot kaki lututnya bermasalah, berat badan usia, minimal reverse lungjus latihan ngaki ramah orangorang sebutin jasih bang sampe pegangan kursi gini oke banget please ya, apa? kaki tuh benerbener kepake aktivitas kejalan tolong ngangkat barang apapun tuh pake kaki please banget, pake kaki perbanyak jalan kaki gini males oke, share video temanteman males walk works leg leg, leg oke"
"hanya dengan 70.000 rupiah, anda bisa berjalan 400 km lebih dengan mobil ini ini adalah JTUR X20i jadi JTUR X20i ini adalah elektrik-vehicle terbaru dari JTUR dia memiliki baterai 39,33 kWh yang artinya kalau tarj di rumah dengan asumsi 1 kWh itu 1800 rupiah hanya butuh 70.000 rupiah lebih sedikit range-nya sangat jauh mencapai 405 km mobil ini ukurannya compact tapi dia punya 5 pintu dan kita akses ke belakangnya gampang dalamnya lega lihat ini, legroomnya dan headroomnya mobil ini juga bisa dicasar di si sampai 67 kWh yang membuat pake charan 30-80% selesai dalam 30 menit saja karena ini digias jadi ada unit test drive-nya tadi saya sudah sempat test drive dengan mobil ini koneknya 40 kWh cukup memadai untuk mobil ini tradut putarnya kecil, stirnya ringan, bandingannya lumayan halus untuk kelasnya dan penyaluran dayanya juga khas mobil istrik, koneknya kuat tapi tanpa getaran oh ya, dan tadi saya seru-seruan di JTUR ini bersama tim saya menghadapi sejumlah challenge seru banget deh, nah itu bisa anda tonton di YouTube channel JTUR Motor Indonesia",2,"rupiah, berjalan mobil jtur jtur elektrikvehicle terbaru jtur memiliki baterai kwh tarj rumah asumsi kwh rupiah butuh rupiah rangenya mencapai mobil ukurannya compact pintu akses belakangnya gampang dalamnya lega lihat ini, legroomnya headroomnya mobil dicasar kwh pake charan selesai menit digias unit test drivenya test drive mobil koneknya kwh memadai mobil tradut putarnya kecil, stirnya ringan, bandingannya lumayan halus kelasnya penyaluran dayanya khas mobil istrik, koneknya kuat getaran ya, seruseruan jtur tim menghadapi challenge seru banget deh, tonton youtube channel jtur motor indonesia"
"Hai, di video kali ini aku mau jawab pertanya yang paling sering bergantian ke aku Aku pernah ga sih dapet pasin ikan konsumsi kayak ikan mas atau ikan nila Jawabannya belum pernah ya, sebenarnya secara anontoni akan sama Yang berbeda adalah cara pemburian obat karena ga mungkin di sundek satu persatu Untuk ikan beri daya aku biasanya banyak sharing sama temen-temen komunitas di event Indonesia Eventnya selalu remek sehingga tahun karena memang disini ajang bagi para pemburi daya untuk sharing knowledge mereka Yang tahun ini eventnya agak sedikit berbeda karena diaadakan langsung oleh kementerian kautan dan perikanan Ga hanya ketemu dengan komunitas para pemburi daya, disana akan banyak sekali vendor yang menyajikan produk dan jasa yang cukup reliable Yang bisa kamu pakai untuk usaha buri daya kamu Dimulai dari pakan buri daya, obat-obatan, dan banyak sekri teknologi-teknologi baru lainnya Kebetulan acara IndoVisional ini selalu bertepatan dengan acara IndoLifeStalk setiap tahunnya Dan tahun ini acaranya diaadakan dari tanggal 7-10 dan kejujuan Juli di JCC Senayan Siapa mau datang jangan lupa daftar dulu dan pakai baju resmi ya, aku bakal ada disana tanggal 17-11 ada yang mau barengan Terima kasih sudah menonton!",6,"hai, video kali pertanya bergantian sih dapet pasin ikan konsumsi kayak ikan mas ikan nila jawabannya ya, anontoni berbeda pemburian obat sundek persatu ikan daya sharing temanteman komunitas event indonesia eventnya remek ajang pemburi daya sharing knowledge eventnya berbeda diaadakan langsung kementerian kautan perikanan ketemu komunitas pemburi daya, disana vendor menyajikan produk jasa reliable pakai usaha buri daya pakan buri daya, obatobatan, sekri teknologiteknologi acara indovisional bertepatan acara indolifestalk tahunnya acaranya diaadakan tanggal kejujuan juli jcc senayan lupa daftar pakai baju resmi ya, disana tanggal barengan terima kasih menonton!"
"Asli nya nih ya, kalian ngelakuin squad sambil pegang karet kayak gini 8-12 kali Terus lanjut sangkutin karetnya di kaki dan tarik karet badan kalian kayak gini 8-12 kali juga Dan lanjut pasang karet di depan badan kalian gini dan lakuin push up 8-12 kali juga Dan terakhir dudukin karetnya gini dan dorong ke atas buat latihan atau bahu kalian 8-12 kali juga Itu tuh udah termasuk full body workout versi pemula banget, cukup dengan 1 karet aja Bitu ya kalau mau karetnya nih komen aja mau atau karet atau apapun nanti aku krimin linknya ke dem kalian Ini cocok banget buat kalian yang baru mampu atau sempet workout 1-3 kali seminggu ruangan buat workout yang gak terlalu besar Misalnya di kamar kalian atau kamar kos Nah nanti kalau udah bisa ngelakuin gerek-gerekan tadi dengan lancar bisa upgrade workoutnya Misalkan dengan pake karet ini buat bantu latihan pull up dips atau jadi beban buat latihan push up dan lain-lain Karena sejati yang fungsi utama karet ini yang paling penting tuh adalah buat bantu pull up dan dips kalian Sama buat stretching-stretching kayak gini nih Gimana tentarnya gak buat nyobain workout ini? Kalau ya coba komen di bawah ya Share video ini ke temen-temen kalian yang pada punya karet kayak gini biar bisa pake buat workout di rumah Setelah semangat workoutnya dan stay hard",7,"asli nya nih ya, ngelakuin squad pegang karet kayak gini kali sangkutin karetnya kaki tarik karet badan kayak gini kali pasang karet badan gini lakuin push kali dudukin karetnya gini dorong latihan bahu kali tuh full body workout versi pemula banget, karet aja bitu karetnya nih komen aja karet apapun krimin linknya dem cocok banget sempet workout kali seminggu ruangan workout kamar kamar kos ngelakuin gerekgerekan lancar upgrade workoutnya pake karet bantu latihan pull dips beban latihan push lainlain sejati fungsi utama karet tuh bantu pull dips stretchingstretching kayak gini nih gimana tentarnya nyobain workout ini? coba komen share video temanteman karet kayak gini pake workout rumah semangat workoutnya stay hard"
